"Entity DCID","Entity properties isoCode","Entity properties name","Variable DCID","Variable observation date","Variable observation metadata importName","Variable observation metadata provenanceUrl","Variable observation metadata scalingFactor","Variable observation metadata unit","Variable observation metadata unitDisplayName","Variable observation value","Variable properties name"
"geoId/72005","","Aguadilla Municipio","DifferenceRelativeToBaseDate2006_Max_Temperature_RCP85","2007-01","NASA_NEXGDDP_Subnational_AggrDiffStats","https://www.nccs.nasa.gov/services/data-collections/land-based-products/nex-gddp","","Celsius","C",0.769836000000002,"Difference in Maximum Temperature Relative to the Base Date 2006 for RCP 8.5 Scenario"
"geoId/72005","","Aguadilla Municipio","DifferenceRelativeToBaseDate2006_Max_Temperature_RCP85","2007-02","NASA_NEXGDDP_Subnational_AggrDiffStats","https://www.nccs.nasa.gov/services/data-collections/land-based-products/nex-gddp","","Celsius","C",1.287689,"Difference in Maximum Temperature Relative to the Base Date 2006 for RCP 8.5 Scenario"
"geoId/72005","","Aguadilla Municipio","DifferenceRelativeToBaseDate2006_Max_Temperature_RCP85","2007-03","NASA_NEXGDDP_Subnational_AggrDiffStats","https://www.nccs.nasa.gov/services/data-collections/land-based-products/nex-gddp","","Celsius","C",0.934936,"Difference in Maximum Temperature Relative to the Base Date 2006 for RCP 8.5 Scenario"
"geoId/72005","","Aguadilla Municipio","DifferenceRelativeToBaseDate2006_Max_Temperature_RCP85","2007-04","NASA_NEXGDDP_Subnational_AggrDiffStats","https://www.nccs.nasa.gov/services/data-collections/land-based-products/nex-gddp","","Celsius","C",-0.165038999999997,"Difference in Maximum Temperature Relative to the Base Date 2006 for RCP 8.5 Scenario"
"geoId/72005","","Aguadilla Municipio","DifferenceRelativeToBaseDate2006_Max_Temperature_RCP85","2007-05","NASA_NEXGDDP_Subnational_AggrDiffStats","https://www.nccs.nasa.gov/services/data-collections/land-based-products/nex-gddp","","Celsius","C",-1.264189,"Difference in Maximum Temperature Relative to the Base Date 2006 for RCP 8.5 Scenario"
"geoId/72005","","Aguadilla Municipio","DifferenceRelativeToBaseDate2006_Max_Temperature_RCP85","2007-06","NASA_NEXGDDP_Subnational_AggrDiffStats","https://www.nccs.nasa.gov/services/data-collections/land-based-products/nex-gddp","","Celsius","C",-1.084715,"Difference in Maximum Temperature Relative to the Base Date 2006 for RCP 8.5 Scenario"
"geoId/72005","","Aguadilla Municipio","DifferenceRelativeToBaseDate2006_Max_Temperature_RCP85","2007-07","NASA_NEXGDDP_Subnational_AggrDiffStats","https://www.nccs.nasa.gov/services/data-collections/land-based-products/nex-gddp","","Celsius","C",-1.726774,"Difference in Maximum Temperature Relative to the Base Date 2006 for RCP 8.5 Scenario"
"geoId/72005","","Aguadilla Municipio","DifferenceRelativeToBaseDate2006_Max_Temperature_RCP85","2007-08","NASA_NEXGDDP_Subnational_AggrDiffStats","https://www.nccs.nasa.gov/services/data-collections/land-based-products/nex-gddp","","Celsius","C",0.000579999999999359,"Difference in Maximum Temperature Relative to the Base Date 2006 for RCP 8.5 Scenario"
"geoId/72005","","Aguadilla Municipio","DifferenceRelativeToBaseDate2006_Max_Temperature_RCP85","2007-09","NASA_NEXGDDP_Subnational_AggrDiffStats","https://www.nccs.nasa.gov/services/data-collections/land-based-products/nex-gddp","","Celsius","C",-0.0273749999999993,"Difference in Maximum Temperature Relative to the Base Date 2006 for RCP 8.5 Scenario"
"geoId/72005","","Aguadilla Municipio","DifferenceRelativeToBaseDate2006_Max_Temperature_RCP85","2007-10","NASA_NEXGDDP_Subnational_AggrDiffStats","https://www.nccs.nasa.gov/services/data-collections/land-based-products/nex-gddp","","Celsius","C",2.678009,"Difference in Maximum Temperature Relative to the Base Date 2006 for RCP 8.5 Scenario"
"geoId/72005","","Aguadilla Municipio","DifferenceRelativeToBaseDate2006_Max_Temperature_RCP85","2007-11","NASA_NEXGDDP_Subnational_AggrDiffStats","https://www.nccs.nasa.gov/services/data-collections/land-based-products/nex-gddp","","Celsius","C",0.462280999999997,"Difference in Maximum Temperature Relative to the Base Date 2006 for RCP 8.5 Scenario"
"geoId/72005","","Aguadilla Municipio","DifferenceRelativeToBaseDate2006_Max_Temperature_RCP85","2007-12","NASA_NEXGDDP_Subnational_AggrDiffStats","https://www.nccs.nasa.gov/services/data-collections/land-based-products/nex-gddp","","Celsius","C",-0.485352000000002,"Difference in Maximum Temperature Relative to the Base Date 2006 for RCP 8.5 Scenario"
"geoId/72005","","Aguadilla Municipio","DifferenceRelativeToBaseDate2006_Max_Temperature_RCP85","2008-01","NASA_NEXGDDP_Subnational_AggrDiffStats","https://www.nccs.nasa.gov/services/data-collections/land-based-products/nex-gddp","","Celsius","C",0.92334,"Difference in Maximum Temperature Relative to the Base Date 2006 for RCP 8.5 Scenario"
"geoId/72005","","Aguadilla Municipio","DifferenceRelativeToBaseDate2006_Max_Temperature_RCP85","2008-02","NASA_NEXGDDP_Subnational_AggrDiffStats","https://www.nccs.nasa.gov/services/data-collections/land-based-products/nex-gddp","","Celsius","C",1.418488,"Difference in Maximum Temperature Relative to the Base Date 2006 for RCP 8.5 Scenario"
"geoId/72005","","Aguadilla Municipio","DifferenceRelativeToBaseDate2006_Max_Temperature_RCP85","2008-03","NASA_NEXGDDP_Subnational_AggrDiffStats","https://www.nccs.nasa.gov/services/data-collections/land-based-products/nex-gddp","","Celsius","C",1.413633,"Difference in Maximum Temperature Relative to the Base Date 2006 for RCP 8.5 Scenario"
"geoId/72005","","Aguadilla Municipio","DifferenceRelativeToBaseDate2006_Max_Temperature_RCP85","2008-04","NASA_NEXGDDP_Subnational_AggrDiffStats","https://www.nccs.nasa.gov/services/data-collections/land-based-products/nex-gddp","","Celsius","C",1.781615,"Difference in Maximum Temperature Relative to the Base Date 2006 for RCP 8.5 Scenario"
"geoId/72005","","Aguadilla Municipio","DifferenceRelativeToBaseDate2006_Max_Temperature_RCP85","2008-05","NASA_NEXGDDP_Subnational_AggrDiffStats","https://www.nccs.nasa.gov/services/data-collections/land-based-products/nex-gddp","","Celsius","C",0.319335000000002,"Difference in Maximum Temperature Relative to the Base Date 2006 for RCP 8.5 Scenario"
"geoId/72005","","Aguadilla Municipio","DifferenceRelativeToBaseDate2006_Max_Temperature_RCP85","2008-06","NASA_NEXGDDP_Subnational_AggrDiffStats","https://www.nccs.nasa.gov/services/data-collections/land-based-products/nex-gddp","","Celsius","C",-0.302977999999996,"Difference in Maximum Temperature Relative to the Base Date 2006 for RCP 8.5 Scenario"
"geoId/72005","","Aguadilla Municipio","DifferenceRelativeToBaseDate2006_Max_Temperature_RCP85","2008-07","NASA_NEXGDDP_Subnational_AggrDiffStats","https://www.nccs.nasa.gov/services/data-collections/land-based-products/nex-gddp","","Celsius","C",-1.02990699999999,"Difference in Maximum Temperature Relative to the Base Date 2006 for RCP 8.5 Scenario"
"geoId/72005","","Aguadilla Municipio","DifferenceRelativeToBaseDate2006_Max_Temperature_RCP85","2008-08","NASA_NEXGDDP_Subnational_AggrDiffStats","https://www.nccs.nasa.gov/services/data-collections/land-based-products/nex-gddp","","Celsius","C",0.230774000000004,"Difference in Maximum Temperature Relative to the Base Date 2006 for RCP 8.5 Scenario"
"geoId/72005","","Aguadilla Municipio","DifferenceRelativeToBaseDate2006_Max_Temperature_RCP85","2008-09","NASA_NEXGDDP_Subnational_AggrDiffStats","https://www.nccs.nasa.gov/services/data-collections/land-based-products/nex-gddp","","Celsius","C",0.686187000000004,"Difference in Maximum Temperature Relative to the Base Date 2006 for RCP 8.5 Scenario"
"geoId/72005","","Aguadilla Municipio","DifferenceRelativeToBaseDate2006_Max_Temperature_RCP85","2008-10","NASA_NEXGDDP_Subnational_AggrDiffStats","https://www.nccs.nasa.gov/services/data-collections/land-based-products/nex-gddp","","Celsius","C",1.474304,"Difference in Maximum Temperature Relative to the Base Date 2006 for RCP 8.5 Scenario"
"geoId/72005","","Aguadilla Municipio","DifferenceRelativeToBaseDate2006_Max_Temperature_RCP85","2008-11","NASA_NEXGDDP_Subnational_AggrDiffStats","https://www.nccs.nasa.gov/services/data-collections/land-based-products/nex-gddp","","Celsius","C",0.496582,"Difference in Maximum Temperature Relative to the Base Date 2006 for RCP 8.5 Scenario"
"geoId/72005","","Aguadilla Municipio","DifferenceRelativeToBaseDate2006_Max_Temperature_RCP85","2008-12","NASA_NEXGDDP_Subnational_AggrDiffStats","https://www.nccs.nasa.gov/services/data-collections/land-based-products/nex-gddp","","Celsius","C",-0.073120000000003,"Difference in Maximum Temperature Relative to the Base Date 2006 for RCP 8.5 Scenario"
"geoId/72005","","Aguadilla Municipio","DifferenceRelativeToBaseDate2006_Max_Temperature_RCP85","2009-01","NASA_NEXGDDP_Subnational_AggrDiffStats","https://www.nccs.nasa.gov/services/data-collections/land-based-products/nex-gddp","","Celsius","C",-0.00198400000000021,"Difference in Maximum Temperature Relative to the Base Date 2006 for RCP 8.5 Scenario"
"geoId/72005","","Aguadilla Municipio","DifferenceRelativeToBaseDate2006_Max_Temperature_RCP85","2009-02","NASA_NEXGDDP_Subnational_AggrDiffStats","https://www.nccs.nasa.gov/services/data-collections/land-based-products/nex-gddp","","Celsius","C",1.196777,"Difference in Maximum Temperature Relative to the Base Date 2006 for RCP 8.5 Scenario"
"geoId/72005","","Aguadilla Municipio","DifferenceRelativeToBaseDate2006_Max_Temperature_RCP85","2009-03","NASA_NEXGDDP_Subnational_AggrDiffStats","https://www.nccs.nasa.gov/services/data-collections/land-based-products/nex-gddp","","Celsius","C",1.324369,"Difference in Maximum Temperature Relative to the Base Date 2006 for RCP 8.5 Scenario"
"geoId/72005","","Aguadilla Municipio","DifferenceRelativeToBaseDate2006_Max_Temperature_RCP85","2009-04","NASA_NEXGDDP_Subnational_AggrDiffStats","https://www.nccs.nasa.gov/services/data-collections/land-based-products/nex-gddp","","Celsius","C",1.448515,"Difference in Maximum Temperature Relative to the Base Date 2006 for RCP 8.5 Scenario"
"geoId/72005","","Aguadilla Municipio","DifferenceRelativeToBaseDate2006_Max_Temperature_RCP85","2009-05","NASA_NEXGDDP_Subnational_AggrDiffStats","https://www.nccs.nasa.gov/services/data-collections/land-based-products/nex-gddp","","Celsius","C",0.886412999999997,"Difference in Maximum Temperature Relative to the Base Date 2006 for RCP 8.5 Scenario"
"geoId/72005","","Aguadilla Municipio","DifferenceRelativeToBaseDate2006_Max_Temperature_RCP85","2009-06","NASA_NEXGDDP_Subnational_AggrDiffStats","https://www.nccs.nasa.gov/services/data-collections/land-based-products/nex-gddp","","Celsius","C",1.962982,"Difference in Maximum Temperature Relative to the Base Date 2006 for RCP 8.5 Scenario"
"geoId/72005","","Aguadilla Municipio","DifferenceRelativeToBaseDate2006_Max_Temperature_RCP85","2009-07","NASA_NEXGDDP_Subnational_AggrDiffStats","https://www.nccs.nasa.gov/services/data-collections/land-based-products/nex-gddp","","Celsius","C",-0.467345999999999,"Difference in Maximum Temperature Relative to the Base Date 2006 for RCP 8.5 Scenario"
"geoId/72005","","Aguadilla Municipio","DifferenceRelativeToBaseDate2006_Max_Temperature_RCP85","2009-08","NASA_NEXGDDP_Subnational_AggrDiffStats","https://www.nccs.nasa.gov/services/data-collections/land-based-products/nex-gddp","","Celsius","C",0.0788879999999992,"Difference in Maximum Temperature Relative to the Base Date 2006 for RCP 8.5 Scenario"
"geoId/72005","","Aguadilla Municipio","DifferenceRelativeToBaseDate2006_Max_Temperature_RCP85","2009-09","NASA_NEXGDDP_Subnational_AggrDiffStats","https://www.nccs.nasa.gov/services/data-collections/land-based-products/nex-gddp","","Celsius","C",0.178619000000005,"Difference in Maximum Temperature Relative to the Base Date 2006 for RCP 8.5 Scenario"
"geoId/72005","","Aguadilla Municipio","DifferenceRelativeToBaseDate2006_Max_Temperature_RCP85","2009-10","NASA_NEXGDDP_Subnational_AggrDiffStats","https://www.nccs.nasa.gov/services/data-collections/land-based-products/nex-gddp","","Celsius","C",-0.728514000000001,"Difference in Maximum Temperature Relative to the Base Date 2006 for RCP 8.5 Scenario"
"geoId/72005","","Aguadilla Municipio","DifferenceRelativeToBaseDate2006_Max_Temperature_RCP85","2009-11","NASA_NEXGDDP_Subnational_AggrDiffStats","https://www.nccs.nasa.gov/services/data-collections/land-based-products/nex-gddp","","Celsius","C",-0.458557000000003,"Difference in Maximum Temperature Relative to the Base Date 2006 for RCP 8.5 Scenario"
"geoId/72005","","Aguadilla Municipio","DifferenceRelativeToBaseDate2006_Max_Temperature_RCP85","2009-12","NASA_NEXGDDP_Subnational_AggrDiffStats","https://www.nccs.nasa.gov/services/data-collections/land-based-products/nex-gddp","","Celsius","C",-1.286164,"Difference in Maximum Temperature Relative to the Base Date 2006 for RCP 8.5 Scenario"
"geoId/72005","","Aguadilla Municipio","DifferenceRelativeToBaseDate2006_Max_Temperature_RCP85","2010-01","NASA_NEXGDDP_Subnational_AggrDiffStats","https://www.nccs.nasa.gov/services/data-collections/land-based-products/nex-gddp","","Celsius","C",-0.319977000000002,"Difference in Maximum Temperature Relative to the Base Date 2006 for RCP 8.5 Scenario"
"geoId/72005","","Aguadilla Municipio","DifferenceRelativeToBaseDate2006_Max_Temperature_RCP85","2010-02","NASA_NEXGDDP_Subnational_AggrDiffStats","https://www.nccs.nasa.gov/services/data-collections/land-based-products/nex-gddp","","Celsius","C",0.242798000000001,"Difference in Maximum Temperature Relative to the Base Date 2006 for RCP 8.5 Scenario"
"geoId/72005","","Aguadilla Municipio","DifferenceRelativeToBaseDate2006_Max_Temperature_RCP85","2010-03","NASA_NEXGDDP_Subnational_AggrDiffStats","https://www.nccs.nasa.gov/services/data-collections/land-based-products/nex-gddp","","Celsius","C",1.03903,"Difference in Maximum Temperature Relative to the Base Date 2006 for RCP 8.5 Scenario"
"geoId/72005","","Aguadilla Municipio","DifferenceRelativeToBaseDate2006_Max_Temperature_RCP85","2010-04","NASA_NEXGDDP_Subnational_AggrDiffStats","https://www.nccs.nasa.gov/services/data-collections/land-based-products/nex-gddp","","Celsius","C",0.657257000000001,"Difference in Maximum Temperature Relative to the Base Date 2006 for RCP 8.5 Scenario"
"geoId/72005","","Aguadilla Municipio","DifferenceRelativeToBaseDate2006_Max_Temperature_RCP85","2010-05","NASA_NEXGDDP_Subnational_AggrDiffStats","https://www.nccs.nasa.gov/services/data-collections/land-based-products/nex-gddp","","Celsius","C",1.33731,"Difference in Maximum Temperature Relative to the Base Date 2006 for RCP 8.5 Scenario"
"geoId/72005","","Aguadilla Municipio","DifferenceRelativeToBaseDate2006_Max_Temperature_RCP85","2010-06","NASA_NEXGDDP_Subnational_AggrDiffStats","https://www.nccs.nasa.gov/services/data-collections/land-based-products/nex-gddp","","Celsius","C",-0.169860999999997,"Difference in Maximum Temperature Relative to the Base Date 2006 for RCP 8.5 Scenario"
"geoId/72005","","Aguadilla Municipio","DifferenceRelativeToBaseDate2006_Max_Temperature_RCP85","2010-07","NASA_NEXGDDP_Subnational_AggrDiffStats","https://www.nccs.nasa.gov/services/data-collections/land-based-products/nex-gddp","","Celsius","C",-0.842589999999994,"Difference in Maximum Temperature Relative to the Base Date 2006 for RCP 8.5 Scenario"
"geoId/72005","","Aguadilla Municipio","DifferenceRelativeToBaseDate2006_Max_Temperature_RCP85","2010-08","NASA_NEXGDDP_Subnational_AggrDiffStats","https://www.nccs.nasa.gov/services/data-collections/land-based-products/nex-gddp","","Celsius","C",0.442931999999999,"Difference in Maximum Temperature Relative to the Base Date 2006 for RCP 8.5 Scenario"
"geoId/72005","","Aguadilla Municipio","DifferenceRelativeToBaseDate2006_Max_Temperature_RCP85","2010-09","NASA_NEXGDDP_Subnational_AggrDiffStats","https://www.nccs.nasa.gov/services/data-collections/land-based-products/nex-gddp","","Celsius","C",1.248474,"Difference in Maximum Temperature Relative to the Base Date 2006 for RCP 8.5 Scenario"
"geoId/72005","","Aguadilla Municipio","DifferenceRelativeToBaseDate2006_Max_Temperature_RCP85","2010-10","NASA_NEXGDDP_Subnational_AggrDiffStats","https://www.nccs.nasa.gov/services/data-collections/land-based-products/nex-gddp","","Celsius","C",1.190277,"Difference in Maximum Temperature Relative to the Base Date 2006 for RCP 8.5 Scenario"
"geoId/72005","","Aguadilla Municipio","DifferenceRelativeToBaseDate2006_Max_Temperature_RCP85","2010-11","NASA_NEXGDDP_Subnational_AggrDiffStats","https://www.nccs.nasa.gov/services/data-collections/land-based-products/nex-gddp","","Celsius","C",0.264191,"Difference in Maximum Temperature Relative to the Base Date 2006 for RCP 8.5 Scenario"
"geoId/72005","","Aguadilla Municipio","DifferenceRelativeToBaseDate2006_Max_Temperature_RCP85","2010-12","NASA_NEXGDDP_Subnational_AggrDiffStats","https://www.nccs.nasa.gov/services/data-collections/land-based-products/nex-gddp","","Celsius","C",-1.19339,"Difference in Maximum Temperature Relative to the Base Date 2006 for RCP 8.5 Scenario"
"geoId/72005","","Aguadilla Municipio","DifferenceRelativeToBaseDate2006_Max_Temperature_RCP85","2011-01","NASA_NEXGDDP_Subnational_AggrDiffStats","https://www.nccs.nasa.gov/services/data-collections/land-based-products/nex-gddp","","Celsius","C",-0.0497440000000005,"Difference in Maximum Temperature Relative to the Base Date 2006 for RCP 8.5 Scenario"
"geoId/72005","","Aguadilla Municipio","DifferenceRelativeToBaseDate2006_Max_Temperature_RCP85","2011-02","NASA_NEXGDDP_Subnational_AggrDiffStats","https://www.nccs.nasa.gov/services/data-collections/land-based-products/nex-gddp","","Celsius","C",2.766569,"Difference in Maximum Temperature Relative to the Base Date 2006 for RCP 8.5 Scenario"
"geoId/72005","","Aguadilla Municipio","DifferenceRelativeToBaseDate2006_Max_Temperature_RCP85","2011-03","NASA_NEXGDDP_Subnational_AggrDiffStats","https://www.nccs.nasa.gov/services/data-collections/land-based-products/nex-gddp","","Celsius","C",0.954070999999999,"Difference in Maximum Temperature Relative to the Base Date 2006 for RCP 8.5 Scenario"
"geoId/72005","","Aguadilla Municipio","DifferenceRelativeToBaseDate2006_Max_Temperature_RCP85","2011-04","NASA_NEXGDDP_Subnational_AggrDiffStats","https://www.nccs.nasa.gov/services/data-collections/land-based-products/nex-gddp","","Celsius","C",1.494078,"Difference in Maximum Temperature Relative to the Base Date 2006 for RCP 8.5 Scenario"
"geoId/72005","","Aguadilla Municipio","DifferenceRelativeToBaseDate2006_Max_Temperature_RCP85","2011-05","NASA_NEXGDDP_Subnational_AggrDiffStats","https://www.nccs.nasa.gov/services/data-collections/land-based-products/nex-gddp","","Celsius","C",0.981323000000003,"Difference in Maximum Temperature Relative to the Base Date 2006 for RCP 8.5 Scenario"
"geoId/72005","","Aguadilla Municipio","DifferenceRelativeToBaseDate2006_Max_Temperature_RCP85","2011-06","NASA_NEXGDDP_Subnational_AggrDiffStats","https://www.nccs.nasa.gov/services/data-collections/land-based-products/nex-gddp","","Celsius","C",-0.344176999999995,"Difference in Maximum Temperature Relative to the Base Date 2006 for RCP 8.5 Scenario"
"geoId/72005","","Aguadilla Municipio","DifferenceRelativeToBaseDate2006_Max_Temperature_RCP85","2011-07","NASA_NEXGDDP_Subnational_AggrDiffStats","https://www.nccs.nasa.gov/services/data-collections/land-based-products/nex-gddp","","Celsius","C",1.103669,"Difference in Maximum Temperature Relative to the Base Date 2006 for RCP 8.5 Scenario"
"geoId/72005","","Aguadilla Municipio","DifferenceRelativeToBaseDate2006_Max_Temperature_RCP85","2011-08","NASA_NEXGDDP_Subnational_AggrDiffStats","https://www.nccs.nasa.gov/services/data-collections/land-based-products/nex-gddp","","Celsius","C",1.841919,"Difference in Maximum Temperature Relative to the Base Date 2006 for RCP 8.5 Scenario"
"geoId/72005","","Aguadilla Municipio","DifferenceRelativeToBaseDate2006_Max_Temperature_RCP85","2011-09","NASA_NEXGDDP_Subnational_AggrDiffStats","https://www.nccs.nasa.gov/services/data-collections/land-based-products/nex-gddp","","Celsius","C",2.160309,"Difference in Maximum Temperature Relative to the Base Date 2006 for RCP 8.5 Scenario"
"geoId/72005","","Aguadilla Municipio","DifferenceRelativeToBaseDate2006_Max_Temperature_RCP85","2011-10","NASA_NEXGDDP_Subnational_AggrDiffStats","https://www.nccs.nasa.gov/services/data-collections/land-based-products/nex-gddp","","Celsius","C",-0.195649000000003,"Difference in Maximum Temperature Relative to the Base Date 2006 for RCP 8.5 Scenario"
"geoId/72005","","Aguadilla Municipio","DifferenceRelativeToBaseDate2006_Max_Temperature_RCP85","2011-11","NASA_NEXGDDP_Subnational_AggrDiffStats","https://www.nccs.nasa.gov/services/data-collections/land-based-products/nex-gddp","","Celsius","C",3.422087,"Difference in Maximum Temperature Relative to the Base Date 2006 for RCP 8.5 Scenario"
"geoId/72005","","Aguadilla Municipio","DifferenceRelativeToBaseDate2006_Max_Temperature_RCP85","2011-12","NASA_NEXGDDP_Subnational_AggrDiffStats","https://www.nccs.nasa.gov/services/data-collections/land-based-products/nex-gddp","","Celsius","C",-0.396942000000003,"Difference in Maximum Temperature Relative to the Base Date 2006 for RCP 8.5 Scenario"
"geoId/72005","","Aguadilla Municipio","DifferenceRelativeToBaseDate2006_Max_Temperature_RCP85","2012-01","NASA_NEXGDDP_Subnational_AggrDiffStats","https://www.nccs.nasa.gov/services/data-collections/land-based-products/nex-gddp","","Celsius","C",1.979065,"Difference in Maximum Temperature Relative to the Base Date 2006 for RCP 8.5 Scenario"
"geoId/72005","","Aguadilla Municipio","DifferenceRelativeToBaseDate2006_Max_Temperature_RCP85","2012-02","NASA_NEXGDDP_Subnational_AggrDiffStats","https://www.nccs.nasa.gov/services/data-collections/land-based-products/nex-gddp","","Celsius","C",2.795744,"Difference in Maximum Temperature Relative to the Base Date 2006 for RCP 8.5 Scenario"
"geoId/72005","","Aguadilla Municipio","DifferenceRelativeToBaseDate2006_Max_Temperature_RCP85","2012-03","NASA_NEXGDDP_Subnational_AggrDiffStats","https://www.nccs.nasa.gov/services/data-collections/land-based-products/nex-gddp","","Celsius","C",0.389923,"Difference in Maximum Temperature Relative to the Base Date 2006 for RCP 8.5 Scenario"
"geoId/72005","","Aguadilla Municipio","DifferenceRelativeToBaseDate2006_Max_Temperature_RCP85","2012-04","NASA_NEXGDDP_Subnational_AggrDiffStats","https://www.nccs.nasa.gov/services/data-collections/land-based-products/nex-gddp","","Celsius","C",4.071989,"Difference in Maximum Temperature Relative to the Base Date 2006 for RCP 8.5 Scenario"
"geoId/72005","","Aguadilla Municipio","DifferenceRelativeToBaseDate2006_Max_Temperature_RCP85","2012-05","NASA_NEXGDDP_Subnational_AggrDiffStats","https://www.nccs.nasa.gov/services/data-collections/land-based-products/nex-gddp","","Celsius","C",2.328857,"Difference in Maximum Temperature Relative to the Base Date 2006 for RCP 8.5 Scenario"
"geoId/72005","","Aguadilla Municipio","DifferenceRelativeToBaseDate2006_Max_Temperature_RCP85","2012-06","NASA_NEXGDDP_Subnational_AggrDiffStats","https://www.nccs.nasa.gov/services/data-collections/land-based-products/nex-gddp","","Celsius","C",0.187134,"Difference in Maximum Temperature Relative to the Base Date 2006 for RCP 8.5 Scenario"
"geoId/72005","","Aguadilla Municipio","DifferenceRelativeToBaseDate2006_Max_Temperature_RCP85","2012-07","NASA_NEXGDDP_Subnational_AggrDiffStats","https://www.nccs.nasa.gov/services/data-collections/land-based-products/nex-gddp","","Celsius","C",-0.0708309999999983,"Difference in Maximum Temperature Relative to the Base Date 2006 for RCP 8.5 Scenario"
"geoId/72005","","Aguadilla Municipio","DifferenceRelativeToBaseDate2006_Max_Temperature_RCP85","2012-08","NASA_NEXGDDP_Subnational_AggrDiffStats","https://www.nccs.nasa.gov/services/data-collections/land-based-products/nex-gddp","","Celsius","C",0.449890000000003,"Difference in Maximum Temperature Relative to the Base Date 2006 for RCP 8.5 Scenario"
"geoId/72005","","Aguadilla Municipio","DifferenceRelativeToBaseDate2006_Max_Temperature_RCP85","2012-09","NASA_NEXGDDP_Subnational_AggrDiffStats","https://www.nccs.nasa.gov/services/data-collections/land-based-products/nex-gddp","","Celsius","C",0.125945999999999,"Difference in Maximum Temperature Relative to the Base Date 2006 for RCP 8.5 Scenario"
"geoId/72005","","Aguadilla Municipio","DifferenceRelativeToBaseDate2006_Max_Temperature_RCP85","2012-10","NASA_NEXGDDP_Subnational_AggrDiffStats","https://www.nccs.nasa.gov/services/data-collections/land-based-products/nex-gddp","","Celsius","C",1.820861,"Difference in Maximum Temperature Relative to the Base Date 2006 for RCP 8.5 Scenario"
"geoId/72005","","Aguadilla Municipio","DifferenceRelativeToBaseDate2006_Max_Temperature_RCP85","2012-11","NASA_NEXGDDP_Subnational_AggrDiffStats","https://www.nccs.nasa.gov/services/data-collections/land-based-products/nex-gddp","","Celsius","C",2.212553,"Difference in Maximum Temperature Relative to the Base Date 2006 for RCP 8.5 Scenario"
"geoId/72005","","Aguadilla Municipio","DifferenceRelativeToBaseDate2006_Max_Temperature_RCP85","2012-12","NASA_NEXGDDP_Subnational_AggrDiffStats","https://www.nccs.nasa.gov/services/data-collections/land-based-products/nex-gddp","","Celsius","C",1.219083,"Difference in Maximum Temperature Relative to the Base Date 2006 for RCP 8.5 Scenario"
"geoId/72005","","Aguadilla Municipio","DifferenceRelativeToBaseDate2006_Max_Temperature_RCP85","2013-01","NASA_NEXGDDP_Subnational_AggrDiffStats","https://www.nccs.nasa.gov/services/data-collections/land-based-products/nex-gddp","","Celsius","C",1.927582,"Difference in Maximum Temperature Relative to the Base Date 2006 for RCP 8.5 Scenario"
"geoId/72005","","Aguadilla Municipio","DifferenceRelativeToBaseDate2006_Max_Temperature_RCP85","2013-02","NASA_NEXGDDP_Subnational_AggrDiffStats","https://www.nccs.nasa.gov/services/data-collections/land-based-products/nex-gddp","","Celsius","C",2.334898,"Difference in Maximum Temperature Relative to the Base Date 2006 for RCP 8.5 Scenario"
"geoId/72005","","Aguadilla Municipio","DifferenceRelativeToBaseDate2006_Max_Temperature_RCP85","2013-03","NASA_NEXGDDP_Subnational_AggrDiffStats","https://www.nccs.nasa.gov/services/data-collections/land-based-products/nex-gddp","","Celsius","C",1.456663,"Difference in Maximum Temperature Relative to the Base Date 2006 for RCP 8.5 Scenario"
"geoId/72005","","Aguadilla Municipio","DifferenceRelativeToBaseDate2006_Max_Temperature_RCP85","2013-04","NASA_NEXGDDP_Subnational_AggrDiffStats","https://www.nccs.nasa.gov/services/data-collections/land-based-products/nex-gddp","","Celsius","C",1.149475,"Difference in Maximum Temperature Relative to the Base Date 2006 for RCP 8.5 Scenario"
"geoId/72005","","Aguadilla Municipio","DifferenceRelativeToBaseDate2006_Max_Temperature_RCP85","2013-05","NASA_NEXGDDP_Subnational_AggrDiffStats","https://www.nccs.nasa.gov/services/data-collections/land-based-products/nex-gddp","","Celsius","C",0.205078,"Difference in Maximum Temperature Relative to the Base Date 2006 for RCP 8.5 Scenario"
"geoId/72005","","Aguadilla Municipio","DifferenceRelativeToBaseDate2006_Max_Temperature_RCP85","2013-06","NASA_NEXGDDP_Subnational_AggrDiffStats","https://www.nccs.nasa.gov/services/data-collections/land-based-products/nex-gddp","","Celsius","C",-1.354124,"Difference in Maximum Temperature Relative to the Base Date 2006 for RCP 8.5 Scenario"
"geoId/72005","","Aguadilla Municipio","DifferenceRelativeToBaseDate2006_Max_Temperature_RCP85","2013-07","NASA_NEXGDDP_Subnational_AggrDiffStats","https://www.nccs.nasa.gov/services/data-collections/land-based-products/nex-gddp","","Celsius","C",-1.026214,"Difference in Maximum Temperature Relative to the Base Date 2006 for RCP 8.5 Scenario"
"geoId/72005","","Aguadilla Municipio","DifferenceRelativeToBaseDate2006_Max_Temperature_RCP85","2013-08","NASA_NEXGDDP_Subnational_AggrDiffStats","https://www.nccs.nasa.gov/services/data-collections/land-based-products/nex-gddp","","Celsius","C",0.034790000000001,"Difference in Maximum Temperature Relative to the Base Date 2006 for RCP 8.5 Scenario"
"geoId/72005","","Aguadilla Municipio","DifferenceRelativeToBaseDate2006_Max_Temperature_RCP85","2013-09","NASA_NEXGDDP_Subnational_AggrDiffStats","https://www.nccs.nasa.gov/services/data-collections/land-based-products/nex-gddp","","Celsius","C",0.507141000000004,"Difference in Maximum Temperature Relative to the Base Date 2006 for RCP 8.5 Scenario"
"geoId/72005","","Aguadilla Municipio","DifferenceRelativeToBaseDate2006_Max_Temperature_RCP85","2013-10","NASA_NEXGDDP_Subnational_AggrDiffStats","https://www.nccs.nasa.gov/services/data-collections/land-based-products/nex-gddp","","Celsius","C",0.550230999999997,"Difference in Maximum Temperature Relative to the Base Date 2006 for RCP 8.5 Scenario"
"geoId/72005","","Aguadilla Municipio","DifferenceRelativeToBaseDate2006_Max_Temperature_RCP85","2013-11","NASA_NEXGDDP_Subnational_AggrDiffStats","https://www.nccs.nasa.gov/services/data-collections/land-based-products/nex-gddp","","Celsius","C",1.370604,"Difference in Maximum Temperature Relative to the Base Date 2006 for RCP 8.5 Scenario"
"geoId/72005","","Aguadilla Municipio","DifferenceRelativeToBaseDate2006_Max_Temperature_RCP85","2013-12","NASA_NEXGDDP_Subnational_AggrDiffStats","https://www.nccs.nasa.gov/services/data-collections/land-based-products/nex-gddp","","Celsius","C",-0.600342000000001,"Difference in Maximum Temperature Relative to the Base Date 2006 for RCP 8.5 Scenario"
"geoId/72005","","Aguadilla Municipio","DifferenceRelativeToBaseDate2006_Max_Temperature_RCP85","2014-01","NASA_NEXGDDP_Subnational_AggrDiffStats","https://www.nccs.nasa.gov/services/data-collections/land-based-products/nex-gddp","","Celsius","C",0.625579999999999,"Difference in Maximum Temperature Relative to the Base Date 2006 for RCP 8.5 Scenario"
"geoId/72005","","Aguadilla Municipio","DifferenceRelativeToBaseDate2006_Max_Temperature_RCP85","2014-02","NASA_NEXGDDP_Subnational_AggrDiffStats","https://www.nccs.nasa.gov/services/data-collections/land-based-products/nex-gddp","","Celsius","C",2.438261,"Difference in Maximum Temperature Relative to the Base Date 2006 for RCP 8.5 Scenario"
"geoId/72005","","Aguadilla Municipio","DifferenceRelativeToBaseDate2006_Max_Temperature_RCP85","2014-03","NASA_NEXGDDP_Subnational_AggrDiffStats","https://www.nccs.nasa.gov/services/data-collections/land-based-products/nex-gddp","","Celsius","C",-0.276947,"Difference in Maximum Temperature Relative to the Base Date 2006 for RCP 8.5 Scenario"
"geoId/72005","","Aguadilla Municipio","DifferenceRelativeToBaseDate2006_Max_Temperature_RCP85","2014-04","NASA_NEXGDDP_Subnational_AggrDiffStats","https://www.nccs.nasa.gov/services/data-collections/land-based-products/nex-gddp","","Celsius","C",2.586424,"Difference in Maximum Temperature Relative to the Base Date 2006 for RCP 8.5 Scenario"
"geoId/72005","","Aguadilla Municipio","DifferenceRelativeToBaseDate2006_Max_Temperature_RCP85","2014-05","NASA_NEXGDDP_Subnational_AggrDiffStats","https://www.nccs.nasa.gov/services/data-collections/land-based-products/nex-gddp","","Celsius","C",1.214386,"Difference in Maximum Temperature Relative to the Base Date 2006 for RCP 8.5 Scenario"
"geoId/72005","","Aguadilla Municipio","DifferenceRelativeToBaseDate2006_Max_Temperature_RCP85","2014-06","NASA_NEXGDDP_Subnational_AggrDiffStats","https://www.nccs.nasa.gov/services/data-collections/land-based-products/nex-gddp","","Celsius","C",-0.754272,"Difference in Maximum Temperature Relative to the Base Date 2006 for RCP 8.5 Scenario"
"geoId/72005","","Aguadilla Municipio","DifferenceRelativeToBaseDate2006_Max_Temperature_RCP85","2014-07","NASA_NEXGDDP_Subnational_AggrDiffStats","https://www.nccs.nasa.gov/services/data-collections/land-based-products/nex-gddp","","Celsius","C",-0.999907999999998,"Difference in Maximum Temperature Relative to the Base Date 2006 for RCP 8.5 Scenario"
"geoId/72005","","Aguadilla Municipio","DifferenceRelativeToBaseDate2006_Max_Temperature_RCP85","2014-08","NASA_NEXGDDP_Subnational_AggrDiffStats","https://www.nccs.nasa.gov/services/data-collections/land-based-products/nex-gddp","","Celsius","C",0.0737909999999999,"Difference in Maximum Temperature Relative to the Base Date 2006 for RCP 8.5 Scenario"
"geoId/72005","","Aguadilla Municipio","DifferenceRelativeToBaseDate2006_Max_Temperature_RCP85","2014-09","NASA_NEXGDDP_Subnational_AggrDiffStats","https://www.nccs.nasa.gov/services/data-collections/land-based-products/nex-gddp","","Celsius","C",0.203766000000002,"Difference in Maximum Temperature Relative to the Base Date 2006 for RCP 8.5 Scenario"
"geoId/72005","","Aguadilla Municipio","DifferenceRelativeToBaseDate2006_Max_Temperature_RCP85","2014-10","NASA_NEXGDDP_Subnational_AggrDiffStats","https://www.nccs.nasa.gov/services/data-collections/land-based-products/nex-gddp","","Celsius","C",0.515715999999998,"Difference in Maximum Temperature Relative to the Base Date 2006 for RCP 8.5 Scenario"
"geoId/72005","","Aguadilla Municipio","DifferenceRelativeToBaseDate2006_Max_Temperature_RCP85","2014-11","NASA_NEXGDDP_Subnational_AggrDiffStats","https://www.nccs.nasa.gov/services/data-collections/land-based-products/nex-gddp","","Celsius","C",1.560942,"Difference in Maximum Temperature Relative to the Base Date 2006 for RCP 8.5 Scenario"
"geoId/72005","","Aguadilla Municipio","DifferenceRelativeToBaseDate2006_Max_Temperature_RCP85","2014-12","NASA_NEXGDDP_Subnational_AggrDiffStats","https://www.nccs.nasa.gov/services/data-collections/land-based-products/nex-gddp","","Celsius","C",0.900265999999998,"Difference in Maximum Temperature Relative to the Base Date 2006 for RCP 8.5 Scenario"
"geoId/72005","","Aguadilla Municipio","DifferenceRelativeToBaseDate2006_Max_Temperature_RCP85","2015-01","NASA_NEXGDDP_Subnational_AggrDiffStats","https://www.nccs.nasa.gov/services/data-collections/land-based-products/nex-gddp","","Celsius","C",1.96875,"Difference in Maximum Temperature Relative to the Base Date 2006 for RCP 8.5 Scenario"
"geoId/72005","","Aguadilla Municipio","DifferenceRelativeToBaseDate2006_Max_Temperature_RCP85","2015-02","NASA_NEXGDDP_Subnational_AggrDiffStats","https://www.nccs.nasa.gov/services/data-collections/land-based-products/nex-gddp","","Celsius","C",2.376432,"Difference in Maximum Temperature Relative to the Base Date 2006 for RCP 8.5 Scenario"
"geoId/72005","","Aguadilla Municipio","DifferenceRelativeToBaseDate2006_Max_Temperature_RCP85","2015-03","NASA_NEXGDDP_Subnational_AggrDiffStats","https://www.nccs.nasa.gov/services/data-collections/land-based-products/nex-gddp","","Celsius","C",4.494993,"Difference in Maximum Temperature Relative to the Base Date 2006 for RCP 8.5 Scenario"
"geoId/72005","","Aguadilla Municipio","DifferenceRelativeToBaseDate2006_Max_Temperature_RCP85","2015-04","NASA_NEXGDDP_Subnational_AggrDiffStats","https://www.nccs.nasa.gov/services/data-collections/land-based-products/nex-gddp","","Celsius","C",1.258086,"Difference in Maximum Temperature Relative to the Base Date 2006 for RCP 8.5 Scenario"
"geoId/72005","","Aguadilla Municipio","DifferenceRelativeToBaseDate2006_Max_Temperature_RCP85","2015-05","NASA_NEXGDDP_Subnational_AggrDiffStats","https://www.nccs.nasa.gov/services/data-collections/land-based-products/nex-gddp","","Celsius","C",1.189819,"Difference in Maximum Temperature Relative to the Base Date 2006 for RCP 8.5 Scenario"
"geoId/72005","","Aguadilla Municipio","DifferenceRelativeToBaseDate2006_Max_Temperature_RCP85","2015-06","NASA_NEXGDDP_Subnational_AggrDiffStats","https://www.nccs.nasa.gov/services/data-collections/land-based-products/nex-gddp","","Celsius","C",0.16037,"Difference in Maximum Temperature Relative to the Base Date 2006 for RCP 8.5 Scenario"
"geoId/72005","","Aguadilla Municipio","DifferenceRelativeToBaseDate2006_Max_Temperature_RCP85","2015-07","NASA_NEXGDDP_Subnational_AggrDiffStats","https://www.nccs.nasa.gov/services/data-collections/land-based-products/nex-gddp","","Celsius","C",-0.730925999999997,"Difference in Maximum Temperature Relative to the Base Date 2006 for RCP 8.5 Scenario"
"geoId/72005","","Aguadilla Municipio","DifferenceRelativeToBaseDate2006_Max_Temperature_RCP85","2015-08","NASA_NEXGDDP_Subnational_AggrDiffStats","https://www.nccs.nasa.gov/services/data-collections/land-based-products/nex-gddp","","Celsius","C",0.480713000000002,"Difference in Maximum Temperature Relative to the Base Date 2006 for RCP 8.5 Scenario"
"geoId/72005","","Aguadilla Municipio","DifferenceRelativeToBaseDate2006_Max_Temperature_RCP85","2015-09","NASA_NEXGDDP_Subnational_AggrDiffStats","https://www.nccs.nasa.gov/services/data-collections/land-based-products/nex-gddp","","Celsius","C",0.550688999999998,"Difference in Maximum Temperature Relative to the Base Date 2006 for RCP 8.5 Scenario"
"geoId/72005","","Aguadilla Municipio","DifferenceRelativeToBaseDate2006_Max_Temperature_RCP85","2015-10","NASA_NEXGDDP_Subnational_AggrDiffStats","https://www.nccs.nasa.gov/services/data-collections/land-based-products/nex-gddp","","Celsius","C",1.932403,"Difference in Maximum Temperature Relative to the Base Date 2006 for RCP 8.5 Scenario"
"geoId/72005","","Aguadilla Municipio","DifferenceRelativeToBaseDate2006_Max_Temperature_RCP85","2015-11","NASA_NEXGDDP_Subnational_AggrDiffStats","https://www.nccs.nasa.gov/services/data-collections/land-based-products/nex-gddp","","Celsius","C",0.978422999999996,"Difference in Maximum Temperature Relative to the Base Date 2006 for RCP 8.5 Scenario"
"geoId/72005","","Aguadilla Municipio","DifferenceRelativeToBaseDate2006_Max_Temperature_RCP85","2015-12","NASA_NEXGDDP_Subnational_AggrDiffStats","https://www.nccs.nasa.gov/services/data-collections/land-based-products/nex-gddp","","Celsius","C",2.081907,"Difference in Maximum Temperature Relative to the Base Date 2006 for RCP 8.5 Scenario"
"geoId/72005","","Aguadilla Municipio","DifferenceRelativeToBaseDate2006_Max_Temperature_RCP85","2016-01","NASA_NEXGDDP_Subnational_AggrDiffStats","https://www.nccs.nasa.gov/services/data-collections/land-based-products/nex-gddp","","Celsius","C",1.467285,"Difference in Maximum Temperature Relative to the Base Date 2006 for RCP 8.5 Scenario"
"geoId/72005","","Aguadilla Municipio","DifferenceRelativeToBaseDate2006_Max_Temperature_RCP85","2016-02","NASA_NEXGDDP_Subnational_AggrDiffStats","https://www.nccs.nasa.gov/services/data-collections/land-based-products/nex-gddp","","Celsius","C",1.075653,"Difference in Maximum Temperature Relative to the Base Date 2006 for RCP 8.5 Scenario"
"geoId/72005","","Aguadilla Municipio","DifferenceRelativeToBaseDate2006_Max_Temperature_RCP85","2016-03","NASA_NEXGDDP_Subnational_AggrDiffStats","https://www.nccs.nasa.gov/services/data-collections/land-based-products/nex-gddp","","Celsius","C",1.399564,"Difference in Maximum Temperature Relative to the Base Date 2006 for RCP 8.5 Scenario"
"geoId/72005","","Aguadilla Municipio","DifferenceRelativeToBaseDate2006_Max_Temperature_RCP85","2016-04","NASA_NEXGDDP_Subnational_AggrDiffStats","https://www.nccs.nasa.gov/services/data-collections/land-based-products/nex-gddp","","Celsius","C",0.959809000000003,"Difference in Maximum Temperature Relative to the Base Date 2006 for RCP 8.5 Scenario"
"geoId/72005","","Aguadilla Municipio","DifferenceRelativeToBaseDate2006_Max_Temperature_RCP85","2016-05","NASA_NEXGDDP_Subnational_AggrDiffStats","https://www.nccs.nasa.gov/services/data-collections/land-based-products/nex-gddp","","Celsius","C",-0.205565,"Difference in Maximum Temperature Relative to the Base Date 2006 for RCP 8.5 Scenario"
"geoId/72005","","Aguadilla Municipio","DifferenceRelativeToBaseDate2006_Max_Temperature_RCP85","2016-06","NASA_NEXGDDP_Subnational_AggrDiffStats","https://www.nccs.nasa.gov/services/data-collections/land-based-products/nex-gddp","","Celsius","C",0.280335000000001,"Difference in Maximum Temperature Relative to the Base Date 2006 for RCP 8.5 Scenario"
"geoId/72005","","Aguadilla Municipio","DifferenceRelativeToBaseDate2006_Max_Temperature_RCP85","2016-07","NASA_NEXGDDP_Subnational_AggrDiffStats","https://www.nccs.nasa.gov/services/data-collections/land-based-products/nex-gddp","","Celsius","C",-0.359527,"Difference in Maximum Temperature Relative to the Base Date 2006 for RCP 8.5 Scenario"
"geoId/72005","","Aguadilla Municipio","DifferenceRelativeToBaseDate2006_Max_Temperature_RCP85","2016-08","NASA_NEXGDDP_Subnational_AggrDiffStats","https://www.nccs.nasa.gov/services/data-collections/land-based-products/nex-gddp","","Celsius","C",0.756897000000002,"Difference in Maximum Temperature Relative to the Base Date 2006 for RCP 8.5 Scenario"
"geoId/72005","","Aguadilla Municipio","DifferenceRelativeToBaseDate2006_Max_Temperature_RCP85","2016-09","NASA_NEXGDDP_Subnational_AggrDiffStats","https://www.nccs.nasa.gov/services/data-collections/land-based-products/nex-gddp","","Celsius","C",0.86206,"Difference in Maximum Temperature Relative to the Base Date 2006 for RCP 8.5 Scenario"
"geoId/72005","","Aguadilla Municipio","DifferenceRelativeToBaseDate2006_Max_Temperature_RCP85","2016-10","NASA_NEXGDDP_Subnational_AggrDiffStats","https://www.nccs.nasa.gov/services/data-collections/land-based-products/nex-gddp","","Celsius","C",0.605559999999997,"Difference in Maximum Temperature Relative to the Base Date 2006 for RCP 8.5 Scenario"
"geoId/72005","","Aguadilla Municipio","DifferenceRelativeToBaseDate2006_Max_Temperature_RCP85","2016-11","NASA_NEXGDDP_Subnational_AggrDiffStats","https://www.nccs.nasa.gov/services/data-collections/land-based-products/nex-gddp","","Celsius","C",0.815336999999996,"Difference in Maximum Temperature Relative to the Base Date 2006 for RCP 8.5 Scenario"
"geoId/72005","","Aguadilla Municipio","DifferenceRelativeToBaseDate2006_Max_Temperature_RCP85","2016-12","NASA_NEXGDDP_Subnational_AggrDiffStats","https://www.nccs.nasa.gov/services/data-collections/land-based-products/nex-gddp","","Celsius","C",-1.184967,"Difference in Maximum Temperature Relative to the Base Date 2006 for RCP 8.5 Scenario"
"geoId/72005","","Aguadilla Municipio","DifferenceRelativeToBaseDate2006_Max_Temperature_RCP85","2017-01","NASA_NEXGDDP_Subnational_AggrDiffStats","https://www.nccs.nasa.gov/services/data-collections/land-based-products/nex-gddp","","Celsius","C",0.523589999999999,"Difference in Maximum Temperature Relative to the Base Date 2006 for RCP 8.5 Scenario"
"geoId/72005","","Aguadilla Municipio","DifferenceRelativeToBaseDate2006_Max_Temperature_RCP85","2017-02","NASA_NEXGDDP_Subnational_AggrDiffStats","https://www.nccs.nasa.gov/services/data-collections/land-based-products/nex-gddp","","Celsius","C",0.442627000000002,"Difference in Maximum Temperature Relative to the Base Date 2006 for RCP 8.5 Scenario"
"geoId/72005","","Aguadilla Municipio","DifferenceRelativeToBaseDate2006_Max_Temperature_RCP85","2017-03","NASA_NEXGDDP_Subnational_AggrDiffStats","https://www.nccs.nasa.gov/services/data-collections/land-based-products/nex-gddp","","Celsius","C",0.463927999999999,"Difference in Maximum Temperature Relative to the Base Date 2006 for RCP 8.5 Scenario"
"geoId/72005","","Aguadilla Municipio","DifferenceRelativeToBaseDate2006_Max_Temperature_RCP85","2017-04","NASA_NEXGDDP_Subnational_AggrDiffStats","https://www.nccs.nasa.gov/services/data-collections/land-based-products/nex-gddp","","Celsius","C",1.500792,"Difference in Maximum Temperature Relative to the Base Date 2006 for RCP 8.5 Scenario"
"geoId/72005","","Aguadilla Municipio","DifferenceRelativeToBaseDate2006_Max_Temperature_RCP85","2017-05","NASA_NEXGDDP_Subnational_AggrDiffStats","https://www.nccs.nasa.gov/services/data-collections/land-based-products/nex-gddp","","Celsius","C",1.002319,"Difference in Maximum Temperature Relative to the Base Date 2006 for RCP 8.5 Scenario"
"geoId/72005","","Aguadilla Municipio","DifferenceRelativeToBaseDate2006_Max_Temperature_RCP85","2017-06","NASA_NEXGDDP_Subnational_AggrDiffStats","https://www.nccs.nasa.gov/services/data-collections/land-based-products/nex-gddp","","Celsius","C",0.0906070000000057,"Difference in Maximum Temperature Relative to the Base Date 2006 for RCP 8.5 Scenario"
"geoId/72005","","Aguadilla Municipio","DifferenceRelativeToBaseDate2006_Max_Temperature_RCP85","2017-07","NASA_NEXGDDP_Subnational_AggrDiffStats","https://www.nccs.nasa.gov/services/data-collections/land-based-products/nex-gddp","","Celsius","C",-0.151885999999998,"Difference in Maximum Temperature Relative to the Base Date 2006 for RCP 8.5 Scenario"
"geoId/72005","","Aguadilla Municipio","DifferenceRelativeToBaseDate2006_Max_Temperature_RCP85","2017-08","NASA_NEXGDDP_Subnational_AggrDiffStats","https://www.nccs.nasa.gov/services/data-collections/land-based-products/nex-gddp","","Celsius","C",2.025696,"Difference in Maximum Temperature Relative to the Base Date 2006 for RCP 8.5 Scenario"
"geoId/72005","","Aguadilla Municipio","DifferenceRelativeToBaseDate2006_Max_Temperature_RCP85","2017-09","NASA_NEXGDDP_Subnational_AggrDiffStats","https://www.nccs.nasa.gov/services/data-collections/land-based-products/nex-gddp","","Celsius","C",1.691894,"Difference in Maximum Temperature Relative to the Base Date 2006 for RCP 8.5 Scenario"
"geoId/72005","","Aguadilla Municipio","DifferenceRelativeToBaseDate2006_Max_Temperature_RCP85","2017-10","NASA_NEXGDDP_Subnational_AggrDiffStats","https://www.nccs.nasa.gov/services/data-collections/land-based-products/nex-gddp","","Celsius","C",1.916778,"Difference in Maximum Temperature Relative to the Base Date 2006 for RCP 8.5 Scenario"
"geoId/72005","","Aguadilla Municipio","DifferenceRelativeToBaseDate2006_Max_Temperature_RCP85","2017-11","NASA_NEXGDDP_Subnational_AggrDiffStats","https://www.nccs.nasa.gov/services/data-collections/land-based-products/nex-gddp","","Celsius","C",1.168272,"Difference in Maximum Temperature Relative to the Base Date 2006 for RCP 8.5 Scenario"
"geoId/72005","","Aguadilla Municipio","DifferenceRelativeToBaseDate2006_Max_Temperature_RCP85","2017-12","NASA_NEXGDDP_Subnational_AggrDiffStats","https://www.nccs.nasa.gov/services/data-collections/land-based-products/nex-gddp","","Celsius","C",1.503965,"Difference in Maximum Temperature Relative to the Base Date 2006 for RCP 8.5 Scenario"
"geoId/72005","","Aguadilla Municipio","DifferenceRelativeToBaseDate2006_Max_Temperature_RCP85","2018-01","NASA_NEXGDDP_Subnational_AggrDiffStats","https://www.nccs.nasa.gov/services/data-collections/land-based-products/nex-gddp","","Celsius","C",0.381653,"Difference in Maximum Temperature Relative to the Base Date 2006 for RCP 8.5 Scenario"
"geoId/72005","","Aguadilla Municipio","DifferenceRelativeToBaseDate2006_Max_Temperature_RCP85","2018-02","NASA_NEXGDDP_Subnational_AggrDiffStats","https://www.nccs.nasa.gov/services/data-collections/land-based-products/nex-gddp","","Celsius","C",2.259245,"Difference in Maximum Temperature Relative to the Base Date 2006 for RCP 8.5 Scenario"
"geoId/72005","","Aguadilla Municipio","DifferenceRelativeToBaseDate2006_Max_Temperature_RCP85","2018-03","NASA_NEXGDDP_Subnational_AggrDiffStats","https://www.nccs.nasa.gov/services/data-collections/land-based-products/nex-gddp","","Celsius","C",1.883054,"Difference in Maximum Temperature Relative to the Base Date 2006 for RCP 8.5 Scenario"
"geoId/72005","","Aguadilla Municipio","DifferenceRelativeToBaseDate2006_Max_Temperature_RCP85","2018-04","NASA_NEXGDDP_Subnational_AggrDiffStats","https://www.nccs.nasa.gov/services/data-collections/land-based-products/nex-gddp","","Celsius","C",1.651884,"Difference in Maximum Temperature Relative to the Base Date 2006 for RCP 8.5 Scenario"
"geoId/72005","","Aguadilla Municipio","DifferenceRelativeToBaseDate2006_Max_Temperature_RCP85","2018-05","NASA_NEXGDDP_Subnational_AggrDiffStats","https://www.nccs.nasa.gov/services/data-collections/land-based-products/nex-gddp","","Celsius","C",1.885589,"Difference in Maximum Temperature Relative to the Base Date 2006 for RCP 8.5 Scenario"
"geoId/72005","","Aguadilla Municipio","DifferenceRelativeToBaseDate2006_Max_Temperature_RCP85","2018-06","NASA_NEXGDDP_Subnational_AggrDiffStats","https://www.nccs.nasa.gov/services/data-collections/land-based-products/nex-gddp","","Celsius","C",1.32779,"Difference in Maximum Temperature Relative to the Base Date 2006 for RCP 8.5 Scenario"
"geoId/72005","","Aguadilla Municipio","DifferenceRelativeToBaseDate2006_Max_Temperature_RCP85","2018-07","NASA_NEXGDDP_Subnational_AggrDiffStats","https://www.nccs.nasa.gov/services/data-collections/land-based-products/nex-gddp","","Celsius","C",0.758088000000001,"Difference in Maximum Temperature Relative to the Base Date 2006 for RCP 8.5 Scenario"
"geoId/72005","","Aguadilla Municipio","DifferenceRelativeToBaseDate2006_Max_Temperature_RCP85","2018-08","NASA_NEXGDDP_Subnational_AggrDiffStats","https://www.nccs.nasa.gov/services/data-collections/land-based-products/nex-gddp","","Celsius","C",1.006988,"Difference in Maximum Temperature Relative to the Base Date 2006 for RCP 8.5 Scenario"
"geoId/72005","","Aguadilla Municipio","DifferenceRelativeToBaseDate2006_Max_Temperature_RCP85","2018-09","NASA_NEXGDDP_Subnational_AggrDiffStats","https://www.nccs.nasa.gov/services/data-collections/land-based-products/nex-gddp","","Celsius","C",1.273254,"Difference in Maximum Temperature Relative to the Base Date 2006 for RCP 8.5 Scenario"
"geoId/72005","","Aguadilla Municipio","DifferenceRelativeToBaseDate2006_Max_Temperature_RCP85","2018-10","NASA_NEXGDDP_Subnational_AggrDiffStats","https://www.nccs.nasa.gov/services/data-collections/land-based-products/nex-gddp","","Celsius","C",0.227843999999997,"Difference in Maximum Temperature Relative to the Base Date 2006 for RCP 8.5 Scenario"
"geoId/72005","","Aguadilla Municipio","DifferenceRelativeToBaseDate2006_Max_Temperature_RCP85","2018-11","NASA_NEXGDDP_Subnational_AggrDiffStats","https://www.nccs.nasa.gov/services/data-collections/land-based-products/nex-gddp","","Celsius","C",1.446257,"Difference in Maximum Temperature Relative to the Base Date 2006 for RCP 8.5 Scenario"
"geoId/72005","","Aguadilla Municipio","DifferenceRelativeToBaseDate2006_Max_Temperature_RCP85","2018-12","NASA_NEXGDDP_Subnational_AggrDiffStats","https://www.nccs.nasa.gov/services/data-collections/land-based-products/nex-gddp","","Celsius","C",0.732389000000001,"Difference in Maximum Temperature Relative to the Base Date 2006 for RCP 8.5 Scenario"
"geoId/72005","","Aguadilla Municipio","DifferenceRelativeToBaseDate2006_Max_Temperature_RCP85","2019-01","NASA_NEXGDDP_Subnational_AggrDiffStats","https://www.nccs.nasa.gov/services/data-collections/land-based-products/nex-gddp","","Celsius","C",0.752593999999998,"Difference in Maximum Temperature Relative to the Base Date 2006 for RCP 8.5 Scenario"
"geoId/72005","","Aguadilla Municipio","DifferenceRelativeToBaseDate2006_Max_Temperature_RCP85","2019-02","NASA_NEXGDDP_Subnational_AggrDiffStats","https://www.nccs.nasa.gov/services/data-collections/land-based-products/nex-gddp","","Celsius","C",1.216064,"Difference in Maximum Temperature Relative to the Base Date 2006 for RCP 8.5 Scenario"
"geoId/72005","","Aguadilla Municipio","DifferenceRelativeToBaseDate2006_Max_Temperature_RCP85","2019-03","NASA_NEXGDDP_Subnational_AggrDiffStats","https://www.nccs.nasa.gov/services/data-collections/land-based-products/nex-gddp","","Celsius","C",0.332366999999998,"Difference in Maximum Temperature Relative to the Base Date 2006 for RCP 8.5 Scenario"
"geoId/72005","","Aguadilla Municipio","DifferenceRelativeToBaseDate2006_Max_Temperature_RCP85","2019-04","NASA_NEXGDDP_Subnational_AggrDiffStats","https://www.nccs.nasa.gov/services/data-collections/land-based-products/nex-gddp","","Celsius","C",1.150788,"Difference in Maximum Temperature Relative to the Base Date 2006 for RCP 8.5 Scenario"
"geoId/72005","","Aguadilla Municipio","DifferenceRelativeToBaseDate2006_Max_Temperature_RCP85","2019-05","NASA_NEXGDDP_Subnational_AggrDiffStats","https://www.nccs.nasa.gov/services/data-collections/land-based-products/nex-gddp","","Celsius","C",1.868316,"Difference in Maximum Temperature Relative to the Base Date 2006 for RCP 8.5 Scenario"
"geoId/72005","","Aguadilla Municipio","DifferenceRelativeToBaseDate2006_Max_Temperature_RCP85","2019-06","NASA_NEXGDDP_Subnational_AggrDiffStats","https://www.nccs.nasa.gov/services/data-collections/land-based-products/nex-gddp","","Celsius","C",1.10443100000001,"Difference in Maximum Temperature Relative to the Base Date 2006 for RCP 8.5 Scenario"
"geoId/72005","","Aguadilla Municipio","DifferenceRelativeToBaseDate2006_Max_Temperature_RCP85","2019-07","NASA_NEXGDDP_Subnational_AggrDiffStats","https://www.nccs.nasa.gov/services/data-collections/land-based-products/nex-gddp","","Celsius","C",1.179535,"Difference in Maximum Temperature Relative to the Base Date 2006 for RCP 8.5 Scenario"
"geoId/72005","","Aguadilla Municipio","DifferenceRelativeToBaseDate2006_Max_Temperature_RCP85","2019-08","NASA_NEXGDDP_Subnational_AggrDiffStats","https://www.nccs.nasa.gov/services/data-collections/land-based-products/nex-gddp","","Celsius","C",1.60025,"Difference in Maximum Temperature Relative to the Base Date 2006 for RCP 8.5 Scenario"
"geoId/72005","","Aguadilla Municipio","DifferenceRelativeToBaseDate2006_Max_Temperature_RCP85","2019-09","NASA_NEXGDDP_Subnational_AggrDiffStats","https://www.nccs.nasa.gov/services/data-collections/land-based-products/nex-gddp","","Celsius","C",2.244079,"Difference in Maximum Temperature Relative to the Base Date 2006 for RCP 8.5 Scenario"
"geoId/72005","","Aguadilla Municipio","DifferenceRelativeToBaseDate2006_Max_Temperature_RCP85","2019-10","NASA_NEXGDDP_Subnational_AggrDiffStats","https://www.nccs.nasa.gov/services/data-collections/land-based-products/nex-gddp","","Celsius","C",2.019012,"Difference in Maximum Temperature Relative to the Base Date 2006 for RCP 8.5 Scenario"
"geoId/72005","","Aguadilla Municipio","DifferenceRelativeToBaseDate2006_Max_Temperature_RCP85","2019-11","NASA_NEXGDDP_Subnational_AggrDiffStats","https://www.nccs.nasa.gov/services/data-collections/land-based-products/nex-gddp","","Celsius","C",1.810271,"Difference in Maximum Temperature Relative to the Base Date 2006 for RCP 8.5 Scenario"
"geoId/72005","","Aguadilla Municipio","DifferenceRelativeToBaseDate2006_Max_Temperature_RCP85","2019-12","NASA_NEXGDDP_Subnational_AggrDiffStats","https://www.nccs.nasa.gov/services/data-collections/land-based-products/nex-gddp","","Celsius","C",0.100370000000002,"Difference in Maximum Temperature Relative to the Base Date 2006 for RCP 8.5 Scenario"
"geoId/72005","","Aguadilla Municipio","DifferenceRelativeToBaseDate2006_Max_Temperature_RCP85","2020-01","NASA_NEXGDDP_Subnational_AggrDiffStats","https://www.nccs.nasa.gov/services/data-collections/land-based-products/nex-gddp","","Celsius","C",1.760376,"Difference in Maximum Temperature Relative to the Base Date 2006 for RCP 8.5 Scenario"
"geoId/72005","","Aguadilla Municipio","DifferenceRelativeToBaseDate2006_Max_Temperature_RCP85","2020-02","NASA_NEXGDDP_Subnational_AggrDiffStats","https://www.nccs.nasa.gov/services/data-collections/land-based-products/nex-gddp","","Celsius","C",2.175261,"Difference in Maximum Temperature Relative to the Base Date 2006 for RCP 8.5 Scenario"
"geoId/72005","","Aguadilla Municipio","DifferenceRelativeToBaseDate2006_Max_Temperature_RCP85","2020-03","NASA_NEXGDDP_Subnational_AggrDiffStats","https://www.nccs.nasa.gov/services/data-collections/land-based-products/nex-gddp","","Celsius","C",0.730163000000001,"Difference in Maximum Temperature Relative to the Base Date 2006 for RCP 8.5 Scenario"
"geoId/72005","","Aguadilla Municipio","DifferenceRelativeToBaseDate2006_Max_Temperature_RCP85","2020-04","NASA_NEXGDDP_Subnational_AggrDiffStats","https://www.nccs.nasa.gov/services/data-collections/land-based-products/nex-gddp","","Celsius","C",1.161988,"Difference in Maximum Temperature Relative to the Base Date 2006 for RCP 8.5 Scenario"
"geoId/72005","","Aguadilla Municipio","DifferenceRelativeToBaseDate2006_Max_Temperature_RCP85","2020-05","NASA_NEXGDDP_Subnational_AggrDiffStats","https://www.nccs.nasa.gov/services/data-collections/land-based-products/nex-gddp","","Celsius","C",0.550231000000004,"Difference in Maximum Temperature Relative to the Base Date 2006 for RCP 8.5 Scenario"
"geoId/72005","","Aguadilla Municipio","DifferenceRelativeToBaseDate2006_Max_Temperature_RCP85","2020-06","NASA_NEXGDDP_Subnational_AggrDiffStats","https://www.nccs.nasa.gov/services/data-collections/land-based-products/nex-gddp","","Celsius","C",-0.148772999999998,"Difference in Maximum Temperature Relative to the Base Date 2006 for RCP 8.5 Scenario"
"geoId/72005","","Aguadilla Municipio","DifferenceRelativeToBaseDate2006_Max_Temperature_RCP85","2020-07","NASA_NEXGDDP_Subnational_AggrDiffStats","https://www.nccs.nasa.gov/services/data-collections/land-based-products/nex-gddp","","Celsius","C",-0.845244999999998,"Difference in Maximum Temperature Relative to the Base Date 2006 for RCP 8.5 Scenario"
"geoId/72005","","Aguadilla Municipio","DifferenceRelativeToBaseDate2006_Max_Temperature_RCP85","2020-08","NASA_NEXGDDP_Subnational_AggrDiffStats","https://www.nccs.nasa.gov/services/data-collections/land-based-products/nex-gddp","","Celsius","C",0.741486000000002,"Difference in Maximum Temperature Relative to the Base Date 2006 for RCP 8.5 Scenario"
"geoId/72005","","Aguadilla Municipio","DifferenceRelativeToBaseDate2006_Max_Temperature_RCP85","2020-09","NASA_NEXGDDP_Subnational_AggrDiffStats","https://www.nccs.nasa.gov/services/data-collections/land-based-products/nex-gddp","","Celsius","C",0.499695000000003,"Difference in Maximum Temperature Relative to the Base Date 2006 for RCP 8.5 Scenario"
"geoId/72005","","Aguadilla Municipio","DifferenceRelativeToBaseDate2006_Max_Temperature_RCP85","2020-10","NASA_NEXGDDP_Subnational_AggrDiffStats","https://www.nccs.nasa.gov/services/data-collections/land-based-products/nex-gddp","","Celsius","C",0.447814999999999,"Difference in Maximum Temperature Relative to the Base Date 2006 for RCP 8.5 Scenario"
"geoId/72005","","Aguadilla Municipio","DifferenceRelativeToBaseDate2006_Max_Temperature_RCP85","2020-11","NASA_NEXGDDP_Subnational_AggrDiffStats","https://www.nccs.nasa.gov/services/data-collections/land-based-products/nex-gddp","","Celsius","C",0.794065999999997,"Difference in Maximum Temperature Relative to the Base Date 2006 for RCP 8.5 Scenario"
"geoId/72005","","Aguadilla Municipio","DifferenceRelativeToBaseDate2006_Max_Temperature_RCP85","2020-12","NASA_NEXGDDP_Subnational_AggrDiffStats","https://www.nccs.nasa.gov/services/data-collections/land-based-products/nex-gddp","","Celsius","C",-1.032776,"Difference in Maximum Temperature Relative to the Base Date 2006 for RCP 8.5 Scenario"
"geoId/72005","","Aguadilla Municipio","DifferenceRelativeToBaseDate2006_Max_Temperature_RCP85","2021-01","NASA_NEXGDDP_Subnational_AggrDiffStats","https://www.nccs.nasa.gov/services/data-collections/land-based-products/nex-gddp","","Celsius","C",1.051788,"Difference in Maximum Temperature Relative to the Base Date 2006 for RCP 8.5 Scenario"
"geoId/72005","","Aguadilla Municipio","DifferenceRelativeToBaseDate2006_Max_Temperature_RCP85","2021-02","NASA_NEXGDDP_Subnational_AggrDiffStats","https://www.nccs.nasa.gov/services/data-collections/land-based-products/nex-gddp","","Celsius","C",1.543243,"Difference in Maximum Temperature Relative to the Base Date 2006 for RCP 8.5 Scenario"
"geoId/72005","","Aguadilla Municipio","DifferenceRelativeToBaseDate2006_Max_Temperature_RCP85","2021-03","NASA_NEXGDDP_Subnational_AggrDiffStats","https://www.nccs.nasa.gov/services/data-collections/land-based-products/nex-gddp","","Celsius","C",1.785184,"Difference in Maximum Temperature Relative to the Base Date 2006 for RCP 8.5 Scenario"
"geoId/72005","","Aguadilla Municipio","DifferenceRelativeToBaseDate2006_Max_Temperature_RCP85","2021-04","NASA_NEXGDDP_Subnational_AggrDiffStats","https://www.nccs.nasa.gov/services/data-collections/land-based-products/nex-gddp","","Celsius","C",3.973265,"Difference in Maximum Temperature Relative to the Base Date 2006 for RCP 8.5 Scenario"
"geoId/72005","","Aguadilla Municipio","DifferenceRelativeToBaseDate2006_Max_Temperature_RCP85","2021-05","NASA_NEXGDDP_Subnational_AggrDiffStats","https://www.nccs.nasa.gov/services/data-collections/land-based-products/nex-gddp","","Celsius","C",3.083099,"Difference in Maximum Temperature Relative to the Base Date 2006 for RCP 8.5 Scenario"
"geoId/72005","","Aguadilla Municipio","DifferenceRelativeToBaseDate2006_Max_Temperature_RCP85","2021-06","NASA_NEXGDDP_Subnational_AggrDiffStats","https://www.nccs.nasa.gov/services/data-collections/land-based-products/nex-gddp","","Celsius","C",-0.112425999999999,"Difference in Maximum Temperature Relative to the Base Date 2006 for RCP 8.5 Scenario"
"geoId/72005","","Aguadilla Municipio","DifferenceRelativeToBaseDate2006_Max_Temperature_RCP85","2021-07","NASA_NEXGDDP_Subnational_AggrDiffStats","https://www.nccs.nasa.gov/services/data-collections/land-based-products/nex-gddp","","Celsius","C",-1.213897,"Difference in Maximum Temperature Relative to the Base Date 2006 for RCP 8.5 Scenario"
"geoId/72005","","Aguadilla Municipio","DifferenceRelativeToBaseDate2006_Max_Temperature_RCP85","2021-08","NASA_NEXGDDP_Subnational_AggrDiffStats","https://www.nccs.nasa.gov/services/data-collections/land-based-products/nex-gddp","","Celsius","C",0.401488999999998,"Difference in Maximum Temperature Relative to the Base Date 2006 for RCP 8.5 Scenario"
"geoId/72005","","Aguadilla Municipio","DifferenceRelativeToBaseDate2006_Max_Temperature_RCP85","2021-09","NASA_NEXGDDP_Subnational_AggrDiffStats","https://www.nccs.nasa.gov/services/data-collections/land-based-products/nex-gddp","","Celsius","C",0.236999000000004,"Difference in Maximum Temperature Relative to the Base Date 2006 for RCP 8.5 Scenario"
"geoId/72005","","Aguadilla Municipio","DifferenceRelativeToBaseDate2006_Max_Temperature_RCP85","2021-10","NASA_NEXGDDP_Subnational_AggrDiffStats","https://www.nccs.nasa.gov/services/data-collections/land-based-products/nex-gddp","","Celsius","C",0.0569149999999965,"Difference in Maximum Temperature Relative to the Base Date 2006 for RCP 8.5 Scenario"
"geoId/72005","","Aguadilla Municipio","DifferenceRelativeToBaseDate2006_Max_Temperature_RCP85","2021-11","NASA_NEXGDDP_Subnational_AggrDiffStats","https://www.nccs.nasa.gov/services/data-collections/land-based-products/nex-gddp","","Celsius","C",1.589201,"Difference in Maximum Temperature Relative to the Base Date 2006 for RCP 8.5 Scenario"
"geoId/72005","","Aguadilla Municipio","DifferenceRelativeToBaseDate2006_Max_Temperature_RCP85","2021-12","NASA_NEXGDDP_Subnational_AggrDiffStats","https://www.nccs.nasa.gov/services/data-collections/land-based-products/nex-gddp","","Celsius","C",0.022948999999997,"Difference in Maximum Temperature Relative to the Base Date 2006 for RCP 8.5 Scenario"
"geoId/72005","","Aguadilla Municipio","DifferenceRelativeToBaseDate2006_Max_Temperature_RCP85","2022-01","NASA_NEXGDDP_Subnational_AggrDiffStats","https://www.nccs.nasa.gov/services/data-collections/land-based-products/nex-gddp","","Celsius","C",-0.321137,"Difference in Maximum Temperature Relative to the Base Date 2006 for RCP 8.5 Scenario"
"geoId/72005","","Aguadilla Municipio","DifferenceRelativeToBaseDate2006_Max_Temperature_RCP85","2022-02","NASA_NEXGDDP_Subnational_AggrDiffStats","https://www.nccs.nasa.gov/services/data-collections/land-based-products/nex-gddp","","Celsius","C",-0.213653999999998,"Difference in Maximum Temperature Relative to the Base Date 2006 for RCP 8.5 Scenario"
"geoId/72005","","Aguadilla Municipio","DifferenceRelativeToBaseDate2006_Max_Temperature_RCP85","2022-03","NASA_NEXGDDP_Subnational_AggrDiffStats","https://www.nccs.nasa.gov/services/data-collections/land-based-products/nex-gddp","","Celsius","C",-0.684906000000002,"Difference in Maximum Temperature Relative to the Base Date 2006 for RCP 8.5 Scenario"
"geoId/72005","","Aguadilla Municipio","DifferenceRelativeToBaseDate2006_Max_Temperature_RCP85","2022-04","NASA_NEXGDDP_Subnational_AggrDiffStats","https://www.nccs.nasa.gov/services/data-collections/land-based-products/nex-gddp","","Celsius","C",1.240662,"Difference in Maximum Temperature Relative to the Base Date 2006 for RCP 8.5 Scenario"
"geoId/72005","","Aguadilla Municipio","DifferenceRelativeToBaseDate2006_Max_Temperature_RCP85","2022-05","NASA_NEXGDDP_Subnational_AggrDiffStats","https://www.nccs.nasa.gov/services/data-collections/land-based-products/nex-gddp","","Celsius","C",0.209381,"Difference in Maximum Temperature Relative to the Base Date 2006 for RCP 8.5 Scenario"
"geoId/72005","","Aguadilla Municipio","DifferenceRelativeToBaseDate2006_Max_Temperature_RCP85","2022-06","NASA_NEXGDDP_Subnational_AggrDiffStats","https://www.nccs.nasa.gov/services/data-collections/land-based-products/nex-gddp","","Celsius","C",1.186157,"Difference in Maximum Temperature Relative to the Base Date 2006 for RCP 8.5 Scenario"
"geoId/72005","","Aguadilla Municipio","DifferenceRelativeToBaseDate2006_Max_Temperature_RCP85","2022-07","NASA_NEXGDDP_Subnational_AggrDiffStats","https://www.nccs.nasa.gov/services/data-collections/land-based-products/nex-gddp","","Celsius","C",0.170349999999999,"Difference in Maximum Temperature Relative to the Base Date 2006 for RCP 8.5 Scenario"
"geoId/72005","","Aguadilla Municipio","DifferenceRelativeToBaseDate2006_Max_Temperature_RCP85","2022-08","NASA_NEXGDDP_Subnational_AggrDiffStats","https://www.nccs.nasa.gov/services/data-collections/land-based-products/nex-gddp","","Celsius","C",0.852997000000002,"Difference in Maximum Temperature Relative to the Base Date 2006 for RCP 8.5 Scenario"
"geoId/72005","","Aguadilla Municipio","DifferenceRelativeToBaseDate2006_Max_Temperature_RCP85","2022-09","NASA_NEXGDDP_Subnational_AggrDiffStats","https://www.nccs.nasa.gov/services/data-collections/land-based-products/nex-gddp","","Celsius","C",1.025879,"Difference in Maximum Temperature Relative to the Base Date 2006 for RCP 8.5 Scenario"
"geoId/72005","","Aguadilla Municipio","DifferenceRelativeToBaseDate2006_Max_Temperature_RCP85","2022-10","NASA_NEXGDDP_Subnational_AggrDiffStats","https://www.nccs.nasa.gov/services/data-collections/land-based-products/nex-gddp","","Celsius","C",1.431457,"Difference in Maximum Temperature Relative to the Base Date 2006 for RCP 8.5 Scenario"
"geoId/72005","","Aguadilla Municipio","DifferenceRelativeToBaseDate2006_Max_Temperature_RCP85","2022-11","NASA_NEXGDDP_Subnational_AggrDiffStats","https://www.nccs.nasa.gov/services/data-collections/land-based-products/nex-gddp","","Celsius","C",2.398619,"Difference in Maximum Temperature Relative to the Base Date 2006 for RCP 8.5 Scenario"
"geoId/72005","","Aguadilla Municipio","DifferenceRelativeToBaseDate2006_Max_Temperature_RCP85","2022-12","NASA_NEXGDDP_Subnational_AggrDiffStats","https://www.nccs.nasa.gov/services/data-collections/land-based-products/nex-gddp","","Celsius","C",3.114164,"Difference in Maximum Temperature Relative to the Base Date 2006 for RCP 8.5 Scenario"
"geoId/72005","","Aguadilla Municipio","DifferenceRelativeToBaseDate2006_Max_Temperature_RCP85","2023-01","NASA_NEXGDDP_Subnational_AggrDiffStats","https://www.nccs.nasa.gov/services/data-collections/land-based-products/nex-gddp","","Celsius","C",1.734863,"Difference in Maximum Temperature Relative to the Base Date 2006 for RCP 8.5 Scenario"
"geoId/72005","","Aguadilla Municipio","DifferenceRelativeToBaseDate2006_Max_Temperature_RCP85","2023-02","NASA_NEXGDDP_Subnational_AggrDiffStats","https://www.nccs.nasa.gov/services/data-collections/land-based-products/nex-gddp","","Celsius","C",1.108093,"Difference in Maximum Temperature Relative to the Base Date 2006 for RCP 8.5 Scenario"
"geoId/72005","","Aguadilla Municipio","DifferenceRelativeToBaseDate2006_Max_Temperature_RCP85","2023-03","NASA_NEXGDDP_Subnational_AggrDiffStats","https://www.nccs.nasa.gov/services/data-collections/land-based-products/nex-gddp","","Celsius","C",1.067899,"Difference in Maximum Temperature Relative to the Base Date 2006 for RCP 8.5 Scenario"
"geoId/72005","","Aguadilla Municipio","DifferenceRelativeToBaseDate2006_Max_Temperature_RCP85","2023-04","NASA_NEXGDDP_Subnational_AggrDiffStats","https://www.nccs.nasa.gov/services/data-collections/land-based-products/nex-gddp","","Celsius","C",1.833037,"Difference in Maximum Temperature Relative to the Base Date 2006 for RCP 8.5 Scenario"
"geoId/72005","","Aguadilla Municipio","DifferenceRelativeToBaseDate2006_Max_Temperature_RCP85","2023-05","NASA_NEXGDDP_Subnational_AggrDiffStats","https://www.nccs.nasa.gov/services/data-collections/land-based-products/nex-gddp","","Celsius","C",1.281982,"Difference in Maximum Temperature Relative to the Base Date 2006 for RCP 8.5 Scenario"
"geoId/72005","","Aguadilla Municipio","DifferenceRelativeToBaseDate2006_Max_Temperature_RCP85","2023-06","NASA_NEXGDDP_Subnational_AggrDiffStats","https://www.nccs.nasa.gov/services/data-collections/land-based-products/nex-gddp","","Celsius","C",1.375641,"Difference in Maximum Temperature Relative to the Base Date 2006 for RCP 8.5 Scenario"
"geoId/72005","","Aguadilla Municipio","DifferenceRelativeToBaseDate2006_Max_Temperature_RCP85","2023-07","NASA_NEXGDDP_Subnational_AggrDiffStats","https://www.nccs.nasa.gov/services/data-collections/land-based-products/nex-gddp","","Celsius","C",1.678406,"Difference in Maximum Temperature Relative to the Base Date 2006 for RCP 8.5 Scenario"
"geoId/72005","","Aguadilla Municipio","DifferenceRelativeToBaseDate2006_Max_Temperature_RCP85","2023-08","NASA_NEXGDDP_Subnational_AggrDiffStats","https://www.nccs.nasa.gov/services/data-collections/land-based-products/nex-gddp","","Celsius","C",2.029144,"Difference in Maximum Temperature Relative to the Base Date 2006 for RCP 8.5 Scenario"
"geoId/72005","","Aguadilla Municipio","DifferenceRelativeToBaseDate2006_Max_Temperature_RCP85","2023-09","NASA_NEXGDDP_Subnational_AggrDiffStats","https://www.nccs.nasa.gov/services/data-collections/land-based-products/nex-gddp","","Celsius","C",3.057708,"Difference in Maximum Temperature Relative to the Base Date 2006 for RCP 8.5 Scenario"
"geoId/72005","","Aguadilla Municipio","DifferenceRelativeToBaseDate2006_Max_Temperature_RCP85","2023-10","NASA_NEXGDDP_Subnational_AggrDiffStats","https://www.nccs.nasa.gov/services/data-collections/land-based-products/nex-gddp","","Celsius","C",3.330902,"Difference in Maximum Temperature Relative to the Base Date 2006 for RCP 8.5 Scenario"
"geoId/72005","","Aguadilla Municipio","DifferenceRelativeToBaseDate2006_Max_Temperature_RCP85","2023-11","NASA_NEXGDDP_Subnational_AggrDiffStats","https://www.nccs.nasa.gov/services/data-collections/land-based-products/nex-gddp","","Celsius","C",2.888823,"Difference in Maximum Temperature Relative to the Base Date 2006 for RCP 8.5 Scenario"
"geoId/72005","","Aguadilla Municipio","DifferenceRelativeToBaseDate2006_Max_Temperature_RCP85","2023-12","NASA_NEXGDDP_Subnational_AggrDiffStats","https://www.nccs.nasa.gov/services/data-collections/land-based-products/nex-gddp","","Celsius","C",2.138792,"Difference in Maximum Temperature Relative to the Base Date 2006 for RCP 8.5 Scenario"
"geoId/72005","","Aguadilla Municipio","DifferenceRelativeToBaseDate2006_Max_Temperature_RCP85","2024-01","NASA_NEXGDDP_Subnational_AggrDiffStats","https://www.nccs.nasa.gov/services/data-collections/land-based-products/nex-gddp","","Celsius","C",4.715818,"Difference in Maximum Temperature Relative to the Base Date 2006 for RCP 8.5 Scenario"
"geoId/72005","","Aguadilla Municipio","DifferenceRelativeToBaseDate2006_Max_Temperature_RCP85","2024-02","NASA_NEXGDDP_Subnational_AggrDiffStats","https://www.nccs.nasa.gov/services/data-collections/land-based-products/nex-gddp","","Celsius","C",5.203184,"Difference in Maximum Temperature Relative to the Base Date 2006 for RCP 8.5 Scenario"
"geoId/72005","","Aguadilla Municipio","DifferenceRelativeToBaseDate2006_Max_Temperature_RCP85","2024-03","NASA_NEXGDDP_Subnational_AggrDiffStats","https://www.nccs.nasa.gov/services/data-collections/land-based-products/nex-gddp","","Celsius","C",3.907224,"Difference in Maximum Temperature Relative to the Base Date 2006 for RCP 8.5 Scenario"
"geoId/72005","","Aguadilla Municipio","DifferenceRelativeToBaseDate2006_Max_Temperature_RCP85","2024-04","NASA_NEXGDDP_Subnational_AggrDiffStats","https://www.nccs.nasa.gov/services/data-collections/land-based-products/nex-gddp","","Celsius","C",1.219086,"Difference in Maximum Temperature Relative to the Base Date 2006 for RCP 8.5 Scenario"
"geoId/72005","","Aguadilla Municipio","DifferenceRelativeToBaseDate2006_Max_Temperature_RCP85","2024-05","NASA_NEXGDDP_Subnational_AggrDiffStats","https://www.nccs.nasa.gov/services/data-collections/land-based-products/nex-gddp","","Celsius","C",0.406889999999997,"Difference in Maximum Temperature Relative to the Base Date 2006 for RCP 8.5 Scenario"
"geoId/72005","","Aguadilla Municipio","DifferenceRelativeToBaseDate2006_Max_Temperature_RCP85","2024-06","NASA_NEXGDDP_Subnational_AggrDiffStats","https://www.nccs.nasa.gov/services/data-collections/land-based-products/nex-gddp","","Celsius","C",-0.220580999999996,"Difference in Maximum Temperature Relative to the Base Date 2006 for RCP 8.5 Scenario"
"geoId/72005","","Aguadilla Municipio","DifferenceRelativeToBaseDate2006_Max_Temperature_RCP85","2024-07","NASA_NEXGDDP_Subnational_AggrDiffStats","https://www.nccs.nasa.gov/services/data-collections/land-based-products/nex-gddp","","Celsius","C",-1.15155,"Difference in Maximum Temperature Relative to the Base Date 2006 for RCP 8.5 Scenario"
"geoId/72005","","Aguadilla Municipio","DifferenceRelativeToBaseDate2006_Max_Temperature_RCP85","2024-08","NASA_NEXGDDP_Subnational_AggrDiffStats","https://www.nccs.nasa.gov/services/data-collections/land-based-products/nex-gddp","","Celsius","C",0.704559000000003,"Difference in Maximum Temperature Relative to the Base Date 2006 for RCP 8.5 Scenario"
"geoId/72005","","Aguadilla Municipio","DifferenceRelativeToBaseDate2006_Max_Temperature_RCP85","2024-09","NASA_NEXGDDP_Subnational_AggrDiffStats","https://www.nccs.nasa.gov/services/data-collections/land-based-products/nex-gddp","","Celsius","C",-0.0992740000000012,"Difference in Maximum Temperature Relative to the Base Date 2006 for RCP 8.5 Scenario"
"geoId/72005","","Aguadilla Municipio","DifferenceRelativeToBaseDate2006_Max_Temperature_RCP85","2024-10","NASA_NEXGDDP_Subnational_AggrDiffStats","https://www.nccs.nasa.gov/services/data-collections/land-based-products/nex-gddp","","Celsius","C",1.178924,"Difference in Maximum Temperature Relative to the Base Date 2006 for RCP 8.5 Scenario"
"geoId/72005","","Aguadilla Municipio","DifferenceRelativeToBaseDate2006_Max_Temperature_RCP85","2024-11","NASA_NEXGDDP_Subnational_AggrDiffStats","https://www.nccs.nasa.gov/services/data-collections/land-based-products/nex-gddp","","Celsius","C",1.024291,"Difference in Maximum Temperature Relative to the Base Date 2006 for RCP 8.5 Scenario"
"geoId/72005","","Aguadilla Municipio","DifferenceRelativeToBaseDate2006_Max_Temperature_RCP85","2024-12","NASA_NEXGDDP_Subnational_AggrDiffStats","https://www.nccs.nasa.gov/services/data-collections/land-based-products/nex-gddp","","Celsius","C",0.0856319999999968,"Difference in Maximum Temperature Relative to the Base Date 2006 for RCP 8.5 Scenario"
"geoId/72005","","Aguadilla Municipio","DifferenceRelativeToBaseDate2006_Max_Temperature_RCP85","2025-01","NASA_NEXGDDP_Subnational_AggrDiffStats","https://www.nccs.nasa.gov/services/data-collections/land-based-products/nex-gddp","","Celsius","C",0.0183099999999996,"Difference in Maximum Temperature Relative to the Base Date 2006 for RCP 8.5 Scenario"
"geoId/72005","","Aguadilla Municipio","DifferenceRelativeToBaseDate2006_Max_Temperature_RCP85","2025-02","NASA_NEXGDDP_Subnational_AggrDiffStats","https://www.nccs.nasa.gov/services/data-collections/land-based-products/nex-gddp","","Celsius","C",0.256775000000001,"Difference in Maximum Temperature Relative to the Base Date 2006 for RCP 8.5 Scenario"
"geoId/72005","","Aguadilla Municipio","DifferenceRelativeToBaseDate2006_Max_Temperature_RCP85","2025-03","NASA_NEXGDDP_Subnational_AggrDiffStats","https://www.nccs.nasa.gov/services/data-collections/land-based-products/nex-gddp","","Celsius","C",-0.357972,"Difference in Maximum Temperature Relative to the Base Date 2006 for RCP 8.5 Scenario"
"geoId/72005","","Aguadilla Municipio","DifferenceRelativeToBaseDate2006_Max_Temperature_RCP85","2025-04","NASA_NEXGDDP_Subnational_AggrDiffStats","https://www.nccs.nasa.gov/services/data-collections/land-based-products/nex-gddp","","Celsius","C",1.123291,"Difference in Maximum Temperature Relative to the Base Date 2006 for RCP 8.5 Scenario"
"geoId/72005","","Aguadilla Municipio","DifferenceRelativeToBaseDate2006_Max_Temperature_RCP85","2025-05","NASA_NEXGDDP_Subnational_AggrDiffStats","https://www.nccs.nasa.gov/services/data-collections/land-based-products/nex-gddp","","Celsius","C",0.368560000000002,"Difference in Maximum Temperature Relative to the Base Date 2006 for RCP 8.5 Scenario"
"geoId/72005","","Aguadilla Municipio","DifferenceRelativeToBaseDate2006_Max_Temperature_RCP85","2025-06","NASA_NEXGDDP_Subnational_AggrDiffStats","https://www.nccs.nasa.gov/services/data-collections/land-based-products/nex-gddp","","Celsius","C",-0.897551999999997,"Difference in Maximum Temperature Relative to the Base Date 2006 for RCP 8.5 Scenario"
"geoId/72005","","Aguadilla Municipio","DifferenceRelativeToBaseDate2006_Max_Temperature_RCP85","2025-07","NASA_NEXGDDP_Subnational_AggrDiffStats","https://www.nccs.nasa.gov/services/data-collections/land-based-products/nex-gddp","","Celsius","C",-0.789580999999998,"Difference in Maximum Temperature Relative to the Base Date 2006 for RCP 8.5 Scenario"
"geoId/72005","","Aguadilla Municipio","DifferenceRelativeToBaseDate2006_Max_Temperature_RCP85","2025-08","NASA_NEXGDDP_Subnational_AggrDiffStats","https://www.nccs.nasa.gov/services/data-collections/land-based-products/nex-gddp","","Celsius","C",0.698669000000002,"Difference in Maximum Temperature Relative to the Base Date 2006 for RCP 8.5 Scenario"
"geoId/72005","","Aguadilla Municipio","DifferenceRelativeToBaseDate2006_Max_Temperature_RCP85","2025-09","NASA_NEXGDDP_Subnational_AggrDiffStats","https://www.nccs.nasa.gov/services/data-collections/land-based-products/nex-gddp","","Celsius","C",1.363495,"Difference in Maximum Temperature Relative to the Base Date 2006 for RCP 8.5 Scenario"
"geoId/72005","","Aguadilla Municipio","DifferenceRelativeToBaseDate2006_Max_Temperature_RCP85","2025-10","NASA_NEXGDDP_Subnational_AggrDiffStats","https://www.nccs.nasa.gov/services/data-collections/land-based-products/nex-gddp","","Celsius","C",-0.243561,"Difference in Maximum Temperature Relative to the Base Date 2006 for RCP 8.5 Scenario"
"geoId/72005","","Aguadilla Municipio","DifferenceRelativeToBaseDate2006_Max_Temperature_RCP85","2025-11","NASA_NEXGDDP_Subnational_AggrDiffStats","https://www.nccs.nasa.gov/services/data-collections/land-based-products/nex-gddp","","Celsius","C",1.181334,"Difference in Maximum Temperature Relative to the Base Date 2006 for RCP 8.5 Scenario"
"geoId/72005","","Aguadilla Municipio","DifferenceRelativeToBaseDate2006_Max_Temperature_RCP85","2025-12","NASA_NEXGDDP_Subnational_AggrDiffStats","https://www.nccs.nasa.gov/services/data-collections/land-based-products/nex-gddp","","Celsius","C",-1.939515,"Difference in Maximum Temperature Relative to the Base Date 2006 for RCP 8.5 Scenario"
"geoId/72005","","Aguadilla Municipio","DifferenceRelativeToBaseDate2006_Max_Temperature_RCP85","2026-01","NASA_NEXGDDP_Subnational_AggrDiffStats","https://www.nccs.nasa.gov/services/data-collections/land-based-products/nex-gddp","","Celsius","C",-0.0204169999999984,"Difference in Maximum Temperature Relative to the Base Date 2006 for RCP 8.5 Scenario"
"geoId/72005","","Aguadilla Municipio","DifferenceRelativeToBaseDate2006_Max_Temperature_RCP85","2026-02","NASA_NEXGDDP_Subnational_AggrDiffStats","https://www.nccs.nasa.gov/services/data-collections/land-based-products/nex-gddp","","Celsius","C",2.772551,"Difference in Maximum Temperature Relative to the Base Date 2006 for RCP 8.5 Scenario"
"geoId/72005","","Aguadilla Municipio","DifferenceRelativeToBaseDate2006_Max_Temperature_RCP85","2026-03","NASA_NEXGDDP_Subnational_AggrDiffStats","https://www.nccs.nasa.gov/services/data-collections/land-based-products/nex-gddp","","Celsius","C",3.476194,"Difference in Maximum Temperature Relative to the Base Date 2006 for RCP 8.5 Scenario"
"geoId/72005","","Aguadilla Municipio","DifferenceRelativeToBaseDate2006_Max_Temperature_RCP85","2026-04","NASA_NEXGDDP_Subnational_AggrDiffStats","https://www.nccs.nasa.gov/services/data-collections/land-based-products/nex-gddp","","Celsius","C",1.654814,"Difference in Maximum Temperature Relative to the Base Date 2006 for RCP 8.5 Scenario"
"geoId/72005","","Aguadilla Municipio","DifferenceRelativeToBaseDate2006_Max_Temperature_RCP85","2026-05","NASA_NEXGDDP_Subnational_AggrDiffStats","https://www.nccs.nasa.gov/services/data-collections/land-based-products/nex-gddp","","Celsius","C",0.606017999999999,"Difference in Maximum Temperature Relative to the Base Date 2006 for RCP 8.5 Scenario"
"geoId/72005","","Aguadilla Municipio","DifferenceRelativeToBaseDate2006_Max_Temperature_RCP85","2026-06","NASA_NEXGDDP_Subnational_AggrDiffStats","https://www.nccs.nasa.gov/services/data-collections/land-based-products/nex-gddp","","Celsius","C",0.623780000000004,"Difference in Maximum Temperature Relative to the Base Date 2006 for RCP 8.5 Scenario"
"geoId/72005","","Aguadilla Municipio","DifferenceRelativeToBaseDate2006_Max_Temperature_RCP85","2026-07","NASA_NEXGDDP_Subnational_AggrDiffStats","https://www.nccs.nasa.gov/services/data-collections/land-based-products/nex-gddp","","Celsius","C",0.109528000000005,"Difference in Maximum Temperature Relative to the Base Date 2006 for RCP 8.5 Scenario"
"geoId/72005","","Aguadilla Municipio","DifferenceRelativeToBaseDate2006_Max_Temperature_RCP85","2026-08","NASA_NEXGDDP_Subnational_AggrDiffStats","https://www.nccs.nasa.gov/services/data-collections/land-based-products/nex-gddp","","Celsius","C",0.911774000000001,"Difference in Maximum Temperature Relative to the Base Date 2006 for RCP 8.5 Scenario"
"geoId/72005","","Aguadilla Municipio","DifferenceRelativeToBaseDate2006_Max_Temperature_RCP85","2026-09","NASA_NEXGDDP_Subnational_AggrDiffStats","https://www.nccs.nasa.gov/services/data-collections/land-based-products/nex-gddp","","Celsius","C",1.264618,"Difference in Maximum Temperature Relative to the Base Date 2006 for RCP 8.5 Scenario"
"geoId/72005","","Aguadilla Municipio","DifferenceRelativeToBaseDate2006_Max_Temperature_RCP85","2026-10","NASA_NEXGDDP_Subnational_AggrDiffStats","https://www.nccs.nasa.gov/services/data-collections/land-based-products/nex-gddp","","Celsius","C",2.011291,"Difference in Maximum Temperature Relative to the Base Date 2006 for RCP 8.5 Scenario"
"geoId/72005","","Aguadilla Municipio","DifferenceRelativeToBaseDate2006_Max_Temperature_RCP85","2026-11","NASA_NEXGDDP_Subnational_AggrDiffStats","https://www.nccs.nasa.gov/services/data-collections/land-based-products/nex-gddp","","Celsius","C",3.102599,"Difference in Maximum Temperature Relative to the Base Date 2006 for RCP 8.5 Scenario"
"geoId/72005","","Aguadilla Municipio","DifferenceRelativeToBaseDate2006_Max_Temperature_RCP85","2026-12","NASA_NEXGDDP_Subnational_AggrDiffStats","https://www.nccs.nasa.gov/services/data-collections/land-based-products/nex-gddp","","Celsius","C",0.565397000000001,"Difference in Maximum Temperature Relative to the Base Date 2006 for RCP 8.5 Scenario"
"geoId/72005","","Aguadilla Municipio","DifferenceRelativeToBaseDate2006_Max_Temperature_RCP85","2027-01","NASA_NEXGDDP_Subnational_AggrDiffStats","https://www.nccs.nasa.gov/services/data-collections/land-based-products/nex-gddp","","Celsius","C",4.661772,"Difference in Maximum Temperature Relative to the Base Date 2006 for RCP 8.5 Scenario"
"geoId/72005","","Aguadilla Municipio","DifferenceRelativeToBaseDate2006_Max_Temperature_RCP85","2027-02","NASA_NEXGDDP_Subnational_AggrDiffStats","https://www.nccs.nasa.gov/services/data-collections/land-based-products/nex-gddp","","Celsius","C",2.182859,"Difference in Maximum Temperature Relative to the Base Date 2006 for RCP 8.5 Scenario"
"geoId/72005","","Aguadilla Municipio","DifferenceRelativeToBaseDate2006_Max_Temperature_RCP85","2027-03","NASA_NEXGDDP_Subnational_AggrDiffStats","https://www.nccs.nasa.gov/services/data-collections/land-based-products/nex-gddp","","Celsius","C",1.071287,"Difference in Maximum Temperature Relative to the Base Date 2006 for RCP 8.5 Scenario"
"geoId/72005","","Aguadilla Municipio","DifferenceRelativeToBaseDate2006_Max_Temperature_RCP85","2027-04","NASA_NEXGDDP_Subnational_AggrDiffStats","https://www.nccs.nasa.gov/services/data-collections/land-based-products/nex-gddp","","Celsius","C",2.080962,"Difference in Maximum Temperature Relative to the Base Date 2006 for RCP 8.5 Scenario"
"geoId/72005","","Aguadilla Municipio","DifferenceRelativeToBaseDate2006_Max_Temperature_RCP85","2027-05","NASA_NEXGDDP_Subnational_AggrDiffStats","https://www.nccs.nasa.gov/services/data-collections/land-based-products/nex-gddp","","Celsius","C",1.793487,"Difference in Maximum Temperature Relative to the Base Date 2006 for RCP 8.5 Scenario"
"geoId/72005","","Aguadilla Municipio","DifferenceRelativeToBaseDate2006_Max_Temperature_RCP85","2027-06","NASA_NEXGDDP_Subnational_AggrDiffStats","https://www.nccs.nasa.gov/services/data-collections/land-based-products/nex-gddp","","Celsius","C",0.600617,"Difference in Maximum Temperature Relative to the Base Date 2006 for RCP 8.5 Scenario"
"geoId/72005","","Aguadilla Municipio","DifferenceRelativeToBaseDate2006_Max_Temperature_RCP85","2027-07","NASA_NEXGDDP_Subnational_AggrDiffStats","https://www.nccs.nasa.gov/services/data-collections/land-based-products/nex-gddp","","Celsius","C",0.0037540000000007,"Difference in Maximum Temperature Relative to the Base Date 2006 for RCP 8.5 Scenario"
"geoId/72005","","Aguadilla Municipio","DifferenceRelativeToBaseDate2006_Max_Temperature_RCP85","2027-08","NASA_NEXGDDP_Subnational_AggrDiffStats","https://www.nccs.nasa.gov/services/data-collections/land-based-products/nex-gddp","","Celsius","C",1.825714,"Difference in Maximum Temperature Relative to the Base Date 2006 for RCP 8.5 Scenario"
"geoId/72005","","Aguadilla Municipio","DifferenceRelativeToBaseDate2006_Max_Temperature_RCP85","2027-09","NASA_NEXGDDP_Subnational_AggrDiffStats","https://www.nccs.nasa.gov/services/data-collections/land-based-products/nex-gddp","","Celsius","C",2.027282,"Difference in Maximum Temperature Relative to the Base Date 2006 for RCP 8.5 Scenario"
"geoId/72005","","Aguadilla Municipio","DifferenceRelativeToBaseDate2006_Max_Temperature_RCP85","2027-10","NASA_NEXGDDP_Subnational_AggrDiffStats","https://www.nccs.nasa.gov/services/data-collections/land-based-products/nex-gddp","","Celsius","C",1.223144,"Difference in Maximum Temperature Relative to the Base Date 2006 for RCP 8.5 Scenario"
"geoId/72005","","Aguadilla Municipio","DifferenceRelativeToBaseDate2006_Max_Temperature_RCP85","2027-11","NASA_NEXGDDP_Subnational_AggrDiffStats","https://www.nccs.nasa.gov/services/data-collections/land-based-products/nex-gddp","","Celsius","C",2.910735,"Difference in Maximum Temperature Relative to the Base Date 2006 for RCP 8.5 Scenario"
"geoId/72005","","Aguadilla Municipio","DifferenceRelativeToBaseDate2006_Max_Temperature_RCP85","2027-12","NASA_NEXGDDP_Subnational_AggrDiffStats","https://www.nccs.nasa.gov/services/data-collections/land-based-products/nex-gddp","","Celsius","C",0.854733999999997,"Difference in Maximum Temperature Relative to the Base Date 2006 for RCP 8.5 Scenario"
"geoId/72005","","Aguadilla Municipio","DifferenceRelativeToBaseDate2006_Max_Temperature_RCP85","2028-01","NASA_NEXGDDP_Subnational_AggrDiffStats","https://www.nccs.nasa.gov/services/data-collections/land-based-products/nex-gddp","","Celsius","C",0.519438999999998,"Difference in Maximum Temperature Relative to the Base Date 2006 for RCP 8.5 Scenario"
"geoId/72005","","Aguadilla Municipio","DifferenceRelativeToBaseDate2006_Max_Temperature_RCP85","2028-02","NASA_NEXGDDP_Subnational_AggrDiffStats","https://www.nccs.nasa.gov/services/data-collections/land-based-products/nex-gddp","","Celsius","C",0.753632,"Difference in Maximum Temperature Relative to the Base Date 2006 for RCP 8.5 Scenario"
"geoId/72005","","Aguadilla Municipio","DifferenceRelativeToBaseDate2006_Max_Temperature_RCP85","2028-03","NASA_NEXGDDP_Subnational_AggrDiffStats","https://www.nccs.nasa.gov/services/data-collections/land-based-products/nex-gddp","","Celsius","C",2.497739,"Difference in Maximum Temperature Relative to the Base Date 2006 for RCP 8.5 Scenario"
"geoId/72005","","Aguadilla Municipio","DifferenceRelativeToBaseDate2006_Max_Temperature_RCP85","2028-04","NASA_NEXGDDP_Subnational_AggrDiffStats","https://www.nccs.nasa.gov/services/data-collections/land-based-products/nex-gddp","","Celsius","C",5.452849,"Difference in Maximum Temperature Relative to the Base Date 2006 for RCP 8.5 Scenario"
"geoId/72005","","Aguadilla Municipio","DifferenceRelativeToBaseDate2006_Max_Temperature_RCP85","2028-05","NASA_NEXGDDP_Subnational_AggrDiffStats","https://www.nccs.nasa.gov/services/data-collections/land-based-products/nex-gddp","","Celsius","C",3.226013,"Difference in Maximum Temperature Relative to the Base Date 2006 for RCP 8.5 Scenario"
"geoId/72005","","Aguadilla Municipio","DifferenceRelativeToBaseDate2006_Max_Temperature_RCP85","2028-06","NASA_NEXGDDP_Subnational_AggrDiffStats","https://www.nccs.nasa.gov/services/data-collections/land-based-products/nex-gddp","","Celsius","C",1.34057600000001,"Difference in Maximum Temperature Relative to the Base Date 2006 for RCP 8.5 Scenario"
"geoId/72005","","Aguadilla Municipio","DifferenceRelativeToBaseDate2006_Max_Temperature_RCP85","2028-07","NASA_NEXGDDP_Subnational_AggrDiffStats","https://www.nccs.nasa.gov/services/data-collections/land-based-products/nex-gddp","","Celsius","C",1.884156,"Difference in Maximum Temperature Relative to the Base Date 2006 for RCP 8.5 Scenario"
"geoId/72005","","Aguadilla Municipio","DifferenceRelativeToBaseDate2006_Max_Temperature_RCP85","2028-08","NASA_NEXGDDP_Subnational_AggrDiffStats","https://www.nccs.nasa.gov/services/data-collections/land-based-products/nex-gddp","","Celsius","C",2.369781,"Difference in Maximum Temperature Relative to the Base Date 2006 for RCP 8.5 Scenario"
"geoId/72005","","Aguadilla Municipio","DifferenceRelativeToBaseDate2006_Max_Temperature_RCP85","2028-09","NASA_NEXGDDP_Subnational_AggrDiffStats","https://www.nccs.nasa.gov/services/data-collections/land-based-products/nex-gddp","","Celsius","C",0.903075999999999,"Difference in Maximum Temperature Relative to the Base Date 2006 for RCP 8.5 Scenario"
"geoId/72005","","Aguadilla Municipio","DifferenceRelativeToBaseDate2006_Max_Temperature_RCP85","2028-10","NASA_NEXGDDP_Subnational_AggrDiffStats","https://www.nccs.nasa.gov/services/data-collections/land-based-products/nex-gddp","","Celsius","C",1.260894,"Difference in Maximum Temperature Relative to the Base Date 2006 for RCP 8.5 Scenario"
"geoId/72005","","Aguadilla Municipio","DifferenceRelativeToBaseDate2006_Max_Temperature_RCP85","2028-11","NASA_NEXGDDP_Subnational_AggrDiffStats","https://www.nccs.nasa.gov/services/data-collections/land-based-products/nex-gddp","","Celsius","C",2.173033,"Difference in Maximum Temperature Relative to the Base Date 2006 for RCP 8.5 Scenario"
"geoId/72005","","Aguadilla Municipio","DifferenceRelativeToBaseDate2006_Max_Temperature_RCP85","2028-12","NASA_NEXGDDP_Subnational_AggrDiffStats","https://www.nccs.nasa.gov/services/data-collections/land-based-products/nex-gddp","","Celsius","C",2.845396,"Difference in Maximum Temperature Relative to the Base Date 2006 for RCP 8.5 Scenario"
"geoId/72005","","Aguadilla Municipio","DifferenceRelativeToBaseDate2006_Max_Temperature_RCP85","2029-01","NASA_NEXGDDP_Subnational_AggrDiffStats","https://www.nccs.nasa.gov/services/data-collections/land-based-products/nex-gddp","","Celsius","C",3.875913,"Difference in Maximum Temperature Relative to the Base Date 2006 for RCP 8.5 Scenario"
"geoId/72005","","Aguadilla Municipio","DifferenceRelativeToBaseDate2006_Max_Temperature_RCP85","2029-02","NASA_NEXGDDP_Subnational_AggrDiffStats","https://www.nccs.nasa.gov/services/data-collections/land-based-products/nex-gddp","","Celsius","C",6.221006,"Difference in Maximum Temperature Relative to the Base Date 2006 for RCP 8.5 Scenario"
"geoId/72005","","Aguadilla Municipio","DifferenceRelativeToBaseDate2006_Max_Temperature_RCP85","2029-03","NASA_NEXGDDP_Subnational_AggrDiffStats","https://www.nccs.nasa.gov/services/data-collections/land-based-products/nex-gddp","","Celsius","C",3.093198,"Difference in Maximum Temperature Relative to the Base Date 2006 for RCP 8.5 Scenario"
"geoId/72005","","Aguadilla Municipio","DifferenceRelativeToBaseDate2006_Max_Temperature_RCP85","2029-04","NASA_NEXGDDP_Subnational_AggrDiffStats","https://www.nccs.nasa.gov/services/data-collections/land-based-products/nex-gddp","","Celsius","C",3.538115,"Difference in Maximum Temperature Relative to the Base Date 2006 for RCP 8.5 Scenario"
"geoId/72005","","Aguadilla Municipio","DifferenceRelativeToBaseDate2006_Max_Temperature_RCP85","2029-05","NASA_NEXGDDP_Subnational_AggrDiffStats","https://www.nccs.nasa.gov/services/data-collections/land-based-products/nex-gddp","","Celsius","C",2.366638,"Difference in Maximum Temperature Relative to the Base Date 2006 for RCP 8.5 Scenario"
"geoId/72005","","Aguadilla Municipio","DifferenceRelativeToBaseDate2006_Max_Temperature_RCP85","2029-06","NASA_NEXGDDP_Subnational_AggrDiffStats","https://www.nccs.nasa.gov/services/data-collections/land-based-products/nex-gddp","","Celsius","C",-0.0189819999999941,"Difference in Maximum Temperature Relative to the Base Date 2006 for RCP 8.5 Scenario"
"geoId/72005","","Aguadilla Municipio","DifferenceRelativeToBaseDate2006_Max_Temperature_RCP85","2029-07","NASA_NEXGDDP_Subnational_AggrDiffStats","https://www.nccs.nasa.gov/services/data-collections/land-based-products/nex-gddp","","Celsius","C",-0.172118999999995,"Difference in Maximum Temperature Relative to the Base Date 2006 for RCP 8.5 Scenario"
"geoId/72005","","Aguadilla Municipio","DifferenceRelativeToBaseDate2006_Max_Temperature_RCP85","2029-08","NASA_NEXGDDP_Subnational_AggrDiffStats","https://www.nccs.nasa.gov/services/data-collections/land-based-products/nex-gddp","","Celsius","C",0.442230000000002,"Difference in Maximum Temperature Relative to the Base Date 2006 for RCP 8.5 Scenario"
"geoId/72005","","Aguadilla Municipio","DifferenceRelativeToBaseDate2006_Max_Temperature_RCP85","2029-09","NASA_NEXGDDP_Subnational_AggrDiffStats","https://www.nccs.nasa.gov/services/data-collections/land-based-products/nex-gddp","","Celsius","C",0.586975000000002,"Difference in Maximum Temperature Relative to the Base Date 2006 for RCP 8.5 Scenario"
"geoId/72005","","Aguadilla Municipio","DifferenceRelativeToBaseDate2006_Max_Temperature_RCP85","2029-10","NASA_NEXGDDP_Subnational_AggrDiffStats","https://www.nccs.nasa.gov/services/data-collections/land-based-products/nex-gddp","","Celsius","C",1.098724,"Difference in Maximum Temperature Relative to the Base Date 2006 for RCP 8.5 Scenario"
"geoId/72005","","Aguadilla Municipio","DifferenceRelativeToBaseDate2006_Max_Temperature_RCP85","2029-11","NASA_NEXGDDP_Subnational_AggrDiffStats","https://www.nccs.nasa.gov/services/data-collections/land-based-products/nex-gddp","","Celsius","C",1.991667,"Difference in Maximum Temperature Relative to the Base Date 2006 for RCP 8.5 Scenario"
"geoId/72005","","Aguadilla Municipio","DifferenceRelativeToBaseDate2006_Max_Temperature_RCP85","2029-12","NASA_NEXGDDP_Subnational_AggrDiffStats","https://www.nccs.nasa.gov/services/data-collections/land-based-products/nex-gddp","","Celsius","C",0.335508000000001,"Difference in Maximum Temperature Relative to the Base Date 2006 for RCP 8.5 Scenario"
"geoId/72005","","Aguadilla Municipio","DifferenceRelativeToBaseDate2006_Max_Temperature_RCP85","2030-01","NASA_NEXGDDP_Subnational_AggrDiffStats","https://www.nccs.nasa.gov/services/data-collections/land-based-products/nex-gddp","","Celsius","C",1.566406,"Difference in Maximum Temperature Relative to the Base Date 2006 for RCP 8.5 Scenario"
"geoId/72005","","Aguadilla Municipio","DifferenceRelativeToBaseDate2006_Max_Temperature_RCP85","2030-02","NASA_NEXGDDP_Subnational_AggrDiffStats","https://www.nccs.nasa.gov/services/data-collections/land-based-products/nex-gddp","","Celsius","C",1.069336,"Difference in Maximum Temperature Relative to the Base Date 2006 for RCP 8.5 Scenario"
"geoId/72005","","Aguadilla Municipio","DifferenceRelativeToBaseDate2006_Max_Temperature_RCP85","2030-03","NASA_NEXGDDP_Subnational_AggrDiffStats","https://www.nccs.nasa.gov/services/data-collections/land-based-products/nex-gddp","","Celsius","C",-0.0356750000000012,"Difference in Maximum Temperature Relative to the Base Date 2006 for RCP 8.5 Scenario"
"geoId/72005","","Aguadilla Municipio","DifferenceRelativeToBaseDate2006_Max_Temperature_RCP85","2030-04","NASA_NEXGDDP_Subnational_AggrDiffStats","https://www.nccs.nasa.gov/services/data-collections/land-based-products/nex-gddp","","Celsius","C",0.760193000000001,"Difference in Maximum Temperature Relative to the Base Date 2006 for RCP 8.5 Scenario"
"geoId/72005","","Aguadilla Municipio","DifferenceRelativeToBaseDate2006_Max_Temperature_RCP85","2030-05","NASA_NEXGDDP_Subnational_AggrDiffStats","https://www.nccs.nasa.gov/services/data-collections/land-based-products/nex-gddp","","Celsius","C",-0.316984999999999,"Difference in Maximum Temperature Relative to the Base Date 2006 for RCP 8.5 Scenario"
"geoId/72005","","Aguadilla Municipio","DifferenceRelativeToBaseDate2006_Max_Temperature_RCP85","2030-06","NASA_NEXGDDP_Subnational_AggrDiffStats","https://www.nccs.nasa.gov/services/data-collections/land-based-products/nex-gddp","","Celsius","C",-0.613097999999994,"Difference in Maximum Temperature Relative to the Base Date 2006 for RCP 8.5 Scenario"
"geoId/72005","","Aguadilla Municipio","DifferenceRelativeToBaseDate2006_Max_Temperature_RCP85","2030-07","NASA_NEXGDDP_Subnational_AggrDiffStats","https://www.nccs.nasa.gov/services/data-collections/land-based-products/nex-gddp","","Celsius","C",-0.567015999999995,"Difference in Maximum Temperature Relative to the Base Date 2006 for RCP 8.5 Scenario"
"geoId/72005","","Aguadilla Municipio","DifferenceRelativeToBaseDate2006_Max_Temperature_RCP85","2030-08","NASA_NEXGDDP_Subnational_AggrDiffStats","https://www.nccs.nasa.gov/services/data-collections/land-based-products/nex-gddp","","Celsius","C",0.747070000000001,"Difference in Maximum Temperature Relative to the Base Date 2006 for RCP 8.5 Scenario"
"geoId/72005","","Aguadilla Municipio","DifferenceRelativeToBaseDate2006_Max_Temperature_RCP85","2030-09","NASA_NEXGDDP_Subnational_AggrDiffStats","https://www.nccs.nasa.gov/services/data-collections/land-based-products/nex-gddp","","Celsius","C",-0.0309150000000002,"Difference in Maximum Temperature Relative to the Base Date 2006 for RCP 8.5 Scenario"
"geoId/72005","","Aguadilla Municipio","DifferenceRelativeToBaseDate2006_Max_Temperature_RCP85","2030-10","NASA_NEXGDDP_Subnational_AggrDiffStats","https://www.nccs.nasa.gov/services/data-collections/land-based-products/nex-gddp","","Celsius","C",0.0567619999999991,"Difference in Maximum Temperature Relative to the Base Date 2006 for RCP 8.5 Scenario"
"geoId/72005","","Aguadilla Municipio","DifferenceRelativeToBaseDate2006_Max_Temperature_RCP85","2030-11","NASA_NEXGDDP_Subnational_AggrDiffStats","https://www.nccs.nasa.gov/services/data-collections/land-based-products/nex-gddp","","Celsius","C",1.397307,"Difference in Maximum Temperature Relative to the Base Date 2006 for RCP 8.5 Scenario"
"geoId/72005","","Aguadilla Municipio","DifferenceRelativeToBaseDate2006_Max_Temperature_RCP85","2030-12","NASA_NEXGDDP_Subnational_AggrDiffStats","https://www.nccs.nasa.gov/services/data-collections/land-based-products/nex-gddp","","Celsius","C",-1.331116,"Difference in Maximum Temperature Relative to the Base Date 2006 for RCP 8.5 Scenario"
"geoId/72005","","Aguadilla Municipio","DifferenceRelativeToBaseDate2006_Max_Temperature_RCP85","2031-01","NASA_NEXGDDP_Subnational_AggrDiffStats","https://www.nccs.nasa.gov/services/data-collections/land-based-products/nex-gddp","","Celsius","C",2.22183,"Difference in Maximum Temperature Relative to the Base Date 2006 for RCP 8.5 Scenario"
"geoId/72005","","Aguadilla Municipio","DifferenceRelativeToBaseDate2006_Max_Temperature_RCP85","2031-02","NASA_NEXGDDP_Subnational_AggrDiffStats","https://www.nccs.nasa.gov/services/data-collections/land-based-products/nex-gddp","","Celsius","C",2.540525,"Difference in Maximum Temperature Relative to the Base Date 2006 for RCP 8.5 Scenario"
"geoId/72005","","Aguadilla Municipio","DifferenceRelativeToBaseDate2006_Max_Temperature_RCP85","2031-03","NASA_NEXGDDP_Subnational_AggrDiffStats","https://www.nccs.nasa.gov/services/data-collections/land-based-products/nex-gddp","","Celsius","C",0.644591999999999,"Difference in Maximum Temperature Relative to the Base Date 2006 for RCP 8.5 Scenario"
"geoId/72005","","Aguadilla Municipio","DifferenceRelativeToBaseDate2006_Max_Temperature_RCP85","2031-04","NASA_NEXGDDP_Subnational_AggrDiffStats","https://www.nccs.nasa.gov/services/data-collections/land-based-products/nex-gddp","","Celsius","C",4.394347,"Difference in Maximum Temperature Relative to the Base Date 2006 for RCP 8.5 Scenario"
"geoId/72005","","Aguadilla Municipio","DifferenceRelativeToBaseDate2006_Max_Temperature_RCP85","2031-05","NASA_NEXGDDP_Subnational_AggrDiffStats","https://www.nccs.nasa.gov/services/data-collections/land-based-products/nex-gddp","","Celsius","C",0.914794000000001,"Difference in Maximum Temperature Relative to the Base Date 2006 for RCP 8.5 Scenario"
"geoId/72005","","Aguadilla Municipio","DifferenceRelativeToBaseDate2006_Max_Temperature_RCP85","2031-06","NASA_NEXGDDP_Subnational_AggrDiffStats","https://www.nccs.nasa.gov/services/data-collections/land-based-products/nex-gddp","","Celsius","C",2.27063,"Difference in Maximum Temperature Relative to the Base Date 2006 for RCP 8.5 Scenario"
"geoId/72005","","Aguadilla Municipio","DifferenceRelativeToBaseDate2006_Max_Temperature_RCP85","2031-07","NASA_NEXGDDP_Subnational_AggrDiffStats","https://www.nccs.nasa.gov/services/data-collections/land-based-products/nex-gddp","","Celsius","C",1.155335,"Difference in Maximum Temperature Relative to the Base Date 2006 for RCP 8.5 Scenario"
"geoId/72005","","Aguadilla Municipio","DifferenceRelativeToBaseDate2006_Max_Temperature_RCP85","2031-08","NASA_NEXGDDP_Subnational_AggrDiffStats","https://www.nccs.nasa.gov/services/data-collections/land-based-products/nex-gddp","","Celsius","C",1.701965,"Difference in Maximum Temperature Relative to the Base Date 2006 for RCP 8.5 Scenario"
"geoId/72005","","Aguadilla Municipio","DifferenceRelativeToBaseDate2006_Max_Temperature_RCP85","2031-09","NASA_NEXGDDP_Subnational_AggrDiffStats","https://www.nccs.nasa.gov/services/data-collections/land-based-products/nex-gddp","","Celsius","C",3.379272,"Difference in Maximum Temperature Relative to the Base Date 2006 for RCP 8.5 Scenario"
"geoId/72005","","Aguadilla Municipio","DifferenceRelativeToBaseDate2006_Max_Temperature_RCP85","2031-10","NASA_NEXGDDP_Subnational_AggrDiffStats","https://www.nccs.nasa.gov/services/data-collections/land-based-products/nex-gddp","","Celsius","C",2.694915,"Difference in Maximum Temperature Relative to the Base Date 2006 for RCP 8.5 Scenario"
"geoId/72005","","Aguadilla Municipio","DifferenceRelativeToBaseDate2006_Max_Temperature_RCP85","2031-11","NASA_NEXGDDP_Subnational_AggrDiffStats","https://www.nccs.nasa.gov/services/data-collections/land-based-products/nex-gddp","","Celsius","C",1.946257,"Difference in Maximum Temperature Relative to the Base Date 2006 for RCP 8.5 Scenario"
"geoId/72005","","Aguadilla Municipio","DifferenceRelativeToBaseDate2006_Max_Temperature_RCP85","2031-12","NASA_NEXGDDP_Subnational_AggrDiffStats","https://www.nccs.nasa.gov/services/data-collections/land-based-products/nex-gddp","","Celsius","C",2.600919,"Difference in Maximum Temperature Relative to the Base Date 2006 for RCP 8.5 Scenario"
"geoId/72005","","Aguadilla Municipio","DifferenceRelativeToBaseDate2006_Max_Temperature_RCP85","2032-01","NASA_NEXGDDP_Subnational_AggrDiffStats","https://www.nccs.nasa.gov/services/data-collections/land-based-products/nex-gddp","","Celsius","C",1.549164,"Difference in Maximum Temperature Relative to the Base Date 2006 for RCP 8.5 Scenario"
"geoId/72005","","Aguadilla Municipio","DifferenceRelativeToBaseDate2006_Max_Temperature_RCP85","2032-02","NASA_NEXGDDP_Subnational_AggrDiffStats","https://www.nccs.nasa.gov/services/data-collections/land-based-products/nex-gddp","","Celsius","C",2.051786,"Difference in Maximum Temperature Relative to the Base Date 2006 for RCP 8.5 Scenario"
"geoId/72005","","Aguadilla Municipio","DifferenceRelativeToBaseDate2006_Max_Temperature_RCP85","2032-03","NASA_NEXGDDP_Subnational_AggrDiffStats","https://www.nccs.nasa.gov/services/data-collections/land-based-products/nex-gddp","","Celsius","C",1.385679,"Difference in Maximum Temperature Relative to the Base Date 2006 for RCP 8.5 Scenario"
"geoId/72005","","Aguadilla Municipio","DifferenceRelativeToBaseDate2006_Max_Temperature_RCP85","2032-04","NASA_NEXGDDP_Subnational_AggrDiffStats","https://www.nccs.nasa.gov/services/data-collections/land-based-products/nex-gddp","","Celsius","C",2.60797,"Difference in Maximum Temperature Relative to the Base Date 2006 for RCP 8.5 Scenario"
"geoId/72005","","Aguadilla Municipio","DifferenceRelativeToBaseDate2006_Max_Temperature_RCP85","2032-05","NASA_NEXGDDP_Subnational_AggrDiffStats","https://www.nccs.nasa.gov/services/data-collections/land-based-products/nex-gddp","","Celsius","C",1.20755,"Difference in Maximum Temperature Relative to the Base Date 2006 for RCP 8.5 Scenario"
"geoId/72005","","Aguadilla Municipio","DifferenceRelativeToBaseDate2006_Max_Temperature_RCP85","2032-06","NASA_NEXGDDP_Subnational_AggrDiffStats","https://www.nccs.nasa.gov/services/data-collections/land-based-products/nex-gddp","","Celsius","C",0.838349000000001,"Difference in Maximum Temperature Relative to the Base Date 2006 for RCP 8.5 Scenario"
"geoId/72005","","Aguadilla Municipio","DifferenceRelativeToBaseDate2006_Max_Temperature_RCP85","2032-07","NASA_NEXGDDP_Subnational_AggrDiffStats","https://www.nccs.nasa.gov/services/data-collections/land-based-products/nex-gddp","","Celsius","C",1.44928,"Difference in Maximum Temperature Relative to the Base Date 2006 for RCP 8.5 Scenario"
"geoId/72005","","Aguadilla Municipio","DifferenceRelativeToBaseDate2006_Max_Temperature_RCP85","2032-08","NASA_NEXGDDP_Subnational_AggrDiffStats","https://www.nccs.nasa.gov/services/data-collections/land-based-products/nex-gddp","","Celsius","C",2.047943,"Difference in Maximum Temperature Relative to the Base Date 2006 for RCP 8.5 Scenario"
"geoId/72005","","Aguadilla Municipio","DifferenceRelativeToBaseDate2006_Max_Temperature_RCP85","2032-09","NASA_NEXGDDP_Subnational_AggrDiffStats","https://www.nccs.nasa.gov/services/data-collections/land-based-products/nex-gddp","","Celsius","C",2.39563,"Difference in Maximum Temperature Relative to the Base Date 2006 for RCP 8.5 Scenario"
"geoId/72005","","Aguadilla Municipio","DifferenceRelativeToBaseDate2006_Max_Temperature_RCP85","2032-10","NASA_NEXGDDP_Subnational_AggrDiffStats","https://www.nccs.nasa.gov/services/data-collections/land-based-products/nex-gddp","","Celsius","C",1.272277,"Difference in Maximum Temperature Relative to the Base Date 2006 for RCP 8.5 Scenario"
"geoId/72005","","Aguadilla Municipio","DifferenceRelativeToBaseDate2006_Max_Temperature_RCP85","2032-11","NASA_NEXGDDP_Subnational_AggrDiffStats","https://www.nccs.nasa.gov/services/data-collections/land-based-products/nex-gddp","","Celsius","C",1.62567,"Difference in Maximum Temperature Relative to the Base Date 2006 for RCP 8.5 Scenario"
"geoId/72005","","Aguadilla Municipio","DifferenceRelativeToBaseDate2006_Max_Temperature_RCP85","2032-12","NASA_NEXGDDP_Subnational_AggrDiffStats","https://www.nccs.nasa.gov/services/data-collections/land-based-products/nex-gddp","","Celsius","C",0.126920000000002,"Difference in Maximum Temperature Relative to the Base Date 2006 for RCP 8.5 Scenario"
"geoId/72005","","Aguadilla Municipio","DifferenceRelativeToBaseDate2006_Max_Temperature_RCP85","2033-01","NASA_NEXGDDP_Subnational_AggrDiffStats","https://www.nccs.nasa.gov/services/data-collections/land-based-products/nex-gddp","","Celsius","C",1.237304,"Difference in Maximum Temperature Relative to the Base Date 2006 for RCP 8.5 Scenario"
"geoId/72005","","Aguadilla Municipio","DifferenceRelativeToBaseDate2006_Max_Temperature_RCP85","2033-02","NASA_NEXGDDP_Subnational_AggrDiffStats","https://www.nccs.nasa.gov/services/data-collections/land-based-products/nex-gddp","","Celsius","C",3.44409,"Difference in Maximum Temperature Relative to the Base Date 2006 for RCP 8.5 Scenario"
"geoId/72005","","Aguadilla Municipio","DifferenceRelativeToBaseDate2006_Max_Temperature_RCP85","2033-03","NASA_NEXGDDP_Subnational_AggrDiffStats","https://www.nccs.nasa.gov/services/data-collections/land-based-products/nex-gddp","","Celsius","C",0.373564999999999,"Difference in Maximum Temperature Relative to the Base Date 2006 for RCP 8.5 Scenario"
"geoId/72005","","Aguadilla Municipio","DifferenceRelativeToBaseDate2006_Max_Temperature_RCP85","2033-04","NASA_NEXGDDP_Subnational_AggrDiffStats","https://www.nccs.nasa.gov/services/data-collections/land-based-products/nex-gddp","","Celsius","C",3.519621,"Difference in Maximum Temperature Relative to the Base Date 2006 for RCP 8.5 Scenario"
"geoId/72005","","Aguadilla Municipio","DifferenceRelativeToBaseDate2006_Max_Temperature_RCP85","2033-05","NASA_NEXGDDP_Subnational_AggrDiffStats","https://www.nccs.nasa.gov/services/data-collections/land-based-products/nex-gddp","","Celsius","C",2.859741,"Difference in Maximum Temperature Relative to the Base Date 2006 for RCP 8.5 Scenario"
"geoId/72005","","Aguadilla Municipio","DifferenceRelativeToBaseDate2006_Max_Temperature_RCP85","2033-06","NASA_NEXGDDP_Subnational_AggrDiffStats","https://www.nccs.nasa.gov/services/data-collections/land-based-products/nex-gddp","","Celsius","C",1.333679,"Difference in Maximum Temperature Relative to the Base Date 2006 for RCP 8.5 Scenario"
"geoId/72005","","Aguadilla Municipio","DifferenceRelativeToBaseDate2006_Max_Temperature_RCP85","2033-07","NASA_NEXGDDP_Subnational_AggrDiffStats","https://www.nccs.nasa.gov/services/data-collections/land-based-products/nex-gddp","","Celsius","C",0.316590000000005,"Difference in Maximum Temperature Relative to the Base Date 2006 for RCP 8.5 Scenario"
"geoId/72005","","Aguadilla Municipio","DifferenceRelativeToBaseDate2006_Max_Temperature_RCP85","2033-08","NASA_NEXGDDP_Subnational_AggrDiffStats","https://www.nccs.nasa.gov/services/data-collections/land-based-products/nex-gddp","","Celsius","C",1.241394,"Difference in Maximum Temperature Relative to the Base Date 2006 for RCP 8.5 Scenario"
"geoId/72005","","Aguadilla Municipio","DifferenceRelativeToBaseDate2006_Max_Temperature_RCP85","2033-09","NASA_NEXGDDP_Subnational_AggrDiffStats","https://www.nccs.nasa.gov/services/data-collections/land-based-products/nex-gddp","","Celsius","C",1.324127,"Difference in Maximum Temperature Relative to the Base Date 2006 for RCP 8.5 Scenario"
"geoId/72005","","Aguadilla Municipio","DifferenceRelativeToBaseDate2006_Max_Temperature_RCP85","2033-10","NASA_NEXGDDP_Subnational_AggrDiffStats","https://www.nccs.nasa.gov/services/data-collections/land-based-products/nex-gddp","","Celsius","C",1.659362,"Difference in Maximum Temperature Relative to the Base Date 2006 for RCP 8.5 Scenario"
"geoId/72005","","Aguadilla Municipio","DifferenceRelativeToBaseDate2006_Max_Temperature_RCP85","2033-11","NASA_NEXGDDP_Subnational_AggrDiffStats","https://www.nccs.nasa.gov/services/data-collections/land-based-products/nex-gddp","","Celsius","C",2.043944,"Difference in Maximum Temperature Relative to the Base Date 2006 for RCP 8.5 Scenario"
"geoId/72005","","Aguadilla Municipio","DifferenceRelativeToBaseDate2006_Max_Temperature_RCP85","2033-12","NASA_NEXGDDP_Subnational_AggrDiffStats","https://www.nccs.nasa.gov/services/data-collections/land-based-products/nex-gddp","","Celsius","C",0.121701999999996,"Difference in Maximum Temperature Relative to the Base Date 2006 for RCP 8.5 Scenario"
"geoId/72005","","Aguadilla Municipio","DifferenceRelativeToBaseDate2006_Max_Temperature_RCP85","2034-01","NASA_NEXGDDP_Subnational_AggrDiffStats","https://www.nccs.nasa.gov/services/data-collections/land-based-products/nex-gddp","","Celsius","C",2.006012,"Difference in Maximum Temperature Relative to the Base Date 2006 for RCP 8.5 Scenario"
"geoId/72005","","Aguadilla Municipio","DifferenceRelativeToBaseDate2006_Max_Temperature_RCP85","2034-02","NASA_NEXGDDP_Subnational_AggrDiffStats","https://www.nccs.nasa.gov/services/data-collections/land-based-products/nex-gddp","","Celsius","C",1.354797,"Difference in Maximum Temperature Relative to the Base Date 2006 for RCP 8.5 Scenario"
"geoId/72005","","Aguadilla Municipio","DifferenceRelativeToBaseDate2006_Max_Temperature_RCP85","2034-03","NASA_NEXGDDP_Subnational_AggrDiffStats","https://www.nccs.nasa.gov/services/data-collections/land-based-products/nex-gddp","","Celsius","C",2.839475,"Difference in Maximum Temperature Relative to the Base Date 2006 for RCP 8.5 Scenario"
"geoId/72005","","Aguadilla Municipio","DifferenceRelativeToBaseDate2006_Max_Temperature_RCP85","2034-04","NASA_NEXGDDP_Subnational_AggrDiffStats","https://www.nccs.nasa.gov/services/data-collections/land-based-products/nex-gddp","","Celsius","C",2.785674,"Difference in Maximum Temperature Relative to the Base Date 2006 for RCP 8.5 Scenario"
"geoId/72005","","Aguadilla Municipio","DifferenceRelativeToBaseDate2006_Max_Temperature_RCP85","2034-05","NASA_NEXGDDP_Subnational_AggrDiffStats","https://www.nccs.nasa.gov/services/data-collections/land-based-products/nex-gddp","","Celsius","C",2.537323,"Difference in Maximum Temperature Relative to the Base Date 2006 for RCP 8.5 Scenario"
"geoId/72005","","Aguadilla Municipio","DifferenceRelativeToBaseDate2006_Max_Temperature_RCP85","2034-06","NASA_NEXGDDP_Subnational_AggrDiffStats","https://www.nccs.nasa.gov/services/data-collections/land-based-products/nex-gddp","","Celsius","C",1.61227400000001,"Difference in Maximum Temperature Relative to the Base Date 2006 for RCP 8.5 Scenario"
"geoId/72005","","Aguadilla Municipio","DifferenceRelativeToBaseDate2006_Max_Temperature_RCP85","2034-07","NASA_NEXGDDP_Subnational_AggrDiffStats","https://www.nccs.nasa.gov/services/data-collections/land-based-products/nex-gddp","","Celsius","C",0.609101000000003,"Difference in Maximum Temperature Relative to the Base Date 2006 for RCP 8.5 Scenario"
"geoId/72005","","Aguadilla Municipio","DifferenceRelativeToBaseDate2006_Max_Temperature_RCP85","2034-08","NASA_NEXGDDP_Subnational_AggrDiffStats","https://www.nccs.nasa.gov/services/data-collections/land-based-products/nex-gddp","","Celsius","C",1.402466,"Difference in Maximum Temperature Relative to the Base Date 2006 for RCP 8.5 Scenario"
"geoId/72005","","Aguadilla Municipio","DifferenceRelativeToBaseDate2006_Max_Temperature_RCP85","2034-09","NASA_NEXGDDP_Subnational_AggrDiffStats","https://www.nccs.nasa.gov/services/data-collections/land-based-products/nex-gddp","","Celsius","C",2.037597,"Difference in Maximum Temperature Relative to the Base Date 2006 for RCP 8.5 Scenario"
"geoId/72005","","Aguadilla Municipio","DifferenceRelativeToBaseDate2006_Max_Temperature_RCP85","2034-10","NASA_NEXGDDP_Subnational_AggrDiffStats","https://www.nccs.nasa.gov/services/data-collections/land-based-products/nex-gddp","","Celsius","C",1.375305,"Difference in Maximum Temperature Relative to the Base Date 2006 for RCP 8.5 Scenario"
"geoId/72005","","Aguadilla Municipio","DifferenceRelativeToBaseDate2006_Max_Temperature_RCP85","2034-11","NASA_NEXGDDP_Subnational_AggrDiffStats","https://www.nccs.nasa.gov/services/data-collections/land-based-products/nex-gddp","","Celsius","C",1.732237,"Difference in Maximum Temperature Relative to the Base Date 2006 for RCP 8.5 Scenario"
"geoId/72005","","Aguadilla Municipio","DifferenceRelativeToBaseDate2006_Max_Temperature_RCP85","2034-12","NASA_NEXGDDP_Subnational_AggrDiffStats","https://www.nccs.nasa.gov/services/data-collections/land-based-products/nex-gddp","","Celsius","C",0.304562999999998,"Difference in Maximum Temperature Relative to the Base Date 2006 for RCP 8.5 Scenario"
"geoId/72005","","Aguadilla Municipio","DifferenceRelativeToBaseDate2006_Max_Temperature_RCP85","2035-01","NASA_NEXGDDP_Subnational_AggrDiffStats","https://www.nccs.nasa.gov/services/data-collections/land-based-products/nex-gddp","","Celsius","C",0.838287000000001,"Difference in Maximum Temperature Relative to the Base Date 2006 for RCP 8.5 Scenario"
"geoId/72005","","Aguadilla Municipio","DifferenceRelativeToBaseDate2006_Max_Temperature_RCP85","2035-02","NASA_NEXGDDP_Subnational_AggrDiffStats","https://www.nccs.nasa.gov/services/data-collections/land-based-products/nex-gddp","","Celsius","C",2.299711,"Difference in Maximum Temperature Relative to the Base Date 2006 for RCP 8.5 Scenario"
"geoId/72005","","Aguadilla Municipio","DifferenceRelativeToBaseDate2006_Max_Temperature_RCP85","2035-03","NASA_NEXGDDP_Subnational_AggrDiffStats","https://www.nccs.nasa.gov/services/data-collections/land-based-products/nex-gddp","","Celsius","C",1.571531,"Difference in Maximum Temperature Relative to the Base Date 2006 for RCP 8.5 Scenario"
"geoId/72005","","Aguadilla Municipio","DifferenceRelativeToBaseDate2006_Max_Temperature_RCP85","2035-04","NASA_NEXGDDP_Subnational_AggrDiffStats","https://www.nccs.nasa.gov/services/data-collections/land-based-products/nex-gddp","","Celsius","C",2.777159,"Difference in Maximum Temperature Relative to the Base Date 2006 for RCP 8.5 Scenario"
"geoId/72005","","Aguadilla Municipio","DifferenceRelativeToBaseDate2006_Max_Temperature_RCP85","2035-05","NASA_NEXGDDP_Subnational_AggrDiffStats","https://www.nccs.nasa.gov/services/data-collections/land-based-products/nex-gddp","","Celsius","C",1.935363,"Difference in Maximum Temperature Relative to the Base Date 2006 for RCP 8.5 Scenario"
"geoId/72005","","Aguadilla Municipio","DifferenceRelativeToBaseDate2006_Max_Temperature_RCP85","2035-06","NASA_NEXGDDP_Subnational_AggrDiffStats","https://www.nccs.nasa.gov/services/data-collections/land-based-products/nex-gddp","","Celsius","C",1.359558,"Difference in Maximum Temperature Relative to the Base Date 2006 for RCP 8.5 Scenario"
"geoId/72005","","Aguadilla Municipio","DifferenceRelativeToBaseDate2006_Max_Temperature_RCP85","2035-07","NASA_NEXGDDP_Subnational_AggrDiffStats","https://www.nccs.nasa.gov/services/data-collections/land-based-products/nex-gddp","","Celsius","C",0.909852000000001,"Difference in Maximum Temperature Relative to the Base Date 2006 for RCP 8.5 Scenario"
"geoId/72005","","Aguadilla Municipio","DifferenceRelativeToBaseDate2006_Max_Temperature_RCP85","2035-08","NASA_NEXGDDP_Subnational_AggrDiffStats","https://www.nccs.nasa.gov/services/data-collections/land-based-products/nex-gddp","","Celsius","C",1.561432,"Difference in Maximum Temperature Relative to the Base Date 2006 for RCP 8.5 Scenario"
"geoId/72005","","Aguadilla Municipio","DifferenceRelativeToBaseDate2006_Max_Temperature_RCP85","2035-09","NASA_NEXGDDP_Subnational_AggrDiffStats","https://www.nccs.nasa.gov/services/data-collections/land-based-products/nex-gddp","","Celsius","C",1.462707,"Difference in Maximum Temperature Relative to the Base Date 2006 for RCP 8.5 Scenario"
"geoId/72005","","Aguadilla Municipio","DifferenceRelativeToBaseDate2006_Max_Temperature_RCP85","2035-10","NASA_NEXGDDP_Subnational_AggrDiffStats","https://www.nccs.nasa.gov/services/data-collections/land-based-products/nex-gddp","","Celsius","C",3.510559,"Difference in Maximum Temperature Relative to the Base Date 2006 for RCP 8.5 Scenario"
"geoId/72005","","Aguadilla Municipio","DifferenceRelativeToBaseDate2006_Max_Temperature_RCP85","2035-11","NASA_NEXGDDP_Subnational_AggrDiffStats","https://www.nccs.nasa.gov/services/data-collections/land-based-products/nex-gddp","","Celsius","C",2.340453,"Difference in Maximum Temperature Relative to the Base Date 2006 for RCP 8.5 Scenario"
"geoId/72005","","Aguadilla Municipio","DifferenceRelativeToBaseDate2006_Max_Temperature_RCP85","2035-12","NASA_NEXGDDP_Subnational_AggrDiffStats","https://www.nccs.nasa.gov/services/data-collections/land-based-products/nex-gddp","","Celsius","C",0.470822999999999,"Difference in Maximum Temperature Relative to the Base Date 2006 for RCP 8.5 Scenario"
"geoId/72005","","Aguadilla Municipio","DifferenceRelativeToBaseDate2006_Max_Temperature_RCP85","2036-01","NASA_NEXGDDP_Subnational_AggrDiffStats","https://www.nccs.nasa.gov/services/data-collections/land-based-products/nex-gddp","","Celsius","C",1.440033,"Difference in Maximum Temperature Relative to the Base Date 2006 for RCP 8.5 Scenario"
"geoId/72005","","Aguadilla Municipio","DifferenceRelativeToBaseDate2006_Max_Temperature_RCP85","2036-02","NASA_NEXGDDP_Subnational_AggrDiffStats","https://www.nccs.nasa.gov/services/data-collections/land-based-products/nex-gddp","","Celsius","C",3.071531,"Difference in Maximum Temperature Relative to the Base Date 2006 for RCP 8.5 Scenario"
"geoId/72005","","Aguadilla Municipio","DifferenceRelativeToBaseDate2006_Max_Temperature_RCP85","2036-03","NASA_NEXGDDP_Subnational_AggrDiffStats","https://www.nccs.nasa.gov/services/data-collections/land-based-products/nex-gddp","","Celsius","C",0.966093000000001,"Difference in Maximum Temperature Relative to the Base Date 2006 for RCP 8.5 Scenario"
"geoId/72005","","Aguadilla Municipio","DifferenceRelativeToBaseDate2006_Max_Temperature_RCP85","2036-04","NASA_NEXGDDP_Subnational_AggrDiffStats","https://www.nccs.nasa.gov/services/data-collections/land-based-products/nex-gddp","","Celsius","C",1.606078,"Difference in Maximum Temperature Relative to the Base Date 2006 for RCP 8.5 Scenario"
"geoId/72005","","Aguadilla Municipio","DifferenceRelativeToBaseDate2006_Max_Temperature_RCP85","2036-05","NASA_NEXGDDP_Subnational_AggrDiffStats","https://www.nccs.nasa.gov/services/data-collections/land-based-products/nex-gddp","","Celsius","C",0.326506999999999,"Difference in Maximum Temperature Relative to the Base Date 2006 for RCP 8.5 Scenario"
"geoId/72005","","Aguadilla Municipio","DifferenceRelativeToBaseDate2006_Max_Temperature_RCP85","2036-06","NASA_NEXGDDP_Subnational_AggrDiffStats","https://www.nccs.nasa.gov/services/data-collections/land-based-products/nex-gddp","","Celsius","C",0.084107000000003,"Difference in Maximum Temperature Relative to the Base Date 2006 for RCP 8.5 Scenario"
"geoId/72005","","Aguadilla Municipio","DifferenceRelativeToBaseDate2006_Max_Temperature_RCP85","2036-07","NASA_NEXGDDP_Subnational_AggrDiffStats","https://www.nccs.nasa.gov/services/data-collections/land-based-products/nex-gddp","","Celsius","C",-0.646636000000001,"Difference in Maximum Temperature Relative to the Base Date 2006 for RCP 8.5 Scenario"
"geoId/72005","","Aguadilla Municipio","DifferenceRelativeToBaseDate2006_Max_Temperature_RCP85","2036-08","NASA_NEXGDDP_Subnational_AggrDiffStats","https://www.nccs.nasa.gov/services/data-collections/land-based-products/nex-gddp","","Celsius","C",0.837645999999999,"Difference in Maximum Temperature Relative to the Base Date 2006 for RCP 8.5 Scenario"
"geoId/72005","","Aguadilla Municipio","DifferenceRelativeToBaseDate2006_Max_Temperature_RCP85","2036-09","NASA_NEXGDDP_Subnational_AggrDiffStats","https://www.nccs.nasa.gov/services/data-collections/land-based-products/nex-gddp","","Celsius","C",0.966034000000001,"Difference in Maximum Temperature Relative to the Base Date 2006 for RCP 8.5 Scenario"
"geoId/72005","","Aguadilla Municipio","DifferenceRelativeToBaseDate2006_Max_Temperature_RCP85","2036-10","NASA_NEXGDDP_Subnational_AggrDiffStats","https://www.nccs.nasa.gov/services/data-collections/land-based-products/nex-gddp","","Celsius","C",0.00518799999999686,"Difference in Maximum Temperature Relative to the Base Date 2006 for RCP 8.5 Scenario"
"geoId/72005","","Aguadilla Municipio","DifferenceRelativeToBaseDate2006_Max_Temperature_RCP85","2036-11","NASA_NEXGDDP_Subnational_AggrDiffStats","https://www.nccs.nasa.gov/services/data-collections/land-based-products/nex-gddp","","Celsius","C",0.738828999999999,"Difference in Maximum Temperature Relative to the Base Date 2006 for RCP 8.5 Scenario"
"geoId/72005","","Aguadilla Municipio","DifferenceRelativeToBaseDate2006_Max_Temperature_RCP85","2036-12","NASA_NEXGDDP_Subnational_AggrDiffStats","https://www.nccs.nasa.gov/services/data-collections/land-based-products/nex-gddp","","Celsius","C",-0.960694,"Difference in Maximum Temperature Relative to the Base Date 2006 for RCP 8.5 Scenario"
"geoId/72005","","Aguadilla Municipio","DifferenceRelativeToBaseDate2006_Max_Temperature_RCP85","2037-01","NASA_NEXGDDP_Subnational_AggrDiffStats","https://www.nccs.nasa.gov/services/data-collections/land-based-products/nex-gddp","","Celsius","C",2.879514,"Difference in Maximum Temperature Relative to the Base Date 2006 for RCP 8.5 Scenario"
"geoId/72005","","Aguadilla Municipio","DifferenceRelativeToBaseDate2006_Max_Temperature_RCP85","2037-02","NASA_NEXGDDP_Subnational_AggrDiffStats","https://www.nccs.nasa.gov/services/data-collections/land-based-products/nex-gddp","","Celsius","C",6.346586,"Difference in Maximum Temperature Relative to the Base Date 2006 for RCP 8.5 Scenario"
"geoId/72005","","Aguadilla Municipio","DifferenceRelativeToBaseDate2006_Max_Temperature_RCP85","2037-03","NASA_NEXGDDP_Subnational_AggrDiffStats","https://www.nccs.nasa.gov/services/data-collections/land-based-products/nex-gddp","","Celsius","C",1.620115,"Difference in Maximum Temperature Relative to the Base Date 2006 for RCP 8.5 Scenario"
"geoId/72005","","Aguadilla Municipio","DifferenceRelativeToBaseDate2006_Max_Temperature_RCP85","2037-04","NASA_NEXGDDP_Subnational_AggrDiffStats","https://www.nccs.nasa.gov/services/data-collections/land-based-products/nex-gddp","","Celsius","C",4.40927,"Difference in Maximum Temperature Relative to the Base Date 2006 for RCP 8.5 Scenario"
"geoId/72005","","Aguadilla Municipio","DifferenceRelativeToBaseDate2006_Max_Temperature_RCP85","2037-05","NASA_NEXGDDP_Subnational_AggrDiffStats","https://www.nccs.nasa.gov/services/data-collections/land-based-products/nex-gddp","","Celsius","C",2.37033,"Difference in Maximum Temperature Relative to the Base Date 2006 for RCP 8.5 Scenario"
"geoId/72005","","Aguadilla Municipio","DifferenceRelativeToBaseDate2006_Max_Temperature_RCP85","2037-06","NASA_NEXGDDP_Subnational_AggrDiffStats","https://www.nccs.nasa.gov/services/data-collections/land-based-products/nex-gddp","","Celsius","C",1.529633,"Difference in Maximum Temperature Relative to the Base Date 2006 for RCP 8.5 Scenario"
"geoId/72005","","Aguadilla Municipio","DifferenceRelativeToBaseDate2006_Max_Temperature_RCP85","2037-07","NASA_NEXGDDP_Subnational_AggrDiffStats","https://www.nccs.nasa.gov/services/data-collections/land-based-products/nex-gddp","","Celsius","C",1.568024,"Difference in Maximum Temperature Relative to the Base Date 2006 for RCP 8.5 Scenario"
"geoId/72005","","Aguadilla Municipio","DifferenceRelativeToBaseDate2006_Max_Temperature_RCP85","2037-08","NASA_NEXGDDP_Subnational_AggrDiffStats","https://www.nccs.nasa.gov/services/data-collections/land-based-products/nex-gddp","","Celsius","C",2.276031,"Difference in Maximum Temperature Relative to the Base Date 2006 for RCP 8.5 Scenario"
"geoId/72005","","Aguadilla Municipio","DifferenceRelativeToBaseDate2006_Max_Temperature_RCP85","2037-09","NASA_NEXGDDP_Subnational_AggrDiffStats","https://www.nccs.nasa.gov/services/data-collections/land-based-products/nex-gddp","","Celsius","C",2.410827,"Difference in Maximum Temperature Relative to the Base Date 2006 for RCP 8.5 Scenario"
"geoId/72005","","Aguadilla Municipio","DifferenceRelativeToBaseDate2006_Max_Temperature_RCP85","2037-10","NASA_NEXGDDP_Subnational_AggrDiffStats","https://www.nccs.nasa.gov/services/data-collections/land-based-products/nex-gddp","","Celsius","C",2.318756,"Difference in Maximum Temperature Relative to the Base Date 2006 for RCP 8.5 Scenario"
"geoId/72005","","Aguadilla Municipio","DifferenceRelativeToBaseDate2006_Max_Temperature_RCP85","2037-11","NASA_NEXGDDP_Subnational_AggrDiffStats","https://www.nccs.nasa.gov/services/data-collections/land-based-products/nex-gddp","","Celsius","C",3.214598,"Difference in Maximum Temperature Relative to the Base Date 2006 for RCP 8.5 Scenario"
"geoId/72005","","Aguadilla Municipio","DifferenceRelativeToBaseDate2006_Max_Temperature_RCP85","2037-12","NASA_NEXGDDP_Subnational_AggrDiffStats","https://www.nccs.nasa.gov/services/data-collections/land-based-products/nex-gddp","","Celsius","C",0.413633000000001,"Difference in Maximum Temperature Relative to the Base Date 2006 for RCP 8.5 Scenario"
"geoId/72005","","Aguadilla Municipio","DifferenceRelativeToBaseDate2006_Max_Temperature_RCP85","2038-01","NASA_NEXGDDP_Subnational_AggrDiffStats","https://www.nccs.nasa.gov/services/data-collections/land-based-products/nex-gddp","","Celsius","C",0.369964,"Difference in Maximum Temperature Relative to the Base Date 2006 for RCP 8.5 Scenario"
"geoId/72005","","Aguadilla Municipio","DifferenceRelativeToBaseDate2006_Max_Temperature_RCP85","2038-02","NASA_NEXGDDP_Subnational_AggrDiffStats","https://www.nccs.nasa.gov/services/data-collections/land-based-products/nex-gddp","","Celsius","C",1.183899,"Difference in Maximum Temperature Relative to the Base Date 2006 for RCP 8.5 Scenario"
"geoId/72005","","Aguadilla Municipio","DifferenceRelativeToBaseDate2006_Max_Temperature_RCP85","2038-03","NASA_NEXGDDP_Subnational_AggrDiffStats","https://www.nccs.nasa.gov/services/data-collections/land-based-products/nex-gddp","","Celsius","C",0.601744999999998,"Difference in Maximum Temperature Relative to the Base Date 2006 for RCP 8.5 Scenario"
"geoId/72005","","Aguadilla Municipio","DifferenceRelativeToBaseDate2006_Max_Temperature_RCP85","2038-04","NASA_NEXGDDP_Subnational_AggrDiffStats","https://www.nccs.nasa.gov/services/data-collections/land-based-products/nex-gddp","","Celsius","C",4.718535,"Difference in Maximum Temperature Relative to the Base Date 2006 for RCP 8.5 Scenario"
"geoId/72005","","Aguadilla Municipio","DifferenceRelativeToBaseDate2006_Max_Temperature_RCP85","2038-05","NASA_NEXGDDP_Subnational_AggrDiffStats","https://www.nccs.nasa.gov/services/data-collections/land-based-products/nex-gddp","","Celsius","C",3.12323,"Difference in Maximum Temperature Relative to the Base Date 2006 for RCP 8.5 Scenario"
"geoId/72005","","Aguadilla Municipio","DifferenceRelativeToBaseDate2006_Max_Temperature_RCP85","2038-06","NASA_NEXGDDP_Subnational_AggrDiffStats","https://www.nccs.nasa.gov/services/data-collections/land-based-products/nex-gddp","","Celsius","C",1.59899900000001,"Difference in Maximum Temperature Relative to the Base Date 2006 for RCP 8.5 Scenario"
"geoId/72005","","Aguadilla Municipio","DifferenceRelativeToBaseDate2006_Max_Temperature_RCP85","2038-07","NASA_NEXGDDP_Subnational_AggrDiffStats","https://www.nccs.nasa.gov/services/data-collections/land-based-products/nex-gddp","","Celsius","C",1.366364,"Difference in Maximum Temperature Relative to the Base Date 2006 for RCP 8.5 Scenario"
"geoId/72005","","Aguadilla Municipio","DifferenceRelativeToBaseDate2006_Max_Temperature_RCP85","2038-08","NASA_NEXGDDP_Subnational_AggrDiffStats","https://www.nccs.nasa.gov/services/data-collections/land-based-products/nex-gddp","","Celsius","C",1.479767,"Difference in Maximum Temperature Relative to the Base Date 2006 for RCP 8.5 Scenario"
"geoId/72005","","Aguadilla Municipio","DifferenceRelativeToBaseDate2006_Max_Temperature_RCP85","2038-09","NASA_NEXGDDP_Subnational_AggrDiffStats","https://www.nccs.nasa.gov/services/data-collections/land-based-products/nex-gddp","","Celsius","C",3.31546,"Difference in Maximum Temperature Relative to the Base Date 2006 for RCP 8.5 Scenario"
"geoId/72005","","Aguadilla Municipio","DifferenceRelativeToBaseDate2006_Max_Temperature_RCP85","2038-10","NASA_NEXGDDP_Subnational_AggrDiffStats","https://www.nccs.nasa.gov/services/data-collections/land-based-products/nex-gddp","","Celsius","C",2.890991,"Difference in Maximum Temperature Relative to the Base Date 2006 for RCP 8.5 Scenario"
"geoId/72005","","Aguadilla Municipio","DifferenceRelativeToBaseDate2006_Max_Temperature_RCP85","2038-11","NASA_NEXGDDP_Subnational_AggrDiffStats","https://www.nccs.nasa.gov/services/data-collections/land-based-products/nex-gddp","","Celsius","C",3.117735,"Difference in Maximum Temperature Relative to the Base Date 2006 for RCP 8.5 Scenario"
"geoId/72005","","Aguadilla Municipio","DifferenceRelativeToBaseDate2006_Max_Temperature_RCP85","2038-12","NASA_NEXGDDP_Subnational_AggrDiffStats","https://www.nccs.nasa.gov/services/data-collections/land-based-products/nex-gddp","","Celsius","C",1.866819,"Difference in Maximum Temperature Relative to the Base Date 2006 for RCP 8.5 Scenario"
"geoId/72005","","Aguadilla Municipio","DifferenceRelativeToBaseDate2006_Max_Temperature_RCP85","2039-01","NASA_NEXGDDP_Subnational_AggrDiffStats","https://www.nccs.nasa.gov/services/data-collections/land-based-products/nex-gddp","","Celsius","C",2.579405,"Difference in Maximum Temperature Relative to the Base Date 2006 for RCP 8.5 Scenario"
"geoId/72005","","Aguadilla Municipio","DifferenceRelativeToBaseDate2006_Max_Temperature_RCP85","2039-02","NASA_NEXGDDP_Subnational_AggrDiffStats","https://www.nccs.nasa.gov/services/data-collections/land-based-products/nex-gddp","","Celsius","C",2.161985,"Difference in Maximum Temperature Relative to the Base Date 2006 for RCP 8.5 Scenario"
"geoId/72005","","Aguadilla Municipio","DifferenceRelativeToBaseDate2006_Max_Temperature_RCP85","2039-03","NASA_NEXGDDP_Subnational_AggrDiffStats","https://www.nccs.nasa.gov/services/data-collections/land-based-products/nex-gddp","","Celsius","C",1.453611,"Difference in Maximum Temperature Relative to the Base Date 2006 for RCP 8.5 Scenario"
"geoId/72005","","Aguadilla Municipio","DifferenceRelativeToBaseDate2006_Max_Temperature_RCP85","2039-04","NASA_NEXGDDP_Subnational_AggrDiffStats","https://www.nccs.nasa.gov/services/data-collections/land-based-products/nex-gddp","","Celsius","C",3.626189,"Difference in Maximum Temperature Relative to the Base Date 2006 for RCP 8.5 Scenario"
"geoId/72005","","Aguadilla Municipio","DifferenceRelativeToBaseDate2006_Max_Temperature_RCP85","2039-05","NASA_NEXGDDP_Subnational_AggrDiffStats","https://www.nccs.nasa.gov/services/data-collections/land-based-products/nex-gddp","","Celsius","C",1.307251,"Difference in Maximum Temperature Relative to the Base Date 2006 for RCP 8.5 Scenario"
"geoId/72005","","Aguadilla Municipio","DifferenceRelativeToBaseDate2006_Max_Temperature_RCP85","2039-06","NASA_NEXGDDP_Subnational_AggrDiffStats","https://www.nccs.nasa.gov/services/data-collections/land-based-products/nex-gddp","","Celsius","C",0.660401,"Difference in Maximum Temperature Relative to the Base Date 2006 for RCP 8.5 Scenario"
"geoId/72005","","Aguadilla Municipio","DifferenceRelativeToBaseDate2006_Max_Temperature_RCP85","2039-07","NASA_NEXGDDP_Subnational_AggrDiffStats","https://www.nccs.nasa.gov/services/data-collections/land-based-products/nex-gddp","","Celsius","C",0.566773000000005,"Difference in Maximum Temperature Relative to the Base Date 2006 for RCP 8.5 Scenario"
"geoId/72005","","Aguadilla Municipio","DifferenceRelativeToBaseDate2006_Max_Temperature_RCP85","2039-08","NASA_NEXGDDP_Subnational_AggrDiffStats","https://www.nccs.nasa.gov/services/data-collections/land-based-products/nex-gddp","","Celsius","C",1.821442,"Difference in Maximum Temperature Relative to the Base Date 2006 for RCP 8.5 Scenario"
"geoId/72005","","Aguadilla Municipio","DifferenceRelativeToBaseDate2006_Max_Temperature_RCP85","2039-09","NASA_NEXGDDP_Subnational_AggrDiffStats","https://www.nccs.nasa.gov/services/data-collections/land-based-products/nex-gddp","","Celsius","C",2.438232,"Difference in Maximum Temperature Relative to the Base Date 2006 for RCP 8.5 Scenario"
"geoId/72005","","Aguadilla Municipio","DifferenceRelativeToBaseDate2006_Max_Temperature_RCP85","2039-10","NASA_NEXGDDP_Subnational_AggrDiffStats","https://www.nccs.nasa.gov/services/data-collections/land-based-products/nex-gddp","","Celsius","C",2.565429,"Difference in Maximum Temperature Relative to the Base Date 2006 for RCP 8.5 Scenario"
"geoId/72005","","Aguadilla Municipio","DifferenceRelativeToBaseDate2006_Max_Temperature_RCP85","2039-11","NASA_NEXGDDP_Subnational_AggrDiffStats","https://www.nccs.nasa.gov/services/data-collections/land-based-products/nex-gddp","","Celsius","C",4.412688,"Difference in Maximum Temperature Relative to the Base Date 2006 for RCP 8.5 Scenario"
"geoId/72005","","Aguadilla Municipio","DifferenceRelativeToBaseDate2006_Max_Temperature_RCP85","2039-12","NASA_NEXGDDP_Subnational_AggrDiffStats","https://www.nccs.nasa.gov/services/data-collections/land-based-products/nex-gddp","","Celsius","C",0.793179999999996,"Difference in Maximum Temperature Relative to the Base Date 2006 for RCP 8.5 Scenario"
"geoId/72005","","Aguadilla Municipio","DifferenceRelativeToBaseDate2006_Max_Temperature_RCP85","2040-01","NASA_NEXGDDP_Subnational_AggrDiffStats","https://www.nccs.nasa.gov/services/data-collections/land-based-products/nex-gddp","","Celsius","C",1.293792,"Difference in Maximum Temperature Relative to the Base Date 2006 for RCP 8.5 Scenario"
"geoId/72005","","Aguadilla Municipio","DifferenceRelativeToBaseDate2006_Max_Temperature_RCP85","2040-02","NASA_NEXGDDP_Subnational_AggrDiffStats","https://www.nccs.nasa.gov/services/data-collections/land-based-products/nex-gddp","","Celsius","C",1.764313,"Difference in Maximum Temperature Relative to the Base Date 2006 for RCP 8.5 Scenario"
"geoId/72005","","Aguadilla Municipio","DifferenceRelativeToBaseDate2006_Max_Temperature_RCP85","2040-03","NASA_NEXGDDP_Subnational_AggrDiffStats","https://www.nccs.nasa.gov/services/data-collections/land-based-products/nex-gddp","","Celsius","C",3.029295,"Difference in Maximum Temperature Relative to the Base Date 2006 for RCP 8.5 Scenario"
"geoId/72005","","Aguadilla Municipio","DifferenceRelativeToBaseDate2006_Max_Temperature_RCP85","2040-04","NASA_NEXGDDP_Subnational_AggrDiffStats","https://www.nccs.nasa.gov/services/data-collections/land-based-products/nex-gddp","","Celsius","C",2.364073,"Difference in Maximum Temperature Relative to the Base Date 2006 for RCP 8.5 Scenario"
"geoId/72005","","Aguadilla Municipio","DifferenceRelativeToBaseDate2006_Max_Temperature_RCP85","2040-05","NASA_NEXGDDP_Subnational_AggrDiffStats","https://www.nccs.nasa.gov/services/data-collections/land-based-products/nex-gddp","","Celsius","C",1.093566,"Difference in Maximum Temperature Relative to the Base Date 2006 for RCP 8.5 Scenario"
"geoId/72005","","Aguadilla Municipio","DifferenceRelativeToBaseDate2006_Max_Temperature_RCP85","2040-06","NASA_NEXGDDP_Subnational_AggrDiffStats","https://www.nccs.nasa.gov/services/data-collections/land-based-products/nex-gddp","","Celsius","C",1.516907,"Difference in Maximum Temperature Relative to the Base Date 2006 for RCP 8.5 Scenario"
"geoId/72005","","Aguadilla Municipio","DifferenceRelativeToBaseDate2006_Max_Temperature_RCP85","2040-07","NASA_NEXGDDP_Subnational_AggrDiffStats","https://www.nccs.nasa.gov/services/data-collections/land-based-products/nex-gddp","","Celsius","C",0.510010000000001,"Difference in Maximum Temperature Relative to the Base Date 2006 for RCP 8.5 Scenario"
"geoId/72005","","Aguadilla Municipio","DifferenceRelativeToBaseDate2006_Max_Temperature_RCP85","2040-08","NASA_NEXGDDP_Subnational_AggrDiffStats","https://www.nccs.nasa.gov/services/data-collections/land-based-products/nex-gddp","","Celsius","C",1.38974,"Difference in Maximum Temperature Relative to the Base Date 2006 for RCP 8.5 Scenario"
"geoId/72005","","Aguadilla Municipio","DifferenceRelativeToBaseDate2006_Max_Temperature_RCP85","2040-09","NASA_NEXGDDP_Subnational_AggrDiffStats","https://www.nccs.nasa.gov/services/data-collections/land-based-products/nex-gddp","","Celsius","C",2.598907,"Difference in Maximum Temperature Relative to the Base Date 2006 for RCP 8.5 Scenario"
"geoId/72005","","Aguadilla Municipio","DifferenceRelativeToBaseDate2006_Max_Temperature_RCP85","2040-10","NASA_NEXGDDP_Subnational_AggrDiffStats","https://www.nccs.nasa.gov/services/data-collections/land-based-products/nex-gddp","","Celsius","C",3.007263,"Difference in Maximum Temperature Relative to the Base Date 2006 for RCP 8.5 Scenario"
"geoId/72005","","Aguadilla Municipio","DifferenceRelativeToBaseDate2006_Max_Temperature_RCP85","2040-11","NASA_NEXGDDP_Subnational_AggrDiffStats","https://www.nccs.nasa.gov/services/data-collections/land-based-products/nex-gddp","","Celsius","C",3.130461,"Difference in Maximum Temperature Relative to the Base Date 2006 for RCP 8.5 Scenario"
"geoId/72005","","Aguadilla Municipio","DifferenceRelativeToBaseDate2006_Max_Temperature_RCP85","2040-12","NASA_NEXGDDP_Subnational_AggrDiffStats","https://www.nccs.nasa.gov/services/data-collections/land-based-products/nex-gddp","","Celsius","C",5.265257,"Difference in Maximum Temperature Relative to the Base Date 2006 for RCP 8.5 Scenario"
"geoId/72005","","Aguadilla Municipio","DifferenceRelativeToBaseDate2006_Max_Temperature_RCP85","2041-01","NASA_NEXGDDP_Subnational_AggrDiffStats","https://www.nccs.nasa.gov/services/data-collections/land-based-products/nex-gddp","","Celsius","C",3.047544,"Difference in Maximum Temperature Relative to the Base Date 2006 for RCP 8.5 Scenario"
"geoId/72005","","Aguadilla Municipio","DifferenceRelativeToBaseDate2006_Max_Temperature_RCP85","2041-02","NASA_NEXGDDP_Subnational_AggrDiffStats","https://www.nccs.nasa.gov/services/data-collections/land-based-products/nex-gddp","","Celsius","C",5.305204,"Difference in Maximum Temperature Relative to the Base Date 2006 for RCP 8.5 Scenario"
"geoId/72005","","Aguadilla Municipio","DifferenceRelativeToBaseDate2006_Max_Temperature_RCP85","2041-03","NASA_NEXGDDP_Subnational_AggrDiffStats","https://www.nccs.nasa.gov/services/data-collections/land-based-products/nex-gddp","","Celsius","C",3.691251,"Difference in Maximum Temperature Relative to the Base Date 2006 for RCP 8.5 Scenario"
"geoId/72005","","Aguadilla Municipio","DifferenceRelativeToBaseDate2006_Max_Temperature_RCP85","2041-04","NASA_NEXGDDP_Subnational_AggrDiffStats","https://www.nccs.nasa.gov/services/data-collections/land-based-products/nex-gddp","","Celsius","C",2.000456,"Difference in Maximum Temperature Relative to the Base Date 2006 for RCP 8.5 Scenario"
"geoId/72005","","Aguadilla Municipio","DifferenceRelativeToBaseDate2006_Max_Temperature_RCP85","2041-05","NASA_NEXGDDP_Subnational_AggrDiffStats","https://www.nccs.nasa.gov/services/data-collections/land-based-products/nex-gddp","","Celsius","C",3.123016,"Difference in Maximum Temperature Relative to the Base Date 2006 for RCP 8.5 Scenario"
"geoId/72005","","Aguadilla Municipio","DifferenceRelativeToBaseDate2006_Max_Temperature_RCP85","2041-06","NASA_NEXGDDP_Subnational_AggrDiffStats","https://www.nccs.nasa.gov/services/data-collections/land-based-products/nex-gddp","","Celsius","C",1.03479,"Difference in Maximum Temperature Relative to the Base Date 2006 for RCP 8.5 Scenario"
"geoId/72005","","Aguadilla Municipio","DifferenceRelativeToBaseDate2006_Max_Temperature_RCP85","2041-07","NASA_NEXGDDP_Subnational_AggrDiffStats","https://www.nccs.nasa.gov/services/data-collections/land-based-products/nex-gddp","","Celsius","C",0.459290000000003,"Difference in Maximum Temperature Relative to the Base Date 2006 for RCP 8.5 Scenario"
"geoId/72005","","Aguadilla Municipio","DifferenceRelativeToBaseDate2006_Max_Temperature_RCP85","2041-08","NASA_NEXGDDP_Subnational_AggrDiffStats","https://www.nccs.nasa.gov/services/data-collections/land-based-products/nex-gddp","","Celsius","C",1.195251,"Difference in Maximum Temperature Relative to the Base Date 2006 for RCP 8.5 Scenario"
"geoId/72005","","Aguadilla Municipio","DifferenceRelativeToBaseDate2006_Max_Temperature_RCP85","2041-09","NASA_NEXGDDP_Subnational_AggrDiffStats","https://www.nccs.nasa.gov/services/data-collections/land-based-products/nex-gddp","","Celsius","C",1.380401,"Difference in Maximum Temperature Relative to the Base Date 2006 for RCP 8.5 Scenario"
"geoId/72005","","Aguadilla Municipio","DifferenceRelativeToBaseDate2006_Max_Temperature_RCP85","2041-10","NASA_NEXGDDP_Subnational_AggrDiffStats","https://www.nccs.nasa.gov/services/data-collections/land-based-products/nex-gddp","","Celsius","C",0.650145999999999,"Difference in Maximum Temperature Relative to the Base Date 2006 for RCP 8.5 Scenario"
"geoId/72005","","Aguadilla Municipio","DifferenceRelativeToBaseDate2006_Max_Temperature_RCP85","2041-11","NASA_NEXGDDP_Subnational_AggrDiffStats","https://www.nccs.nasa.gov/services/data-collections/land-based-products/nex-gddp","","Celsius","C",2.880125,"Difference in Maximum Temperature Relative to the Base Date 2006 for RCP 8.5 Scenario"
"geoId/72005","","Aguadilla Municipio","DifferenceRelativeToBaseDate2006_Max_Temperature_RCP85","2041-12","NASA_NEXGDDP_Subnational_AggrDiffStats","https://www.nccs.nasa.gov/services/data-collections/land-based-products/nex-gddp","","Celsius","C",0.0617669999999997,"Difference in Maximum Temperature Relative to the Base Date 2006 for RCP 8.5 Scenario"
"geoId/72005","","Aguadilla Municipio","DifferenceRelativeToBaseDate2006_Max_Temperature_RCP85","2042-01","NASA_NEXGDDP_Subnational_AggrDiffStats","https://www.nccs.nasa.gov/services/data-collections/land-based-products/nex-gddp","","Celsius","C",2.596494,"Difference in Maximum Temperature Relative to the Base Date 2006 for RCP 8.5 Scenario"
"geoId/72005","","Aguadilla Municipio","DifferenceRelativeToBaseDate2006_Max_Temperature_RCP85","2042-02","NASA_NEXGDDP_Subnational_AggrDiffStats","https://www.nccs.nasa.gov/services/data-collections/land-based-products/nex-gddp","","Celsius","C",1.244537,"Difference in Maximum Temperature Relative to the Base Date 2006 for RCP 8.5 Scenario"
"geoId/72005","","Aguadilla Municipio","DifferenceRelativeToBaseDate2006_Max_Temperature_RCP85","2042-03","NASA_NEXGDDP_Subnational_AggrDiffStats","https://www.nccs.nasa.gov/services/data-collections/land-based-products/nex-gddp","","Celsius","C",2.464353,"Difference in Maximum Temperature Relative to the Base Date 2006 for RCP 8.5 Scenario"
"geoId/72005","","Aguadilla Municipio","DifferenceRelativeToBaseDate2006_Max_Temperature_RCP85","2042-04","NASA_NEXGDDP_Subnational_AggrDiffStats","https://www.nccs.nasa.gov/services/data-collections/land-based-products/nex-gddp","","Celsius","C",2.282469,"Difference in Maximum Temperature Relative to the Base Date 2006 for RCP 8.5 Scenario"
"geoId/72005","","Aguadilla Municipio","DifferenceRelativeToBaseDate2006_Max_Temperature_RCP85","2042-05","NASA_NEXGDDP_Subnational_AggrDiffStats","https://www.nccs.nasa.gov/services/data-collections/land-based-products/nex-gddp","","Celsius","C",1.909301,"Difference in Maximum Temperature Relative to the Base Date 2006 for RCP 8.5 Scenario"
"geoId/72005","","Aguadilla Municipio","DifferenceRelativeToBaseDate2006_Max_Temperature_RCP85","2042-06","NASA_NEXGDDP_Subnational_AggrDiffStats","https://www.nccs.nasa.gov/services/data-collections/land-based-products/nex-gddp","","Celsius","C",1.336945,"Difference in Maximum Temperature Relative to the Base Date 2006 for RCP 8.5 Scenario"
"geoId/72005","","Aguadilla Municipio","DifferenceRelativeToBaseDate2006_Max_Temperature_RCP85","2042-07","NASA_NEXGDDP_Subnational_AggrDiffStats","https://www.nccs.nasa.gov/services/data-collections/land-based-products/nex-gddp","","Celsius","C",0.399079,"Difference in Maximum Temperature Relative to the Base Date 2006 for RCP 8.5 Scenario"
"geoId/72005","","Aguadilla Municipio","DifferenceRelativeToBaseDate2006_Max_Temperature_RCP85","2042-08","NASA_NEXGDDP_Subnational_AggrDiffStats","https://www.nccs.nasa.gov/services/data-collections/land-based-products/nex-gddp","","Celsius","C",1.129456,"Difference in Maximum Temperature Relative to the Base Date 2006 for RCP 8.5 Scenario"
"geoId/72005","","Aguadilla Municipio","DifferenceRelativeToBaseDate2006_Max_Temperature_RCP85","2042-09","NASA_NEXGDDP_Subnational_AggrDiffStats","https://www.nccs.nasa.gov/services/data-collections/land-based-products/nex-gddp","","Celsius","C",0.710571000000002,"Difference in Maximum Temperature Relative to the Base Date 2006 for RCP 8.5 Scenario"
"geoId/72005","","Aguadilla Municipio","DifferenceRelativeToBaseDate2006_Max_Temperature_RCP85","2042-10","NASA_NEXGDDP_Subnational_AggrDiffStats","https://www.nccs.nasa.gov/services/data-collections/land-based-products/nex-gddp","","Celsius","C",1.553863,"Difference in Maximum Temperature Relative to the Base Date 2006 for RCP 8.5 Scenario"
"geoId/72005","","Aguadilla Municipio","DifferenceRelativeToBaseDate2006_Max_Temperature_RCP85","2042-11","NASA_NEXGDDP_Subnational_AggrDiffStats","https://www.nccs.nasa.gov/services/data-collections/land-based-products/nex-gddp","","Celsius","C",1.210265,"Difference in Maximum Temperature Relative to the Base Date 2006 for RCP 8.5 Scenario"
"geoId/72005","","Aguadilla Municipio","DifferenceRelativeToBaseDate2006_Max_Temperature_RCP85","2042-12","NASA_NEXGDDP_Subnational_AggrDiffStats","https://www.nccs.nasa.gov/services/data-collections/land-based-products/nex-gddp","","Celsius","C",0.537137999999995,"Difference in Maximum Temperature Relative to the Base Date 2006 for RCP 8.5 Scenario"
"geoId/72005","","Aguadilla Municipio","DifferenceRelativeToBaseDate2006_Max_Temperature_RCP85","2043-01","NASA_NEXGDDP_Subnational_AggrDiffStats","https://www.nccs.nasa.gov/services/data-collections/land-based-products/nex-gddp","","Celsius","C",1.036224,"Difference in Maximum Temperature Relative to the Base Date 2006 for RCP 8.5 Scenario"
"geoId/72005","","Aguadilla Municipio","DifferenceRelativeToBaseDate2006_Max_Temperature_RCP85","2043-02","NASA_NEXGDDP_Subnational_AggrDiffStats","https://www.nccs.nasa.gov/services/data-collections/land-based-products/nex-gddp","","Celsius","C",1.465881,"Difference in Maximum Temperature Relative to the Base Date 2006 for RCP 8.5 Scenario"
"geoId/72005","","Aguadilla Municipio","DifferenceRelativeToBaseDate2006_Max_Temperature_RCP85","2043-03","NASA_NEXGDDP_Subnational_AggrDiffStats","https://www.nccs.nasa.gov/services/data-collections/land-based-products/nex-gddp","","Celsius","C",1.993436,"Difference in Maximum Temperature Relative to the Base Date 2006 for RCP 8.5 Scenario"
"geoId/72005","","Aguadilla Municipio","DifferenceRelativeToBaseDate2006_Max_Temperature_RCP85","2043-04","NASA_NEXGDDP_Subnational_AggrDiffStats","https://www.nccs.nasa.gov/services/data-collections/land-based-products/nex-gddp","","Celsius","C",4.956816,"Difference in Maximum Temperature Relative to the Base Date 2006 for RCP 8.5 Scenario"
"geoId/72005","","Aguadilla Municipio","DifferenceRelativeToBaseDate2006_Max_Temperature_RCP85","2043-05","NASA_NEXGDDP_Subnational_AggrDiffStats","https://www.nccs.nasa.gov/services/data-collections/land-based-products/nex-gddp","","Celsius","C",1.734558,"Difference in Maximum Temperature Relative to the Base Date 2006 for RCP 8.5 Scenario"
"geoId/72005","","Aguadilla Municipio","DifferenceRelativeToBaseDate2006_Max_Temperature_RCP85","2043-06","NASA_NEXGDDP_Subnational_AggrDiffStats","https://www.nccs.nasa.gov/services/data-collections/land-based-products/nex-gddp","","Celsius","C",0.967224000000002,"Difference in Maximum Temperature Relative to the Base Date 2006 for RCP 8.5 Scenario"
"geoId/72005","","Aguadilla Municipio","DifferenceRelativeToBaseDate2006_Max_Temperature_RCP85","2043-07","NASA_NEXGDDP_Subnational_AggrDiffStats","https://www.nccs.nasa.gov/services/data-collections/land-based-products/nex-gddp","","Celsius","C",0.602997000000002,"Difference in Maximum Temperature Relative to the Base Date 2006 for RCP 8.5 Scenario"
"geoId/72005","","Aguadilla Municipio","DifferenceRelativeToBaseDate2006_Max_Temperature_RCP85","2043-08","NASA_NEXGDDP_Subnational_AggrDiffStats","https://www.nccs.nasa.gov/services/data-collections/land-based-products/nex-gddp","","Celsius","C",2.840668,"Difference in Maximum Temperature Relative to the Base Date 2006 for RCP 8.5 Scenario"
"geoId/72005","","Aguadilla Municipio","DifferenceRelativeToBaseDate2006_Max_Temperature_RCP85","2043-09","NASA_NEXGDDP_Subnational_AggrDiffStats","https://www.nccs.nasa.gov/services/data-collections/land-based-products/nex-gddp","","Celsius","C",0.230255,"Difference in Maximum Temperature Relative to the Base Date 2006 for RCP 8.5 Scenario"
"geoId/72005","","Aguadilla Municipio","DifferenceRelativeToBaseDate2006_Max_Temperature_RCP85","2043-10","NASA_NEXGDDP_Subnational_AggrDiffStats","https://www.nccs.nasa.gov/services/data-collections/land-based-products/nex-gddp","","Celsius","C",0.588287000000001,"Difference in Maximum Temperature Relative to the Base Date 2006 for RCP 8.5 Scenario"
"geoId/72005","","Aguadilla Municipio","DifferenceRelativeToBaseDate2006_Max_Temperature_RCP85","2043-11","NASA_NEXGDDP_Subnational_AggrDiffStats","https://www.nccs.nasa.gov/services/data-collections/land-based-products/nex-gddp","","Celsius","C",0.929289000000001,"Difference in Maximum Temperature Relative to the Base Date 2006 for RCP 8.5 Scenario"
"geoId/72005","","Aguadilla Municipio","DifferenceRelativeToBaseDate2006_Max_Temperature_RCP85","2043-12","NASA_NEXGDDP_Subnational_AggrDiffStats","https://www.nccs.nasa.gov/services/data-collections/land-based-products/nex-gddp","","Celsius","C",-0.613007000000003,"Difference in Maximum Temperature Relative to the Base Date 2006 for RCP 8.5 Scenario"
"geoId/72005","","Aguadilla Municipio","DifferenceRelativeToBaseDate2006_Max_Temperature_RCP85","2044-01","NASA_NEXGDDP_Subnational_AggrDiffStats","https://www.nccs.nasa.gov/services/data-collections/land-based-products/nex-gddp","","Celsius","C",0.771056999999999,"Difference in Maximum Temperature Relative to the Base Date 2006 for RCP 8.5 Scenario"
"geoId/72005","","Aguadilla Municipio","DifferenceRelativeToBaseDate2006_Max_Temperature_RCP85","2044-02","NASA_NEXGDDP_Subnational_AggrDiffStats","https://www.nccs.nasa.gov/services/data-collections/land-based-products/nex-gddp","","Celsius","C",1.617065,"Difference in Maximum Temperature Relative to the Base Date 2006 for RCP 8.5 Scenario"
"geoId/72005","","Aguadilla Municipio","DifferenceRelativeToBaseDate2006_Max_Temperature_RCP85","2044-03","NASA_NEXGDDP_Subnational_AggrDiffStats","https://www.nccs.nasa.gov/services/data-collections/land-based-products/nex-gddp","","Celsius","C",1.482053,"Difference in Maximum Temperature Relative to the Base Date 2006 for RCP 8.5 Scenario"
"geoId/72005","","Aguadilla Municipio","DifferenceRelativeToBaseDate2006_Max_Temperature_RCP85","2044-04","NASA_NEXGDDP_Subnational_AggrDiffStats","https://www.nccs.nasa.gov/services/data-collections/land-based-products/nex-gddp","","Celsius","C",1.918791,"Difference in Maximum Temperature Relative to the Base Date 2006 for RCP 8.5 Scenario"
"geoId/72005","","Aguadilla Municipio","DifferenceRelativeToBaseDate2006_Max_Temperature_RCP85","2044-05","NASA_NEXGDDP_Subnational_AggrDiffStats","https://www.nccs.nasa.gov/services/data-collections/land-based-products/nex-gddp","","Celsius","C",2.058624,"Difference in Maximum Temperature Relative to the Base Date 2006 for RCP 8.5 Scenario"
"geoId/72005","","Aguadilla Municipio","DifferenceRelativeToBaseDate2006_Max_Temperature_RCP85","2044-06","NASA_NEXGDDP_Subnational_AggrDiffStats","https://www.nccs.nasa.gov/services/data-collections/land-based-products/nex-gddp","","Celsius","C",1.881562,"Difference in Maximum Temperature Relative to the Base Date 2006 for RCP 8.5 Scenario"
"geoId/72005","","Aguadilla Municipio","DifferenceRelativeToBaseDate2006_Max_Temperature_RCP85","2044-07","NASA_NEXGDDP_Subnational_AggrDiffStats","https://www.nccs.nasa.gov/services/data-collections/land-based-products/nex-gddp","","Celsius","C",-0.774749,"Difference in Maximum Temperature Relative to the Base Date 2006 for RCP 8.5 Scenario"
"geoId/72005","","Aguadilla Municipio","DifferenceRelativeToBaseDate2006_Max_Temperature_RCP85","2044-08","NASA_NEXGDDP_Subnational_AggrDiffStats","https://www.nccs.nasa.gov/services/data-collections/land-based-products/nex-gddp","","Celsius","C",1.500824,"Difference in Maximum Temperature Relative to the Base Date 2006 for RCP 8.5 Scenario"
"geoId/72005","","Aguadilla Municipio","DifferenceRelativeToBaseDate2006_Max_Temperature_RCP85","2044-09","NASA_NEXGDDP_Subnational_AggrDiffStats","https://www.nccs.nasa.gov/services/data-collections/land-based-products/nex-gddp","","Celsius","C",1.809478,"Difference in Maximum Temperature Relative to the Base Date 2006 for RCP 8.5 Scenario"
"geoId/72005","","Aguadilla Municipio","DifferenceRelativeToBaseDate2006_Max_Temperature_RCP85","2044-10","NASA_NEXGDDP_Subnational_AggrDiffStats","https://www.nccs.nasa.gov/services/data-collections/land-based-products/nex-gddp","","Celsius","C",2.31311,"Difference in Maximum Temperature Relative to the Base Date 2006 for RCP 8.5 Scenario"
"geoId/72005","","Aguadilla Municipio","DifferenceRelativeToBaseDate2006_Max_Temperature_RCP85","2044-11","NASA_NEXGDDP_Subnational_AggrDiffStats","https://www.nccs.nasa.gov/services/data-collections/land-based-products/nex-gddp","","Celsius","C",1.830992,"Difference in Maximum Temperature Relative to the Base Date 2006 for RCP 8.5 Scenario"
"geoId/72005","","Aguadilla Municipio","DifferenceRelativeToBaseDate2006_Max_Temperature_RCP85","2044-12","NASA_NEXGDDP_Subnational_AggrDiffStats","https://www.nccs.nasa.gov/services/data-collections/land-based-products/nex-gddp","","Celsius","C",0.137632,"Difference in Maximum Temperature Relative to the Base Date 2006 for RCP 8.5 Scenario"
"geoId/72005","","Aguadilla Municipio","DifferenceRelativeToBaseDate2006_Max_Temperature_RCP85","2045-01","NASA_NEXGDDP_Subnational_AggrDiffStats","https://www.nccs.nasa.gov/services/data-collections/land-based-products/nex-gddp","","Celsius","C",1.141693,"Difference in Maximum Temperature Relative to the Base Date 2006 for RCP 8.5 Scenario"
"geoId/72005","","Aguadilla Municipio","DifferenceRelativeToBaseDate2006_Max_Temperature_RCP85","2045-02","NASA_NEXGDDP_Subnational_AggrDiffStats","https://www.nccs.nasa.gov/services/data-collections/land-based-products/nex-gddp","","Celsius","C",1.225769,"Difference in Maximum Temperature Relative to the Base Date 2006 for RCP 8.5 Scenario"
"geoId/72005","","Aguadilla Municipio","DifferenceRelativeToBaseDate2006_Max_Temperature_RCP85","2045-03","NASA_NEXGDDP_Subnational_AggrDiffStats","https://www.nccs.nasa.gov/services/data-collections/land-based-products/nex-gddp","","Celsius","C",1.643522,"Difference in Maximum Temperature Relative to the Base Date 2006 for RCP 8.5 Scenario"
"geoId/72005","","Aguadilla Municipio","DifferenceRelativeToBaseDate2006_Max_Temperature_RCP85","2045-04","NASA_NEXGDDP_Subnational_AggrDiffStats","https://www.nccs.nasa.gov/services/data-collections/land-based-products/nex-gddp","","Celsius","C",3.042326,"Difference in Maximum Temperature Relative to the Base Date 2006 for RCP 8.5 Scenario"
"geoId/72005","","Aguadilla Municipio","DifferenceRelativeToBaseDate2006_Max_Temperature_RCP85","2045-05","NASA_NEXGDDP_Subnational_AggrDiffStats","https://www.nccs.nasa.gov/services/data-collections/land-based-products/nex-gddp","","Celsius","C",2.378204,"Difference in Maximum Temperature Relative to the Base Date 2006 for RCP 8.5 Scenario"
"geoId/72005","","Aguadilla Municipio","DifferenceRelativeToBaseDate2006_Max_Temperature_RCP85","2045-06","NASA_NEXGDDP_Subnational_AggrDiffStats","https://www.nccs.nasa.gov/services/data-collections/land-based-products/nex-gddp","","Celsius","C",1.180084,"Difference in Maximum Temperature Relative to the Base Date 2006 for RCP 8.5 Scenario"
"geoId/72005","","Aguadilla Municipio","DifferenceRelativeToBaseDate2006_Max_Temperature_RCP85","2045-07","NASA_NEXGDDP_Subnational_AggrDiffStats","https://www.nccs.nasa.gov/services/data-collections/land-based-products/nex-gddp","","Celsius","C",0.752900000000004,"Difference in Maximum Temperature Relative to the Base Date 2006 for RCP 8.5 Scenario"
"geoId/72005","","Aguadilla Municipio","DifferenceRelativeToBaseDate2006_Max_Temperature_RCP85","2045-08","NASA_NEXGDDP_Subnational_AggrDiffStats","https://www.nccs.nasa.gov/services/data-collections/land-based-products/nex-gddp","","Celsius","C",1.184998,"Difference in Maximum Temperature Relative to the Base Date 2006 for RCP 8.5 Scenario"
"geoId/72005","","Aguadilla Municipio","DifferenceRelativeToBaseDate2006_Max_Temperature_RCP85","2045-09","NASA_NEXGDDP_Subnational_AggrDiffStats","https://www.nccs.nasa.gov/services/data-collections/land-based-products/nex-gddp","","Celsius","C",2.266174,"Difference in Maximum Temperature Relative to the Base Date 2006 for RCP 8.5 Scenario"
"geoId/72005","","Aguadilla Municipio","DifferenceRelativeToBaseDate2006_Max_Temperature_RCP85","2045-10","NASA_NEXGDDP_Subnational_AggrDiffStats","https://www.nccs.nasa.gov/services/data-collections/land-based-products/nex-gddp","","Celsius","C",2.200988,"Difference in Maximum Temperature Relative to the Base Date 2006 for RCP 8.5 Scenario"
"geoId/72005","","Aguadilla Municipio","DifferenceRelativeToBaseDate2006_Max_Temperature_RCP85","2045-11","NASA_NEXGDDP_Subnational_AggrDiffStats","https://www.nccs.nasa.gov/services/data-collections/land-based-products/nex-gddp","","Celsius","C",2.701201,"Difference in Maximum Temperature Relative to the Base Date 2006 for RCP 8.5 Scenario"
"geoId/72005","","Aguadilla Municipio","DifferenceRelativeToBaseDate2006_Max_Temperature_RCP85","2045-12","NASA_NEXGDDP_Subnational_AggrDiffStats","https://www.nccs.nasa.gov/services/data-collections/land-based-products/nex-gddp","","Celsius","C",2.146299,"Difference in Maximum Temperature Relative to the Base Date 2006 for RCP 8.5 Scenario"
"geoId/72005","","Aguadilla Municipio","DifferenceRelativeToBaseDate2006_Max_Temperature_RCP85","2046-01","NASA_NEXGDDP_Subnational_AggrDiffStats","https://www.nccs.nasa.gov/services/data-collections/land-based-products/nex-gddp","","Celsius","C",4.226896,"Difference in Maximum Temperature Relative to the Base Date 2006 for RCP 8.5 Scenario"
"geoId/72005","","Aguadilla Municipio","DifferenceRelativeToBaseDate2006_Max_Temperature_RCP85","2046-02","NASA_NEXGDDP_Subnational_AggrDiffStats","https://www.nccs.nasa.gov/services/data-collections/land-based-products/nex-gddp","","Celsius","C",3.5809,"Difference in Maximum Temperature Relative to the Base Date 2006 for RCP 8.5 Scenario"
"geoId/72005","","Aguadilla Municipio","DifferenceRelativeToBaseDate2006_Max_Temperature_RCP85","2046-03","NASA_NEXGDDP_Subnational_AggrDiffStats","https://www.nccs.nasa.gov/services/data-collections/land-based-products/nex-gddp","","Celsius","C",2.259061,"Difference in Maximum Temperature Relative to the Base Date 2006 for RCP 8.5 Scenario"
"geoId/72005","","Aguadilla Municipio","DifferenceRelativeToBaseDate2006_Max_Temperature_RCP85","2046-04","NASA_NEXGDDP_Subnational_AggrDiffStats","https://www.nccs.nasa.gov/services/data-collections/land-based-products/nex-gddp","","Celsius","C",-0.237456999999999,"Difference in Maximum Temperature Relative to the Base Date 2006 for RCP 8.5 Scenario"
"geoId/72005","","Aguadilla Municipio","DifferenceRelativeToBaseDate2006_Max_Temperature_RCP85","2046-05","NASA_NEXGDDP_Subnational_AggrDiffStats","https://www.nccs.nasa.gov/services/data-collections/land-based-products/nex-gddp","","Celsius","C",0.639709000000003,"Difference in Maximum Temperature Relative to the Base Date 2006 for RCP 8.5 Scenario"
"geoId/72005","","Aguadilla Municipio","DifferenceRelativeToBaseDate2006_Max_Temperature_RCP85","2046-06","NASA_NEXGDDP_Subnational_AggrDiffStats","https://www.nccs.nasa.gov/services/data-collections/land-based-products/nex-gddp","","Celsius","C",0.956360000000004,"Difference in Maximum Temperature Relative to the Base Date 2006 for RCP 8.5 Scenario"
"geoId/72005","","Aguadilla Municipio","DifferenceRelativeToBaseDate2006_Max_Temperature_RCP85","2046-07","NASA_NEXGDDP_Subnational_AggrDiffStats","https://www.nccs.nasa.gov/services/data-collections/land-based-products/nex-gddp","","Celsius","C",0.735566000000006,"Difference in Maximum Temperature Relative to the Base Date 2006 for RCP 8.5 Scenario"
"geoId/72005","","Aguadilla Municipio","DifferenceRelativeToBaseDate2006_Max_Temperature_RCP85","2046-08","NASA_NEXGDDP_Subnational_AggrDiffStats","https://www.nccs.nasa.gov/services/data-collections/land-based-products/nex-gddp","","Celsius","C",1.311401,"Difference in Maximum Temperature Relative to the Base Date 2006 for RCP 8.5 Scenario"
"geoId/72005","","Aguadilla Municipio","DifferenceRelativeToBaseDate2006_Max_Temperature_RCP85","2046-09","NASA_NEXGDDP_Subnational_AggrDiffStats","https://www.nccs.nasa.gov/services/data-collections/land-based-products/nex-gddp","","Celsius","C",2.054046,"Difference in Maximum Temperature Relative to the Base Date 2006 for RCP 8.5 Scenario"
"geoId/72005","","Aguadilla Municipio","DifferenceRelativeToBaseDate2006_Max_Temperature_RCP85","2046-10","NASA_NEXGDDP_Subnational_AggrDiffStats","https://www.nccs.nasa.gov/services/data-collections/land-based-products/nex-gddp","","Celsius","C",1.824707,"Difference in Maximum Temperature Relative to the Base Date 2006 for RCP 8.5 Scenario"
"geoId/72005","","Aguadilla Municipio","DifferenceRelativeToBaseDate2006_Max_Temperature_RCP85","2046-11","NASA_NEXGDDP_Subnational_AggrDiffStats","https://www.nccs.nasa.gov/services/data-collections/land-based-products/nex-gddp","","Celsius","C",1.893279,"Difference in Maximum Temperature Relative to the Base Date 2006 for RCP 8.5 Scenario"
"geoId/72005","","Aguadilla Municipio","DifferenceRelativeToBaseDate2006_Max_Temperature_RCP85","2046-12","NASA_NEXGDDP_Subnational_AggrDiffStats","https://www.nccs.nasa.gov/services/data-collections/land-based-products/nex-gddp","","Celsius","C",0.521725999999997,"Difference in Maximum Temperature Relative to the Base Date 2006 for RCP 8.5 Scenario"
"geoId/72005","","Aguadilla Municipio","DifferenceRelativeToBaseDate2006_Max_Temperature_RCP85","2047-01","NASA_NEXGDDP_Subnational_AggrDiffStats","https://www.nccs.nasa.gov/services/data-collections/land-based-products/nex-gddp","","Celsius","C",1.860687,"Difference in Maximum Temperature Relative to the Base Date 2006 for RCP 8.5 Scenario"
"geoId/72005","","Aguadilla Municipio","DifferenceRelativeToBaseDate2006_Max_Temperature_RCP85","2047-02","NASA_NEXGDDP_Subnational_AggrDiffStats","https://www.nccs.nasa.gov/services/data-collections/land-based-products/nex-gddp","","Celsius","C",2.236937,"Difference in Maximum Temperature Relative to the Base Date 2006 for RCP 8.5 Scenario"
"geoId/72005","","Aguadilla Municipio","DifferenceRelativeToBaseDate2006_Max_Temperature_RCP85","2047-03","NASA_NEXGDDP_Subnational_AggrDiffStats","https://www.nccs.nasa.gov/services/data-collections/land-based-products/nex-gddp","","Celsius","C",4.135557,"Difference in Maximum Temperature Relative to the Base Date 2006 for RCP 8.5 Scenario"
"geoId/72005","","Aguadilla Municipio","DifferenceRelativeToBaseDate2006_Max_Temperature_RCP85","2047-04","NASA_NEXGDDP_Subnational_AggrDiffStats","https://www.nccs.nasa.gov/services/data-collections/land-based-products/nex-gddp","","Celsius","C",2.430754,"Difference in Maximum Temperature Relative to the Base Date 2006 for RCP 8.5 Scenario"
"geoId/72005","","Aguadilla Municipio","DifferenceRelativeToBaseDate2006_Max_Temperature_RCP85","2047-05","NASA_NEXGDDP_Subnational_AggrDiffStats","https://www.nccs.nasa.gov/services/data-collections/land-based-products/nex-gddp","","Celsius","C",2.960479,"Difference in Maximum Temperature Relative to the Base Date 2006 for RCP 8.5 Scenario"
"geoId/72005","","Aguadilla Municipio","DifferenceRelativeToBaseDate2006_Max_Temperature_RCP85","2047-06","NASA_NEXGDDP_Subnational_AggrDiffStats","https://www.nccs.nasa.gov/services/data-collections/land-based-products/nex-gddp","","Celsius","C",1.655335,"Difference in Maximum Temperature Relative to the Base Date 2006 for RCP 8.5 Scenario"
"geoId/72005","","Aguadilla Municipio","DifferenceRelativeToBaseDate2006_Max_Temperature_RCP85","2047-07","NASA_NEXGDDP_Subnational_AggrDiffStats","https://www.nccs.nasa.gov/services/data-collections/land-based-products/nex-gddp","","Celsius","C",0.781342000000002,"Difference in Maximum Temperature Relative to the Base Date 2006 for RCP 8.5 Scenario"
"geoId/72005","","Aguadilla Municipio","DifferenceRelativeToBaseDate2006_Max_Temperature_RCP85","2047-08","NASA_NEXGDDP_Subnational_AggrDiffStats","https://www.nccs.nasa.gov/services/data-collections/land-based-products/nex-gddp","","Celsius","C",2.542389,"Difference in Maximum Temperature Relative to the Base Date 2006 for RCP 8.5 Scenario"
"geoId/72005","","Aguadilla Municipio","DifferenceRelativeToBaseDate2006_Max_Temperature_RCP85","2047-09","NASA_NEXGDDP_Subnational_AggrDiffStats","https://www.nccs.nasa.gov/services/data-collections/land-based-products/nex-gddp","","Celsius","C",2.752441,"Difference in Maximum Temperature Relative to the Base Date 2006 for RCP 8.5 Scenario"
"geoId/72005","","Aguadilla Municipio","DifferenceRelativeToBaseDate2006_Max_Temperature_RCP85","2047-10","NASA_NEXGDDP_Subnational_AggrDiffStats","https://www.nccs.nasa.gov/services/data-collections/land-based-products/nex-gddp","","Celsius","C",1.696746,"Difference in Maximum Temperature Relative to the Base Date 2006 for RCP 8.5 Scenario"
"geoId/72005","","Aguadilla Municipio","DifferenceRelativeToBaseDate2006_Max_Temperature_RCP85","2047-11","NASA_NEXGDDP_Subnational_AggrDiffStats","https://www.nccs.nasa.gov/services/data-collections/land-based-products/nex-gddp","","Celsius","C",2.987425,"Difference in Maximum Temperature Relative to the Base Date 2006 for RCP 8.5 Scenario"
"geoId/72005","","Aguadilla Municipio","DifferenceRelativeToBaseDate2006_Max_Temperature_RCP85","2047-12","NASA_NEXGDDP_Subnational_AggrDiffStats","https://www.nccs.nasa.gov/services/data-collections/land-based-products/nex-gddp","","Celsius","C",1.918516,"Difference in Maximum Temperature Relative to the Base Date 2006 for RCP 8.5 Scenario"
"geoId/72005","","Aguadilla Municipio","DifferenceRelativeToBaseDate2006_Max_Temperature_RCP85","2048-01","NASA_NEXGDDP_Subnational_AggrDiffStats","https://www.nccs.nasa.gov/services/data-collections/land-based-products/nex-gddp","","Celsius","C",2.829527,"Difference in Maximum Temperature Relative to the Base Date 2006 for RCP 8.5 Scenario"
"geoId/72005","","Aguadilla Municipio","DifferenceRelativeToBaseDate2006_Max_Temperature_RCP85","2048-02","NASA_NEXGDDP_Subnational_AggrDiffStats","https://www.nccs.nasa.gov/services/data-collections/land-based-products/nex-gddp","","Celsius","C",5.901793,"Difference in Maximum Temperature Relative to the Base Date 2006 for RCP 8.5 Scenario"
"geoId/72005","","Aguadilla Municipio","DifferenceRelativeToBaseDate2006_Max_Temperature_RCP85","2048-03","NASA_NEXGDDP_Subnational_AggrDiffStats","https://www.nccs.nasa.gov/services/data-collections/land-based-products/nex-gddp","","Celsius","C",2.661954,"Difference in Maximum Temperature Relative to the Base Date 2006 for RCP 8.5 Scenario"
"geoId/72005","","Aguadilla Municipio","DifferenceRelativeToBaseDate2006_Max_Temperature_RCP85","2048-04","NASA_NEXGDDP_Subnational_AggrDiffStats","https://www.nccs.nasa.gov/services/data-collections/land-based-products/nex-gddp","","Celsius","C",6.333464,"Difference in Maximum Temperature Relative to the Base Date 2006 for RCP 8.5 Scenario"
"geoId/72005","","Aguadilla Municipio","DifferenceRelativeToBaseDate2006_Max_Temperature_RCP85","2048-05","NASA_NEXGDDP_Subnational_AggrDiffStats","https://www.nccs.nasa.gov/services/data-collections/land-based-products/nex-gddp","","Celsius","C",3.581756,"Difference in Maximum Temperature Relative to the Base Date 2006 for RCP 8.5 Scenario"
"geoId/72005","","Aguadilla Municipio","DifferenceRelativeToBaseDate2006_Max_Temperature_RCP85","2048-06","NASA_NEXGDDP_Subnational_AggrDiffStats","https://www.nccs.nasa.gov/services/data-collections/land-based-products/nex-gddp","","Celsius","C",4.516815,"Difference in Maximum Temperature Relative to the Base Date 2006 for RCP 8.5 Scenario"
"geoId/72005","","Aguadilla Municipio","DifferenceRelativeToBaseDate2006_Max_Temperature_RCP85","2048-07","NASA_NEXGDDP_Subnational_AggrDiffStats","https://www.nccs.nasa.gov/services/data-collections/land-based-products/nex-gddp","","Celsius","C",2.611786,"Difference in Maximum Temperature Relative to the Base Date 2006 for RCP 8.5 Scenario"
"geoId/72005","","Aguadilla Municipio","DifferenceRelativeToBaseDate2006_Max_Temperature_RCP85","2048-08","NASA_NEXGDDP_Subnational_AggrDiffStats","https://www.nccs.nasa.gov/services/data-collections/land-based-products/nex-gddp","","Celsius","C",3.655853,"Difference in Maximum Temperature Relative to the Base Date 2006 for RCP 8.5 Scenario"
"geoId/72005","","Aguadilla Municipio","DifferenceRelativeToBaseDate2006_Max_Temperature_RCP85","2048-09","NASA_NEXGDDP_Subnational_AggrDiffStats","https://www.nccs.nasa.gov/services/data-collections/land-based-products/nex-gddp","","Celsius","C",3.574768,"Difference in Maximum Temperature Relative to the Base Date 2006 for RCP 8.5 Scenario"
"geoId/72005","","Aguadilla Municipio","DifferenceRelativeToBaseDate2006_Max_Temperature_RCP85","2048-10","NASA_NEXGDDP_Subnational_AggrDiffStats","https://www.nccs.nasa.gov/services/data-collections/land-based-products/nex-gddp","","Celsius","C",2.636108,"Difference in Maximum Temperature Relative to the Base Date 2006 for RCP 8.5 Scenario"
"geoId/72005","","Aguadilla Municipio","DifferenceRelativeToBaseDate2006_Max_Temperature_RCP85","2048-11","NASA_NEXGDDP_Subnational_AggrDiffStats","https://www.nccs.nasa.gov/services/data-collections/land-based-products/nex-gddp","","Celsius","C",4.21768,"Difference in Maximum Temperature Relative to the Base Date 2006 for RCP 8.5 Scenario"
"geoId/72005","","Aguadilla Municipio","DifferenceRelativeToBaseDate2006_Max_Temperature_RCP85","2048-12","NASA_NEXGDDP_Subnational_AggrDiffStats","https://www.nccs.nasa.gov/services/data-collections/land-based-products/nex-gddp","","Celsius","C",2.248594,"Difference in Maximum Temperature Relative to the Base Date 2006 for RCP 8.5 Scenario"
"geoId/72005","","Aguadilla Municipio","DifferenceRelativeToBaseDate2006_Max_Temperature_RCP85","2049-01","NASA_NEXGDDP_Subnational_AggrDiffStats","https://www.nccs.nasa.gov/services/data-collections/land-based-products/nex-gddp","","Celsius","C",1.761841,"Difference in Maximum Temperature Relative to the Base Date 2006 for RCP 8.5 Scenario"
"geoId/72005","","Aguadilla Municipio","DifferenceRelativeToBaseDate2006_Max_Temperature_RCP85","2049-02","NASA_NEXGDDP_Subnational_AggrDiffStats","https://www.nccs.nasa.gov/services/data-collections/land-based-products/nex-gddp","","Celsius","C",2.2778,"Difference in Maximum Temperature Relative to the Base Date 2006 for RCP 8.5 Scenario"
"geoId/72005","","Aguadilla Municipio","DifferenceRelativeToBaseDate2006_Max_Temperature_RCP85","2049-03","NASA_NEXGDDP_Subnational_AggrDiffStats","https://www.nccs.nasa.gov/services/data-collections/land-based-products/nex-gddp","","Celsius","C",0.988737,"Difference in Maximum Temperature Relative to the Base Date 2006 for RCP 8.5 Scenario"
"geoId/72005","","Aguadilla Municipio","DifferenceRelativeToBaseDate2006_Max_Temperature_RCP85","2049-04","NASA_NEXGDDP_Subnational_AggrDiffStats","https://www.nccs.nasa.gov/services/data-collections/land-based-products/nex-gddp","","Celsius","C",2.84912,"Difference in Maximum Temperature Relative to the Base Date 2006 for RCP 8.5 Scenario"
"geoId/72005","","Aguadilla Municipio","DifferenceRelativeToBaseDate2006_Max_Temperature_RCP85","2049-05","NASA_NEXGDDP_Subnational_AggrDiffStats","https://www.nccs.nasa.gov/services/data-collections/land-based-products/nex-gddp","","Celsius","C",3.222869,"Difference in Maximum Temperature Relative to the Base Date 2006 for RCP 8.5 Scenario"
"geoId/72005","","Aguadilla Municipio","DifferenceRelativeToBaseDate2006_Max_Temperature_RCP85","2049-06","NASA_NEXGDDP_Subnational_AggrDiffStats","https://www.nccs.nasa.gov/services/data-collections/land-based-products/nex-gddp","","Celsius","C",1.50155700000001,"Difference in Maximum Temperature Relative to the Base Date 2006 for RCP 8.5 Scenario"
"geoId/72005","","Aguadilla Municipio","DifferenceRelativeToBaseDate2006_Max_Temperature_RCP85","2049-07","NASA_NEXGDDP_Subnational_AggrDiffStats","https://www.nccs.nasa.gov/services/data-collections/land-based-products/nex-gddp","","Celsius","C",0.568055000000001,"Difference in Maximum Temperature Relative to the Base Date 2006 for RCP 8.5 Scenario"
"geoId/72005","","Aguadilla Municipio","DifferenceRelativeToBaseDate2006_Max_Temperature_RCP85","2049-08","NASA_NEXGDDP_Subnational_AggrDiffStats","https://www.nccs.nasa.gov/services/data-collections/land-based-products/nex-gddp","","Celsius","C",2.415955,"Difference in Maximum Temperature Relative to the Base Date 2006 for RCP 8.5 Scenario"
"geoId/72005","","Aguadilla Municipio","DifferenceRelativeToBaseDate2006_Max_Temperature_RCP85","2049-09","NASA_NEXGDDP_Subnational_AggrDiffStats","https://www.nccs.nasa.gov/services/data-collections/land-based-products/nex-gddp","","Celsius","C",2.467437,"Difference in Maximum Temperature Relative to the Base Date 2006 for RCP 8.5 Scenario"
"geoId/72005","","Aguadilla Municipio","DifferenceRelativeToBaseDate2006_Max_Temperature_RCP85","2049-10","NASA_NEXGDDP_Subnational_AggrDiffStats","https://www.nccs.nasa.gov/services/data-collections/land-based-products/nex-gddp","","Celsius","C",1.957336,"Difference in Maximum Temperature Relative to the Base Date 2006 for RCP 8.5 Scenario"
"geoId/72005","","Aguadilla Municipio","DifferenceRelativeToBaseDate2006_Max_Temperature_RCP85","2049-11","NASA_NEXGDDP_Subnational_AggrDiffStats","https://www.nccs.nasa.gov/services/data-collections/land-based-products/nex-gddp","","Celsius","C",2.971587,"Difference in Maximum Temperature Relative to the Base Date 2006 for RCP 8.5 Scenario"
"geoId/72005","","Aguadilla Municipio","DifferenceRelativeToBaseDate2006_Max_Temperature_RCP85","2049-12","NASA_NEXGDDP_Subnational_AggrDiffStats","https://www.nccs.nasa.gov/services/data-collections/land-based-products/nex-gddp","","Celsius","C",0.847958999999999,"Difference in Maximum Temperature Relative to the Base Date 2006 for RCP 8.5 Scenario"
"geoId/72005","","Aguadilla Municipio","DifferenceRelativeToBaseDate2006_Max_Temperature_RCP85","2050-01","NASA_NEXGDDP_Subnational_AggrDiffStats","https://www.nccs.nasa.gov/services/data-collections/land-based-products/nex-gddp","","Celsius","C",3.088346,"Difference in Maximum Temperature Relative to the Base Date 2006 for RCP 8.5 Scenario"
"geoId/72005","","Aguadilla Municipio","DifferenceRelativeToBaseDate2006_Max_Temperature_RCP85","2050-02","NASA_NEXGDDP_Subnational_AggrDiffStats","https://www.nccs.nasa.gov/services/data-collections/land-based-products/nex-gddp","","Celsius","C",2.325834,"Difference in Maximum Temperature Relative to the Base Date 2006 for RCP 8.5 Scenario"
"geoId/72005","","Aguadilla Municipio","DifferenceRelativeToBaseDate2006_Max_Temperature_RCP85","2050-03","NASA_NEXGDDP_Subnational_AggrDiffStats","https://www.nccs.nasa.gov/services/data-collections/land-based-products/nex-gddp","","Celsius","C",1.82794,"Difference in Maximum Temperature Relative to the Base Date 2006 for RCP 8.5 Scenario"
"geoId/72005","","Aguadilla Municipio","DifferenceRelativeToBaseDate2006_Max_Temperature_RCP85","2050-04","NASA_NEXGDDP_Subnational_AggrDiffStats","https://www.nccs.nasa.gov/services/data-collections/land-based-products/nex-gddp","","Celsius","C",3.66342,"Difference in Maximum Temperature Relative to the Base Date 2006 for RCP 8.5 Scenario"
"geoId/72005","","Aguadilla Municipio","DifferenceRelativeToBaseDate2006_Max_Temperature_RCP85","2050-05","NASA_NEXGDDP_Subnational_AggrDiffStats","https://www.nccs.nasa.gov/services/data-collections/land-based-products/nex-gddp","","Celsius","C",1.339447,"Difference in Maximum Temperature Relative to the Base Date 2006 for RCP 8.5 Scenario"
"geoId/72005","","Aguadilla Municipio","DifferenceRelativeToBaseDate2006_Max_Temperature_RCP85","2050-06","NASA_NEXGDDP_Subnational_AggrDiffStats","https://www.nccs.nasa.gov/services/data-collections/land-based-products/nex-gddp","","Celsius","C",2.027191,"Difference in Maximum Temperature Relative to the Base Date 2006 for RCP 8.5 Scenario"
"geoId/72005","","Aguadilla Municipio","DifferenceRelativeToBaseDate2006_Max_Temperature_RCP85","2050-07","NASA_NEXGDDP_Subnational_AggrDiffStats","https://www.nccs.nasa.gov/services/data-collections/land-based-products/nex-gddp","","Celsius","C",1.099091,"Difference in Maximum Temperature Relative to the Base Date 2006 for RCP 8.5 Scenario"
"geoId/72005","","Aguadilla Municipio","DifferenceRelativeToBaseDate2006_Max_Temperature_RCP85","2050-08","NASA_NEXGDDP_Subnational_AggrDiffStats","https://www.nccs.nasa.gov/services/data-collections/land-based-products/nex-gddp","","Celsius","C",1.71167,"Difference in Maximum Temperature Relative to the Base Date 2006 for RCP 8.5 Scenario"
"geoId/72005","","Aguadilla Municipio","DifferenceRelativeToBaseDate2006_Max_Temperature_RCP85","2050-09","NASA_NEXGDDP_Subnational_AggrDiffStats","https://www.nccs.nasa.gov/services/data-collections/land-based-products/nex-gddp","","Celsius","C",1.255005,"Difference in Maximum Temperature Relative to the Base Date 2006 for RCP 8.5 Scenario"
"geoId/72005","","Aguadilla Municipio","DifferenceRelativeToBaseDate2006_Max_Temperature_RCP85","2050-10","NASA_NEXGDDP_Subnational_AggrDiffStats","https://www.nccs.nasa.gov/services/data-collections/land-based-products/nex-gddp","","Celsius","C",1.873779,"Difference in Maximum Temperature Relative to the Base Date 2006 for RCP 8.5 Scenario"
"geoId/72005","","Aguadilla Municipio","DifferenceRelativeToBaseDate2006_Max_Temperature_RCP85","2050-11","NASA_NEXGDDP_Subnational_AggrDiffStats","https://www.nccs.nasa.gov/services/data-collections/land-based-products/nex-gddp","","Celsius","C",2.114867,"Difference in Maximum Temperature Relative to the Base Date 2006 for RCP 8.5 Scenario"
"geoId/72005","","Aguadilla Municipio","DifferenceRelativeToBaseDate2006_Max_Temperature_RCP85","2050-12","NASA_NEXGDDP_Subnational_AggrDiffStats","https://www.nccs.nasa.gov/services/data-collections/land-based-products/nex-gddp","","Celsius","C",-0.416046000000001,"Difference in Maximum Temperature Relative to the Base Date 2006 for RCP 8.5 Scenario"
"geoId/72005","","Aguadilla Municipio","DifferenceRelativeToBaseDate2006_Max_Temperature_RCP85","2051-01","NASA_NEXGDDP_Subnational_AggrDiffStats","https://www.nccs.nasa.gov/services/data-collections/land-based-products/nex-gddp","","Celsius","C",1.080749,"Difference in Maximum Temperature Relative to the Base Date 2006 for RCP 8.5 Scenario"
"geoId/72005","","Aguadilla Municipio","DifferenceRelativeToBaseDate2006_Max_Temperature_RCP85","2051-02","NASA_NEXGDDP_Subnational_AggrDiffStats","https://www.nccs.nasa.gov/services/data-collections/land-based-products/nex-gddp","","Celsius","C",2.712828,"Difference in Maximum Temperature Relative to the Base Date 2006 for RCP 8.5 Scenario"
"geoId/72005","","Aguadilla Municipio","DifferenceRelativeToBaseDate2006_Max_Temperature_RCP85","2051-03","NASA_NEXGDDP_Subnational_AggrDiffStats","https://www.nccs.nasa.gov/services/data-collections/land-based-products/nex-gddp","","Celsius","C",5.567167,"Difference in Maximum Temperature Relative to the Base Date 2006 for RCP 8.5 Scenario"
"geoId/72005","","Aguadilla Municipio","DifferenceRelativeToBaseDate2006_Max_Temperature_RCP85","2051-04","NASA_NEXGDDP_Subnational_AggrDiffStats","https://www.nccs.nasa.gov/services/data-collections/land-based-products/nex-gddp","","Celsius","C",2.224944,"Difference in Maximum Temperature Relative to the Base Date 2006 for RCP 8.5 Scenario"
"geoId/72005","","Aguadilla Municipio","DifferenceRelativeToBaseDate2006_Max_Temperature_RCP85","2051-05","NASA_NEXGDDP_Subnational_AggrDiffStats","https://www.nccs.nasa.gov/services/data-collections/land-based-products/nex-gddp","","Celsius","C",1.075592,"Difference in Maximum Temperature Relative to the Base Date 2006 for RCP 8.5 Scenario"
"geoId/72005","","Aguadilla Municipio","DifferenceRelativeToBaseDate2006_Max_Temperature_RCP85","2051-06","NASA_NEXGDDP_Subnational_AggrDiffStats","https://www.nccs.nasa.gov/services/data-collections/land-based-products/nex-gddp","","Celsius","C",-0.170378999999997,"Difference in Maximum Temperature Relative to the Base Date 2006 for RCP 8.5 Scenario"
"geoId/72005","","Aguadilla Municipio","DifferenceRelativeToBaseDate2006_Max_Temperature_RCP85","2051-07","NASA_NEXGDDP_Subnational_AggrDiffStats","https://www.nccs.nasa.gov/services/data-collections/land-based-products/nex-gddp","","Celsius","C",-0.126341999999994,"Difference in Maximum Temperature Relative to the Base Date 2006 for RCP 8.5 Scenario"
"geoId/72005","","Aguadilla Municipio","DifferenceRelativeToBaseDate2006_Max_Temperature_RCP85","2051-08","NASA_NEXGDDP_Subnational_AggrDiffStats","https://www.nccs.nasa.gov/services/data-collections/land-based-products/nex-gddp","","Celsius","C",0.312224999999998,"Difference in Maximum Temperature Relative to the Base Date 2006 for RCP 8.5 Scenario"
"geoId/72005","","Aguadilla Municipio","DifferenceRelativeToBaseDate2006_Max_Temperature_RCP85","2051-09","NASA_NEXGDDP_Subnational_AggrDiffStats","https://www.nccs.nasa.gov/services/data-collections/land-based-products/nex-gddp","","Celsius","C",0.603424000000004,"Difference in Maximum Temperature Relative to the Base Date 2006 for RCP 8.5 Scenario"
"geoId/72005","","Aguadilla Municipio","DifferenceRelativeToBaseDate2006_Max_Temperature_RCP85","2051-10","NASA_NEXGDDP_Subnational_AggrDiffStats","https://www.nccs.nasa.gov/services/data-collections/land-based-products/nex-gddp","","Celsius","C",1.011688,"Difference in Maximum Temperature Relative to the Base Date 2006 for RCP 8.5 Scenario"
"geoId/72005","","Aguadilla Municipio","DifferenceRelativeToBaseDate2006_Max_Temperature_RCP85","2051-11","NASA_NEXGDDP_Subnational_AggrDiffStats","https://www.nccs.nasa.gov/services/data-collections/land-based-products/nex-gddp","","Celsius","C",0.321990999999997,"Difference in Maximum Temperature Relative to the Base Date 2006 for RCP 8.5 Scenario"
"geoId/72005","","Aguadilla Municipio","DifferenceRelativeToBaseDate2006_Max_Temperature_RCP85","2051-12","NASA_NEXGDDP_Subnational_AggrDiffStats","https://www.nccs.nasa.gov/services/data-collections/land-based-products/nex-gddp","","Celsius","C",2.082853,"Difference in Maximum Temperature Relative to the Base Date 2006 for RCP 8.5 Scenario"
"geoId/72005","","Aguadilla Municipio","DifferenceRelativeToBaseDate2006_Max_Temperature_RCP85","2052-01","NASA_NEXGDDP_Subnational_AggrDiffStats","https://www.nccs.nasa.gov/services/data-collections/land-based-products/nex-gddp","","Celsius","C",0.236602999999999,"Difference in Maximum Temperature Relative to the Base Date 2006 for RCP 8.5 Scenario"
"geoId/72005","","Aguadilla Municipio","DifferenceRelativeToBaseDate2006_Max_Temperature_RCP85","2052-02","NASA_NEXGDDP_Subnational_AggrDiffStats","https://www.nccs.nasa.gov/services/data-collections/land-based-products/nex-gddp","","Celsius","C",1.70047,"Difference in Maximum Temperature Relative to the Base Date 2006 for RCP 8.5 Scenario"
"geoId/72005","","Aguadilla Municipio","DifferenceRelativeToBaseDate2006_Max_Temperature_RCP85","2052-03","NASA_NEXGDDP_Subnational_AggrDiffStats","https://www.nccs.nasa.gov/services/data-collections/land-based-products/nex-gddp","","Celsius","C",1.664915,"Difference in Maximum Temperature Relative to the Base Date 2006 for RCP 8.5 Scenario"
"geoId/72005","","Aguadilla Municipio","DifferenceRelativeToBaseDate2006_Max_Temperature_RCP85","2052-04","NASA_NEXGDDP_Subnational_AggrDiffStats","https://www.nccs.nasa.gov/services/data-collections/land-based-products/nex-gddp","","Celsius","C",2.51315200000001,"Difference in Maximum Temperature Relative to the Base Date 2006 for RCP 8.5 Scenario"
"geoId/72005","","Aguadilla Municipio","DifferenceRelativeToBaseDate2006_Max_Temperature_RCP85","2052-05","NASA_NEXGDDP_Subnational_AggrDiffStats","https://www.nccs.nasa.gov/services/data-collections/land-based-products/nex-gddp","","Celsius","C",0.439880000000002,"Difference in Maximum Temperature Relative to the Base Date 2006 for RCP 8.5 Scenario"
"geoId/72005","","Aguadilla Municipio","DifferenceRelativeToBaseDate2006_Max_Temperature_RCP85","2052-06","NASA_NEXGDDP_Subnational_AggrDiffStats","https://www.nccs.nasa.gov/services/data-collections/land-based-products/nex-gddp","","Celsius","C",-0.0315549999999973,"Difference in Maximum Temperature Relative to the Base Date 2006 for RCP 8.5 Scenario"
"geoId/72005","","Aguadilla Municipio","DifferenceRelativeToBaseDate2006_Max_Temperature_RCP85","2052-07","NASA_NEXGDDP_Subnational_AggrDiffStats","https://www.nccs.nasa.gov/services/data-collections/land-based-products/nex-gddp","","Celsius","C",-0.480528999999997,"Difference in Maximum Temperature Relative to the Base Date 2006 for RCP 8.5 Scenario"
"geoId/72005","","Aguadilla Municipio","DifferenceRelativeToBaseDate2006_Max_Temperature_RCP85","2052-08","NASA_NEXGDDP_Subnational_AggrDiffStats","https://www.nccs.nasa.gov/services/data-collections/land-based-products/nex-gddp","","Celsius","C",0.314911000000002,"Difference in Maximum Temperature Relative to the Base Date 2006 for RCP 8.5 Scenario"
"geoId/72005","","Aguadilla Municipio","DifferenceRelativeToBaseDate2006_Max_Temperature_RCP85","2052-09","NASA_NEXGDDP_Subnational_AggrDiffStats","https://www.nccs.nasa.gov/services/data-collections/land-based-products/nex-gddp","","Celsius","C",0.976714999999999,"Difference in Maximum Temperature Relative to the Base Date 2006 for RCP 8.5 Scenario"
"geoId/72005","","Aguadilla Municipio","DifferenceRelativeToBaseDate2006_Max_Temperature_RCP85","2052-10","NASA_NEXGDDP_Subnational_AggrDiffStats","https://www.nccs.nasa.gov/services/data-collections/land-based-products/nex-gddp","","Celsius","C",0.985748000000001,"Difference in Maximum Temperature Relative to the Base Date 2006 for RCP 8.5 Scenario"
"geoId/72005","","Aguadilla Municipio","DifferenceRelativeToBaseDate2006_Max_Temperature_RCP85","2052-11","NASA_NEXGDDP_Subnational_AggrDiffStats","https://www.nccs.nasa.gov/services/data-collections/land-based-products/nex-gddp","","Celsius","C",2.353636,"Difference in Maximum Temperature Relative to the Base Date 2006 for RCP 8.5 Scenario"
"geoId/72005","","Aguadilla Municipio","DifferenceRelativeToBaseDate2006_Max_Temperature_RCP85","2052-12","NASA_NEXGDDP_Subnational_AggrDiffStats","https://www.nccs.nasa.gov/services/data-collections/land-based-products/nex-gddp","","Celsius","C",0.529447000000001,"Difference in Maximum Temperature Relative to the Base Date 2006 for RCP 8.5 Scenario"
"geoId/72005","","Aguadilla Municipio","DifferenceRelativeToBaseDate2006_Max_Temperature_RCP85","2053-01","NASA_NEXGDDP_Subnational_AggrDiffStats","https://www.nccs.nasa.gov/services/data-collections/land-based-products/nex-gddp","","Celsius","C",2.35211,"Difference in Maximum Temperature Relative to the Base Date 2006 for RCP 8.5 Scenario"
"geoId/72005","","Aguadilla Municipio","DifferenceRelativeToBaseDate2006_Max_Temperature_RCP85","2053-02","NASA_NEXGDDP_Subnational_AggrDiffStats","https://www.nccs.nasa.gov/services/data-collections/land-based-products/nex-gddp","","Celsius","C",2.36035,"Difference in Maximum Temperature Relative to the Base Date 2006 for RCP 8.5 Scenario"
"geoId/72005","","Aguadilla Municipio","DifferenceRelativeToBaseDate2006_Max_Temperature_RCP85","2053-03","NASA_NEXGDDP_Subnational_AggrDiffStats","https://www.nccs.nasa.gov/services/data-collections/land-based-products/nex-gddp","","Celsius","C",4.052152,"Difference in Maximum Temperature Relative to the Base Date 2006 for RCP 8.5 Scenario"
"geoId/72005","","Aguadilla Municipio","DifferenceRelativeToBaseDate2006_Max_Temperature_RCP85","2053-04","NASA_NEXGDDP_Subnational_AggrDiffStats","https://www.nccs.nasa.gov/services/data-collections/land-based-products/nex-gddp","","Celsius","C",4.151396,"Difference in Maximum Temperature Relative to the Base Date 2006 for RCP 8.5 Scenario"
"geoId/72005","","Aguadilla Municipio","DifferenceRelativeToBaseDate2006_Max_Temperature_RCP85","2053-05","NASA_NEXGDDP_Subnational_AggrDiffStats","https://www.nccs.nasa.gov/services/data-collections/land-based-products/nex-gddp","","Celsius","C",2.311798,"Difference in Maximum Temperature Relative to the Base Date 2006 for RCP 8.5 Scenario"
"geoId/72005","","Aguadilla Municipio","DifferenceRelativeToBaseDate2006_Max_Temperature_RCP85","2053-06","NASA_NEXGDDP_Subnational_AggrDiffStats","https://www.nccs.nasa.gov/services/data-collections/land-based-products/nex-gddp","","Celsius","C",2.479798,"Difference in Maximum Temperature Relative to the Base Date 2006 for RCP 8.5 Scenario"
"geoId/72005","","Aguadilla Municipio","DifferenceRelativeToBaseDate2006_Max_Temperature_RCP85","2053-07","NASA_NEXGDDP_Subnational_AggrDiffStats","https://www.nccs.nasa.gov/services/data-collections/land-based-products/nex-gddp","","Celsius","C",1.341492,"Difference in Maximum Temperature Relative to the Base Date 2006 for RCP 8.5 Scenario"
"geoId/72005","","Aguadilla Municipio","DifferenceRelativeToBaseDate2006_Max_Temperature_RCP85","2053-08","NASA_NEXGDDP_Subnational_AggrDiffStats","https://www.nccs.nasa.gov/services/data-collections/land-based-products/nex-gddp","","Celsius","C",1.723724,"Difference in Maximum Temperature Relative to the Base Date 2006 for RCP 8.5 Scenario"
"geoId/72005","","Aguadilla Municipio","DifferenceRelativeToBaseDate2006_Max_Temperature_RCP85","2053-09","NASA_NEXGDDP_Subnational_AggrDiffStats","https://www.nccs.nasa.gov/services/data-collections/land-based-products/nex-gddp","","Celsius","C",2.111908,"Difference in Maximum Temperature Relative to the Base Date 2006 for RCP 8.5 Scenario"
"geoId/72005","","Aguadilla Municipio","DifferenceRelativeToBaseDate2006_Max_Temperature_RCP85","2053-10","NASA_NEXGDDP_Subnational_AggrDiffStats","https://www.nccs.nasa.gov/services/data-collections/land-based-products/nex-gddp","","Celsius","C",2.052307,"Difference in Maximum Temperature Relative to the Base Date 2006 for RCP 8.5 Scenario"
"geoId/72005","","Aguadilla Municipio","DifferenceRelativeToBaseDate2006_Max_Temperature_RCP85","2053-11","NASA_NEXGDDP_Subnational_AggrDiffStats","https://www.nccs.nasa.gov/services/data-collections/land-based-products/nex-gddp","","Celsius","C",2.729918,"Difference in Maximum Temperature Relative to the Base Date 2006 for RCP 8.5 Scenario"
"geoId/72005","","Aguadilla Municipio","DifferenceRelativeToBaseDate2006_Max_Temperature_RCP85","2053-12","NASA_NEXGDDP_Subnational_AggrDiffStats","https://www.nccs.nasa.gov/services/data-collections/land-based-products/nex-gddp","","Celsius","C",2.883634,"Difference in Maximum Temperature Relative to the Base Date 2006 for RCP 8.5 Scenario"
"geoId/72005","","Aguadilla Municipio","DifferenceRelativeToBaseDate2006_Max_Temperature_RCP85","2054-01","NASA_NEXGDDP_Subnational_AggrDiffStats","https://www.nccs.nasa.gov/services/data-collections/land-based-products/nex-gddp","","Celsius","C",1.839538,"Difference in Maximum Temperature Relative to the Base Date 2006 for RCP 8.5 Scenario"
"geoId/72005","","Aguadilla Municipio","DifferenceRelativeToBaseDate2006_Max_Temperature_RCP85","2054-02","NASA_NEXGDDP_Subnational_AggrDiffStats","https://www.nccs.nasa.gov/services/data-collections/land-based-products/nex-gddp","","Celsius","C",4.183531,"Difference in Maximum Temperature Relative to the Base Date 2006 for RCP 8.5 Scenario"
"geoId/72005","","Aguadilla Municipio","DifferenceRelativeToBaseDate2006_Max_Temperature_RCP85","2054-03","NASA_NEXGDDP_Subnational_AggrDiffStats","https://www.nccs.nasa.gov/services/data-collections/land-based-products/nex-gddp","","Celsius","C",2.368864,"Difference in Maximum Temperature Relative to the Base Date 2006 for RCP 8.5 Scenario"
"geoId/72005","","Aguadilla Municipio","DifferenceRelativeToBaseDate2006_Max_Temperature_RCP85","2054-04","NASA_NEXGDDP_Subnational_AggrDiffStats","https://www.nccs.nasa.gov/services/data-collections/land-based-products/nex-gddp","","Celsius","C",3.365904,"Difference in Maximum Temperature Relative to the Base Date 2006 for RCP 8.5 Scenario"
"geoId/72005","","Aguadilla Municipio","DifferenceRelativeToBaseDate2006_Max_Temperature_RCP85","2054-05","NASA_NEXGDDP_Subnational_AggrDiffStats","https://www.nccs.nasa.gov/services/data-collections/land-based-products/nex-gddp","","Celsius","C",3.797607,"Difference in Maximum Temperature Relative to the Base Date 2006 for RCP 8.5 Scenario"
"geoId/72005","","Aguadilla Municipio","DifferenceRelativeToBaseDate2006_Max_Temperature_RCP85","2054-06","NASA_NEXGDDP_Subnational_AggrDiffStats","https://www.nccs.nasa.gov/services/data-collections/land-based-products/nex-gddp","","Celsius","C",2.826355,"Difference in Maximum Temperature Relative to the Base Date 2006 for RCP 8.5 Scenario"
"geoId/72005","","Aguadilla Municipio","DifferenceRelativeToBaseDate2006_Max_Temperature_RCP85","2054-07","NASA_NEXGDDP_Subnational_AggrDiffStats","https://www.nccs.nasa.gov/services/data-collections/land-based-products/nex-gddp","","Celsius","C",3.015625,"Difference in Maximum Temperature Relative to the Base Date 2006 for RCP 8.5 Scenario"
"geoId/72005","","Aguadilla Municipio","DifferenceRelativeToBaseDate2006_Max_Temperature_RCP85","2054-08","NASA_NEXGDDP_Subnational_AggrDiffStats","https://www.nccs.nasa.gov/services/data-collections/land-based-products/nex-gddp","","Celsius","C",4.082306,"Difference in Maximum Temperature Relative to the Base Date 2006 for RCP 8.5 Scenario"
"geoId/72005","","Aguadilla Municipio","DifferenceRelativeToBaseDate2006_Max_Temperature_RCP85","2054-09","NASA_NEXGDDP_Subnational_AggrDiffStats","https://www.nccs.nasa.gov/services/data-collections/land-based-products/nex-gddp","","Celsius","C",3.939727,"Difference in Maximum Temperature Relative to the Base Date 2006 for RCP 8.5 Scenario"
"geoId/72005","","Aguadilla Municipio","DifferenceRelativeToBaseDate2006_Max_Temperature_RCP85","2054-10","NASA_NEXGDDP_Subnational_AggrDiffStats","https://www.nccs.nasa.gov/services/data-collections/land-based-products/nex-gddp","","Celsius","C",3.191436,"Difference in Maximum Temperature Relative to the Base Date 2006 for RCP 8.5 Scenario"
"geoId/72005","","Aguadilla Municipio","DifferenceRelativeToBaseDate2006_Max_Temperature_RCP85","2054-11","NASA_NEXGDDP_Subnational_AggrDiffStats","https://www.nccs.nasa.gov/services/data-collections/land-based-products/nex-gddp","","Celsius","C",4.59976,"Difference in Maximum Temperature Relative to the Base Date 2006 for RCP 8.5 Scenario"
"geoId/72005","","Aguadilla Municipio","DifferenceRelativeToBaseDate2006_Max_Temperature_RCP85","2054-12","NASA_NEXGDDP_Subnational_AggrDiffStats","https://www.nccs.nasa.gov/services/data-collections/land-based-products/nex-gddp","","Celsius","C",3.333372,"Difference in Maximum Temperature Relative to the Base Date 2006 for RCP 8.5 Scenario"
"geoId/72005","","Aguadilla Municipio","DifferenceRelativeToBaseDate2006_Max_Temperature_RCP85","2055-01","NASA_NEXGDDP_Subnational_AggrDiffStats","https://www.nccs.nasa.gov/services/data-collections/land-based-products/nex-gddp","","Celsius","C",3.181883,"Difference in Maximum Temperature Relative to the Base Date 2006 for RCP 8.5 Scenario"
"geoId/72005","","Aguadilla Municipio","DifferenceRelativeToBaseDate2006_Max_Temperature_RCP85","2055-02","NASA_NEXGDDP_Subnational_AggrDiffStats","https://www.nccs.nasa.gov/services/data-collections/land-based-products/nex-gddp","","Celsius","C",4.733763,"Difference in Maximum Temperature Relative to the Base Date 2006 for RCP 8.5 Scenario"
"geoId/72005","","Aguadilla Municipio","DifferenceRelativeToBaseDate2006_Max_Temperature_RCP85","2055-03","NASA_NEXGDDP_Subnational_AggrDiffStats","https://www.nccs.nasa.gov/services/data-collections/land-based-products/nex-gddp","","Celsius","C",2.54611,"Difference in Maximum Temperature Relative to the Base Date 2006 for RCP 8.5 Scenario"
"geoId/72005","","Aguadilla Municipio","DifferenceRelativeToBaseDate2006_Max_Temperature_RCP85","2055-04","NASA_NEXGDDP_Subnational_AggrDiffStats","https://www.nccs.nasa.gov/services/data-collections/land-based-products/nex-gddp","","Celsius","C",3.64395,"Difference in Maximum Temperature Relative to the Base Date 2006 for RCP 8.5 Scenario"
"geoId/72005","","Aguadilla Municipio","DifferenceRelativeToBaseDate2006_Max_Temperature_RCP85","2055-05","NASA_NEXGDDP_Subnational_AggrDiffStats","https://www.nccs.nasa.gov/services/data-collections/land-based-products/nex-gddp","","Celsius","C",2.311767,"Difference in Maximum Temperature Relative to the Base Date 2006 for RCP 8.5 Scenario"
"geoId/72005","","Aguadilla Municipio","DifferenceRelativeToBaseDate2006_Max_Temperature_RCP85","2055-06","NASA_NEXGDDP_Subnational_AggrDiffStats","https://www.nccs.nasa.gov/services/data-collections/land-based-products/nex-gddp","","Celsius","C",3.026734,"Difference in Maximum Temperature Relative to the Base Date 2006 for RCP 8.5 Scenario"
"geoId/72005","","Aguadilla Municipio","DifferenceRelativeToBaseDate2006_Max_Temperature_RCP85","2055-07","NASA_NEXGDDP_Subnational_AggrDiffStats","https://www.nccs.nasa.gov/services/data-collections/land-based-products/nex-gddp","","Celsius","C",1.438965,"Difference in Maximum Temperature Relative to the Base Date 2006 for RCP 8.5 Scenario"
"geoId/72005","","Aguadilla Municipio","DifferenceRelativeToBaseDate2006_Max_Temperature_RCP85","2055-08","NASA_NEXGDDP_Subnational_AggrDiffStats","https://www.nccs.nasa.gov/services/data-collections/land-based-products/nex-gddp","","Celsius","C",3.229736,"Difference in Maximum Temperature Relative to the Base Date 2006 for RCP 8.5 Scenario"
"geoId/72005","","Aguadilla Municipio","DifferenceRelativeToBaseDate2006_Max_Temperature_RCP85","2055-09","NASA_NEXGDDP_Subnational_AggrDiffStats","https://www.nccs.nasa.gov/services/data-collections/land-based-products/nex-gddp","","Celsius","C",2.709961,"Difference in Maximum Temperature Relative to the Base Date 2006 for RCP 8.5 Scenario"
"geoId/72005","","Aguadilla Municipio","DifferenceRelativeToBaseDate2006_Max_Temperature_RCP85","2055-10","NASA_NEXGDDP_Subnational_AggrDiffStats","https://www.nccs.nasa.gov/services/data-collections/land-based-products/nex-gddp","","Celsius","C",2.788147,"Difference in Maximum Temperature Relative to the Base Date 2006 for RCP 8.5 Scenario"
"geoId/72005","","Aguadilla Municipio","DifferenceRelativeToBaseDate2006_Max_Temperature_RCP85","2055-11","NASA_NEXGDDP_Subnational_AggrDiffStats","https://www.nccs.nasa.gov/services/data-collections/land-based-products/nex-gddp","","Celsius","C",3.983153,"Difference in Maximum Temperature Relative to the Base Date 2006 for RCP 8.5 Scenario"
"geoId/72005","","Aguadilla Municipio","DifferenceRelativeToBaseDate2006_Max_Temperature_RCP85","2055-12","NASA_NEXGDDP_Subnational_AggrDiffStats","https://www.nccs.nasa.gov/services/data-collections/land-based-products/nex-gddp","","Celsius","C",0.883725999999999,"Difference in Maximum Temperature Relative to the Base Date 2006 for RCP 8.5 Scenario"
"geoId/72005","","Aguadilla Municipio","DifferenceRelativeToBaseDate2006_Max_Temperature_RCP85","2056-01","NASA_NEXGDDP_Subnational_AggrDiffStats","https://www.nccs.nasa.gov/services/data-collections/land-based-products/nex-gddp","","Celsius","C",2.298643,"Difference in Maximum Temperature Relative to the Base Date 2006 for RCP 8.5 Scenario"
"geoId/72005","","Aguadilla Municipio","DifferenceRelativeToBaseDate2006_Max_Temperature_RCP85","2056-02","NASA_NEXGDDP_Subnational_AggrDiffStats","https://www.nccs.nasa.gov/services/data-collections/land-based-products/nex-gddp","","Celsius","C",1.725037,"Difference in Maximum Temperature Relative to the Base Date 2006 for RCP 8.5 Scenario"
"geoId/72005","","Aguadilla Municipio","DifferenceRelativeToBaseDate2006_Max_Temperature_RCP85","2056-03","NASA_NEXGDDP_Subnational_AggrDiffStats","https://www.nccs.nasa.gov/services/data-collections/land-based-products/nex-gddp","","Celsius","C",3.240781,"Difference in Maximum Temperature Relative to the Base Date 2006 for RCP 8.5 Scenario"
"geoId/72005","","Aguadilla Municipio","DifferenceRelativeToBaseDate2006_Max_Temperature_RCP85","2056-04","NASA_NEXGDDP_Subnational_AggrDiffStats","https://www.nccs.nasa.gov/services/data-collections/land-based-products/nex-gddp","","Celsius","C",3.710081,"Difference in Maximum Temperature Relative to the Base Date 2006 for RCP 8.5 Scenario"
"geoId/72005","","Aguadilla Municipio","DifferenceRelativeToBaseDate2006_Max_Temperature_RCP85","2056-05","NASA_NEXGDDP_Subnational_AggrDiffStats","https://www.nccs.nasa.gov/services/data-collections/land-based-products/nex-gddp","","Celsius","C",2.361694,"Difference in Maximum Temperature Relative to the Base Date 2006 for RCP 8.5 Scenario"
"geoId/72005","","Aguadilla Municipio","DifferenceRelativeToBaseDate2006_Max_Temperature_RCP85","2056-06","NASA_NEXGDDP_Subnational_AggrDiffStats","https://www.nccs.nasa.gov/services/data-collections/land-based-products/nex-gddp","","Celsius","C",1.349915,"Difference in Maximum Temperature Relative to the Base Date 2006 for RCP 8.5 Scenario"
"geoId/72005","","Aguadilla Municipio","DifferenceRelativeToBaseDate2006_Max_Temperature_RCP85","2056-07","NASA_NEXGDDP_Subnational_AggrDiffStats","https://www.nccs.nasa.gov/services/data-collections/land-based-products/nex-gddp","","Celsius","C",0.894623000000003,"Difference in Maximum Temperature Relative to the Base Date 2006 for RCP 8.5 Scenario"
"geoId/72005","","Aguadilla Municipio","DifferenceRelativeToBaseDate2006_Max_Temperature_RCP85","2056-08","NASA_NEXGDDP_Subnational_AggrDiffStats","https://www.nccs.nasa.gov/services/data-collections/land-based-products/nex-gddp","","Celsius","C",2.196136,"Difference in Maximum Temperature Relative to the Base Date 2006 for RCP 8.5 Scenario"
"geoId/72005","","Aguadilla Municipio","DifferenceRelativeToBaseDate2006_Max_Temperature_RCP85","2056-09","NASA_NEXGDDP_Subnational_AggrDiffStats","https://www.nccs.nasa.gov/services/data-collections/land-based-products/nex-gddp","","Celsius","C",2.462402,"Difference in Maximum Temperature Relative to the Base Date 2006 for RCP 8.5 Scenario"
"geoId/72005","","Aguadilla Municipio","DifferenceRelativeToBaseDate2006_Max_Temperature_RCP85","2056-10","NASA_NEXGDDP_Subnational_AggrDiffStats","https://www.nccs.nasa.gov/services/data-collections/land-based-products/nex-gddp","","Celsius","C",2.112823,"Difference in Maximum Temperature Relative to the Base Date 2006 for RCP 8.5 Scenario"
"geoId/72005","","Aguadilla Municipio","DifferenceRelativeToBaseDate2006_Max_Temperature_RCP85","2056-11","NASA_NEXGDDP_Subnational_AggrDiffStats","https://www.nccs.nasa.gov/services/data-collections/land-based-products/nex-gddp","","Celsius","C",2.746581,"Difference in Maximum Temperature Relative to the Base Date 2006 for RCP 8.5 Scenario"
"geoId/72005","","Aguadilla Municipio","DifferenceRelativeToBaseDate2006_Max_Temperature_RCP85","2056-12","NASA_NEXGDDP_Subnational_AggrDiffStats","https://www.nccs.nasa.gov/services/data-collections/land-based-products/nex-gddp","","Celsius","C",1.731535,"Difference in Maximum Temperature Relative to the Base Date 2006 for RCP 8.5 Scenario"
"geoId/72005","","Aguadilla Municipio","DifferenceRelativeToBaseDate2006_Max_Temperature_RCP85","2057-01","NASA_NEXGDDP_Subnational_AggrDiffStats","https://www.nccs.nasa.gov/services/data-collections/land-based-products/nex-gddp","","Celsius","C",7.575071,"Difference in Maximum Temperature Relative to the Base Date 2006 for RCP 8.5 Scenario"
"geoId/72005","","Aguadilla Municipio","DifferenceRelativeToBaseDate2006_Max_Temperature_RCP85","2057-02","NASA_NEXGDDP_Subnational_AggrDiffStats","https://www.nccs.nasa.gov/services/data-collections/land-based-products/nex-gddp","","Celsius","C",6.120329,"Difference in Maximum Temperature Relative to the Base Date 2006 for RCP 8.5 Scenario"
"geoId/72005","","Aguadilla Municipio","DifferenceRelativeToBaseDate2006_Max_Temperature_RCP85","2057-03","NASA_NEXGDDP_Subnational_AggrDiffStats","https://www.nccs.nasa.gov/services/data-collections/land-based-products/nex-gddp","","Celsius","C",5.869077,"Difference in Maximum Temperature Relative to the Base Date 2006 for RCP 8.5 Scenario"
"geoId/72005","","Aguadilla Municipio","DifferenceRelativeToBaseDate2006_Max_Temperature_RCP85","2057-04","NASA_NEXGDDP_Subnational_AggrDiffStats","https://www.nccs.nasa.gov/services/data-collections/land-based-products/nex-gddp","","Celsius","C",7.173613,"Difference in Maximum Temperature Relative to the Base Date 2006 for RCP 8.5 Scenario"
"geoId/72005","","Aguadilla Municipio","DifferenceRelativeToBaseDate2006_Max_Temperature_RCP85","2057-05","NASA_NEXGDDP_Subnational_AggrDiffStats","https://www.nccs.nasa.gov/services/data-collections/land-based-products/nex-gddp","","Celsius","C",3.948638,"Difference in Maximum Temperature Relative to the Base Date 2006 for RCP 8.5 Scenario"
"geoId/72005","","Aguadilla Municipio","DifferenceRelativeToBaseDate2006_Max_Temperature_RCP85","2057-06","NASA_NEXGDDP_Subnational_AggrDiffStats","https://www.nccs.nasa.gov/services/data-collections/land-based-products/nex-gddp","","Celsius","C",3.04119900000001,"Difference in Maximum Temperature Relative to the Base Date 2006 for RCP 8.5 Scenario"
"geoId/72005","","Aguadilla Municipio","DifferenceRelativeToBaseDate2006_Max_Temperature_RCP85","2057-07","NASA_NEXGDDP_Subnational_AggrDiffStats","https://www.nccs.nasa.gov/services/data-collections/land-based-products/nex-gddp","","Celsius","C",1.483674,"Difference in Maximum Temperature Relative to the Base Date 2006 for RCP 8.5 Scenario"
"geoId/72005","","Aguadilla Municipio","DifferenceRelativeToBaseDate2006_Max_Temperature_RCP85","2057-08","NASA_NEXGDDP_Subnational_AggrDiffStats","https://www.nccs.nasa.gov/services/data-collections/land-based-products/nex-gddp","","Celsius","C",4.028473,"Difference in Maximum Temperature Relative to the Base Date 2006 for RCP 8.5 Scenario"
"geoId/72005","","Aguadilla Municipio","DifferenceRelativeToBaseDate2006_Max_Temperature_RCP85","2057-09","NASA_NEXGDDP_Subnational_AggrDiffStats","https://www.nccs.nasa.gov/services/data-collections/land-based-products/nex-gddp","","Celsius","C",3.654236,"Difference in Maximum Temperature Relative to the Base Date 2006 for RCP 8.5 Scenario"
"geoId/72005","","Aguadilla Municipio","DifferenceRelativeToBaseDate2006_Max_Temperature_RCP85","2057-10","NASA_NEXGDDP_Subnational_AggrDiffStats","https://www.nccs.nasa.gov/services/data-collections/land-based-products/nex-gddp","","Celsius","C",2.502685,"Difference in Maximum Temperature Relative to the Base Date 2006 for RCP 8.5 Scenario"
"geoId/72005","","Aguadilla Municipio","DifferenceRelativeToBaseDate2006_Max_Temperature_RCP85","2057-11","NASA_NEXGDDP_Subnational_AggrDiffStats","https://www.nccs.nasa.gov/services/data-collections/land-based-products/nex-gddp","","Celsius","C",4.005797,"Difference in Maximum Temperature Relative to the Base Date 2006 for RCP 8.5 Scenario"
"geoId/72005","","Aguadilla Municipio","DifferenceRelativeToBaseDate2006_Max_Temperature_RCP85","2057-12","NASA_NEXGDDP_Subnational_AggrDiffStats","https://www.nccs.nasa.gov/services/data-collections/land-based-products/nex-gddp","","Celsius","C",1.597288,"Difference in Maximum Temperature Relative to the Base Date 2006 for RCP 8.5 Scenario"
"geoId/72005","","Aguadilla Municipio","DifferenceRelativeToBaseDate2006_Max_Temperature_RCP85","2058-01","NASA_NEXGDDP_Subnational_AggrDiffStats","https://www.nccs.nasa.gov/services/data-collections/land-based-products/nex-gddp","","Celsius","C",1.925873,"Difference in Maximum Temperature Relative to the Base Date 2006 for RCP 8.5 Scenario"
"geoId/72005","","Aguadilla Municipio","DifferenceRelativeToBaseDate2006_Max_Temperature_RCP85","2058-02","NASA_NEXGDDP_Subnational_AggrDiffStats","https://www.nccs.nasa.gov/services/data-collections/land-based-products/nex-gddp","","Celsius","C",2.042479,"Difference in Maximum Temperature Relative to the Base Date 2006 for RCP 8.5 Scenario"
"geoId/72005","","Aguadilla Municipio","DifferenceRelativeToBaseDate2006_Max_Temperature_RCP85","2058-03","NASA_NEXGDDP_Subnational_AggrDiffStats","https://www.nccs.nasa.gov/services/data-collections/land-based-products/nex-gddp","","Celsius","C",2.775999,"Difference in Maximum Temperature Relative to the Base Date 2006 for RCP 8.5 Scenario"
"geoId/72005","","Aguadilla Municipio","DifferenceRelativeToBaseDate2006_Max_Temperature_RCP85","2058-04","NASA_NEXGDDP_Subnational_AggrDiffStats","https://www.nccs.nasa.gov/services/data-collections/land-based-products/nex-gddp","","Celsius","C",3.144682,"Difference in Maximum Temperature Relative to the Base Date 2006 for RCP 8.5 Scenario"
"geoId/72005","","Aguadilla Municipio","DifferenceRelativeToBaseDate2006_Max_Temperature_RCP85","2058-05","NASA_NEXGDDP_Subnational_AggrDiffStats","https://www.nccs.nasa.gov/services/data-collections/land-based-products/nex-gddp","","Celsius","C",1.07788,"Difference in Maximum Temperature Relative to the Base Date 2006 for RCP 8.5 Scenario"
"geoId/72005","","Aguadilla Municipio","DifferenceRelativeToBaseDate2006_Max_Temperature_RCP85","2058-06","NASA_NEXGDDP_Subnational_AggrDiffStats","https://www.nccs.nasa.gov/services/data-collections/land-based-products/nex-gddp","","Celsius","C",2.17376700000001,"Difference in Maximum Temperature Relative to the Base Date 2006 for RCP 8.5 Scenario"
"geoId/72005","","Aguadilla Municipio","DifferenceRelativeToBaseDate2006_Max_Temperature_RCP85","2058-07","NASA_NEXGDDP_Subnational_AggrDiffStats","https://www.nccs.nasa.gov/services/data-collections/land-based-products/nex-gddp","","Celsius","C",2.609223,"Difference in Maximum Temperature Relative to the Base Date 2006 for RCP 8.5 Scenario"
"geoId/72005","","Aguadilla Municipio","DifferenceRelativeToBaseDate2006_Max_Temperature_RCP85","2058-08","NASA_NEXGDDP_Subnational_AggrDiffStats","https://www.nccs.nasa.gov/services/data-collections/land-based-products/nex-gddp","","Celsius","C",2.129913,"Difference in Maximum Temperature Relative to the Base Date 2006 for RCP 8.5 Scenario"
"geoId/72005","","Aguadilla Municipio","DifferenceRelativeToBaseDate2006_Max_Temperature_RCP85","2058-09","NASA_NEXGDDP_Subnational_AggrDiffStats","https://www.nccs.nasa.gov/services/data-collections/land-based-products/nex-gddp","","Celsius","C",2.817871,"Difference in Maximum Temperature Relative to the Base Date 2006 for RCP 8.5 Scenario"
"geoId/72005","","Aguadilla Municipio","DifferenceRelativeToBaseDate2006_Max_Temperature_RCP85","2058-10","NASA_NEXGDDP_Subnational_AggrDiffStats","https://www.nccs.nasa.gov/services/data-collections/land-based-products/nex-gddp","","Celsius","C",2.719635,"Difference in Maximum Temperature Relative to the Base Date 2006 for RCP 8.5 Scenario"
"geoId/72005","","Aguadilla Municipio","DifferenceRelativeToBaseDate2006_Max_Temperature_RCP85","2058-11","NASA_NEXGDDP_Subnational_AggrDiffStats","https://www.nccs.nasa.gov/services/data-collections/land-based-products/nex-gddp","","Celsius","C",3.882445,"Difference in Maximum Temperature Relative to the Base Date 2006 for RCP 8.5 Scenario"
"geoId/72005","","Aguadilla Municipio","DifferenceRelativeToBaseDate2006_Max_Temperature_RCP85","2058-12","NASA_NEXGDDP_Subnational_AggrDiffStats","https://www.nccs.nasa.gov/services/data-collections/land-based-products/nex-gddp","","Celsius","C",2.040342,"Difference in Maximum Temperature Relative to the Base Date 2006 for RCP 8.5 Scenario"
"geoId/72005","","Aguadilla Municipio","DifferenceRelativeToBaseDate2006_Max_Temperature_RCP85","2059-01","NASA_NEXGDDP_Subnational_AggrDiffStats","https://www.nccs.nasa.gov/services/data-collections/land-based-products/nex-gddp","","Celsius","C",3.973966,"Difference in Maximum Temperature Relative to the Base Date 2006 for RCP 8.5 Scenario"
"geoId/72005","","Aguadilla Municipio","DifferenceRelativeToBaseDate2006_Max_Temperature_RCP85","2059-02","NASA_NEXGDDP_Subnational_AggrDiffStats","https://www.nccs.nasa.gov/services/data-collections/land-based-products/nex-gddp","","Celsius","C",3.907499,"Difference in Maximum Temperature Relative to the Base Date 2006 for RCP 8.5 Scenario"
"geoId/72005","","Aguadilla Municipio","DifferenceRelativeToBaseDate2006_Max_Temperature_RCP85","2059-03","NASA_NEXGDDP_Subnational_AggrDiffStats","https://www.nccs.nasa.gov/services/data-collections/land-based-products/nex-gddp","","Celsius","C",2.651334,"Difference in Maximum Temperature Relative to the Base Date 2006 for RCP 8.5 Scenario"
"geoId/72005","","Aguadilla Municipio","DifferenceRelativeToBaseDate2006_Max_Temperature_RCP85","2059-04","NASA_NEXGDDP_Subnational_AggrDiffStats","https://www.nccs.nasa.gov/services/data-collections/land-based-products/nex-gddp","","Celsius","C",4.313017,"Difference in Maximum Temperature Relative to the Base Date 2006 for RCP 8.5 Scenario"
"geoId/72005","","Aguadilla Municipio","DifferenceRelativeToBaseDate2006_Max_Temperature_RCP85","2059-05","NASA_NEXGDDP_Subnational_AggrDiffStats","https://www.nccs.nasa.gov/services/data-collections/land-based-products/nex-gddp","","Celsius","C",2.478668,"Difference in Maximum Temperature Relative to the Base Date 2006 for RCP 8.5 Scenario"
"geoId/72005","","Aguadilla Municipio","DifferenceRelativeToBaseDate2006_Max_Temperature_RCP85","2059-06","NASA_NEXGDDP_Subnational_AggrDiffStats","https://www.nccs.nasa.gov/services/data-collections/land-based-products/nex-gddp","","Celsius","C",1.696961,"Difference in Maximum Temperature Relative to the Base Date 2006 for RCP 8.5 Scenario"
"geoId/72005","","Aguadilla Municipio","DifferenceRelativeToBaseDate2006_Max_Temperature_RCP85","2059-07","NASA_NEXGDDP_Subnational_AggrDiffStats","https://www.nccs.nasa.gov/services/data-collections/land-based-products/nex-gddp","","Celsius","C",1.520051,"Difference in Maximum Temperature Relative to the Base Date 2006 for RCP 8.5 Scenario"
"geoId/72005","","Aguadilla Municipio","DifferenceRelativeToBaseDate2006_Max_Temperature_RCP85","2059-08","NASA_NEXGDDP_Subnational_AggrDiffStats","https://www.nccs.nasa.gov/services/data-collections/land-based-products/nex-gddp","","Celsius","C",3.154694,"Difference in Maximum Temperature Relative to the Base Date 2006 for RCP 8.5 Scenario"
"geoId/72005","","Aguadilla Municipio","DifferenceRelativeToBaseDate2006_Max_Temperature_RCP85","2059-09","NASA_NEXGDDP_Subnational_AggrDiffStats","https://www.nccs.nasa.gov/services/data-collections/land-based-products/nex-gddp","","Celsius","C",2.611725,"Difference in Maximum Temperature Relative to the Base Date 2006 for RCP 8.5 Scenario"
"geoId/72005","","Aguadilla Municipio","DifferenceRelativeToBaseDate2006_Max_Temperature_RCP85","2059-10","NASA_NEXGDDP_Subnational_AggrDiffStats","https://www.nccs.nasa.gov/services/data-collections/land-based-products/nex-gddp","","Celsius","C",5.194091,"Difference in Maximum Temperature Relative to the Base Date 2006 for RCP 8.5 Scenario"
"geoId/72005","","Aguadilla Municipio","DifferenceRelativeToBaseDate2006_Max_Temperature_RCP85","2059-11","NASA_NEXGDDP_Subnational_AggrDiffStats","https://www.nccs.nasa.gov/services/data-collections/land-based-products/nex-gddp","","Celsius","C",2.110899,"Difference in Maximum Temperature Relative to the Base Date 2006 for RCP 8.5 Scenario"
"geoId/72005","","Aguadilla Municipio","DifferenceRelativeToBaseDate2006_Max_Temperature_RCP85","2059-12","NASA_NEXGDDP_Subnational_AggrDiffStats","https://www.nccs.nasa.gov/services/data-collections/land-based-products/nex-gddp","","Celsius","C",0.562498000000001,"Difference in Maximum Temperature Relative to the Base Date 2006 for RCP 8.5 Scenario"
"geoId/72005","","Aguadilla Municipio","DifferenceRelativeToBaseDate2006_Max_Temperature_RCP85","2060-01","NASA_NEXGDDP_Subnational_AggrDiffStats","https://www.nccs.nasa.gov/services/data-collections/land-based-products/nex-gddp","","Celsius","C",1.858703,"Difference in Maximum Temperature Relative to the Base Date 2006 for RCP 8.5 Scenario"
"geoId/72005","","Aguadilla Municipio","DifferenceRelativeToBaseDate2006_Max_Temperature_RCP85","2060-02","NASA_NEXGDDP_Subnational_AggrDiffStats","https://www.nccs.nasa.gov/services/data-collections/land-based-products/nex-gddp","","Celsius","C",6.212828,"Difference in Maximum Temperature Relative to the Base Date 2006 for RCP 8.5 Scenario"
"geoId/72005","","Aguadilla Municipio","DifferenceRelativeToBaseDate2006_Max_Temperature_RCP85","2060-03","NASA_NEXGDDP_Subnational_AggrDiffStats","https://www.nccs.nasa.gov/services/data-collections/land-based-products/nex-gddp","","Celsius","C",2.086881,"Difference in Maximum Temperature Relative to the Base Date 2006 for RCP 8.5 Scenario"
"geoId/72005","","Aguadilla Municipio","DifferenceRelativeToBaseDate2006_Max_Temperature_RCP85","2060-04","NASA_NEXGDDP_Subnational_AggrDiffStats","https://www.nccs.nasa.gov/services/data-collections/land-based-products/nex-gddp","","Celsius","C",2.570708,"Difference in Maximum Temperature Relative to the Base Date 2006 for RCP 8.5 Scenario"
"geoId/72005","","Aguadilla Municipio","DifferenceRelativeToBaseDate2006_Max_Temperature_RCP85","2060-05","NASA_NEXGDDP_Subnational_AggrDiffStats","https://www.nccs.nasa.gov/services/data-collections/land-based-products/nex-gddp","","Celsius","C",1.151947,"Difference in Maximum Temperature Relative to the Base Date 2006 for RCP 8.5 Scenario"
"geoId/72005","","Aguadilla Municipio","DifferenceRelativeToBaseDate2006_Max_Temperature_RCP85","2060-06","NASA_NEXGDDP_Subnational_AggrDiffStats","https://www.nccs.nasa.gov/services/data-collections/land-based-products/nex-gddp","","Celsius","C",1.39444,"Difference in Maximum Temperature Relative to the Base Date 2006 for RCP 8.5 Scenario"
"geoId/72005","","Aguadilla Municipio","DifferenceRelativeToBaseDate2006_Max_Temperature_RCP85","2060-07","NASA_NEXGDDP_Subnational_AggrDiffStats","https://www.nccs.nasa.gov/services/data-collections/land-based-products/nex-gddp","","Celsius","C",1.493989,"Difference in Maximum Temperature Relative to the Base Date 2006 for RCP 8.5 Scenario"
"geoId/72005","","Aguadilla Municipio","DifferenceRelativeToBaseDate2006_Max_Temperature_RCP85","2060-08","NASA_NEXGDDP_Subnational_AggrDiffStats","https://www.nccs.nasa.gov/services/data-collections/land-based-products/nex-gddp","","Celsius","C",2.083374,"Difference in Maximum Temperature Relative to the Base Date 2006 for RCP 8.5 Scenario"
"geoId/72005","","Aguadilla Municipio","DifferenceRelativeToBaseDate2006_Max_Temperature_RCP85","2060-09","NASA_NEXGDDP_Subnational_AggrDiffStats","https://www.nccs.nasa.gov/services/data-collections/land-based-products/nex-gddp","","Celsius","C",2.069519,"Difference in Maximum Temperature Relative to the Base Date 2006 for RCP 8.5 Scenario"
"geoId/72005","","Aguadilla Municipio","DifferenceRelativeToBaseDate2006_Max_Temperature_RCP85","2060-10","NASA_NEXGDDP_Subnational_AggrDiffStats","https://www.nccs.nasa.gov/services/data-collections/land-based-products/nex-gddp","","Celsius","C",2.200927,"Difference in Maximum Temperature Relative to the Base Date 2006 for RCP 8.5 Scenario"
"geoId/72005","","Aguadilla Municipio","DifferenceRelativeToBaseDate2006_Max_Temperature_RCP85","2060-11","NASA_NEXGDDP_Subnational_AggrDiffStats","https://www.nccs.nasa.gov/services/data-collections/land-based-products/nex-gddp","","Celsius","C",3.124083,"Difference in Maximum Temperature Relative to the Base Date 2006 for RCP 8.5 Scenario"
"geoId/72005","","Aguadilla Municipio","DifferenceRelativeToBaseDate2006_Max_Temperature_RCP85","2060-12","NASA_NEXGDDP_Subnational_AggrDiffStats","https://www.nccs.nasa.gov/services/data-collections/land-based-products/nex-gddp","","Celsius","C",2.257932,"Difference in Maximum Temperature Relative to the Base Date 2006 for RCP 8.5 Scenario"
"geoId/72005","","Aguadilla Municipio","DifferenceRelativeToBaseDate2006_Max_Temperature_RCP85","2061-01","NASA_NEXGDDP_Subnational_AggrDiffStats","https://www.nccs.nasa.gov/services/data-collections/land-based-products/nex-gddp","","Celsius","C",2.634092,"Difference in Maximum Temperature Relative to the Base Date 2006 for RCP 8.5 Scenario"
"geoId/72005","","Aguadilla Municipio","DifferenceRelativeToBaseDate2006_Max_Temperature_RCP85","2061-02","NASA_NEXGDDP_Subnational_AggrDiffStats","https://www.nccs.nasa.gov/services/data-collections/land-based-products/nex-gddp","","Celsius","C",2.637846,"Difference in Maximum Temperature Relative to the Base Date 2006 for RCP 8.5 Scenario"
"geoId/72005","","Aguadilla Municipio","DifferenceRelativeToBaseDate2006_Max_Temperature_RCP85","2061-03","NASA_NEXGDDP_Subnational_AggrDiffStats","https://www.nccs.nasa.gov/services/data-collections/land-based-products/nex-gddp","","Celsius","C",4.288633,"Difference in Maximum Temperature Relative to the Base Date 2006 for RCP 8.5 Scenario"
"geoId/72005","","Aguadilla Municipio","DifferenceRelativeToBaseDate2006_Max_Temperature_RCP85","2061-04","NASA_NEXGDDP_Subnational_AggrDiffStats","https://www.nccs.nasa.gov/services/data-collections/land-based-products/nex-gddp","","Celsius","C",4.029601,"Difference in Maximum Temperature Relative to the Base Date 2006 for RCP 8.5 Scenario"
"geoId/72005","","Aguadilla Municipio","DifferenceRelativeToBaseDate2006_Max_Temperature_RCP85","2061-05","NASA_NEXGDDP_Subnational_AggrDiffStats","https://www.nccs.nasa.gov/services/data-collections/land-based-products/nex-gddp","","Celsius","C",2.551696,"Difference in Maximum Temperature Relative to the Base Date 2006 for RCP 8.5 Scenario"
"geoId/72005","","Aguadilla Municipio","DifferenceRelativeToBaseDate2006_Max_Temperature_RCP85","2061-06","NASA_NEXGDDP_Subnational_AggrDiffStats","https://www.nccs.nasa.gov/services/data-collections/land-based-products/nex-gddp","","Celsius","C",2.169495,"Difference in Maximum Temperature Relative to the Base Date 2006 for RCP 8.5 Scenario"
"geoId/72005","","Aguadilla Municipio","DifferenceRelativeToBaseDate2006_Max_Temperature_RCP85","2061-07","NASA_NEXGDDP_Subnational_AggrDiffStats","https://www.nccs.nasa.gov/services/data-collections/land-based-products/nex-gddp","","Celsius","C",0.938141000000002,"Difference in Maximum Temperature Relative to the Base Date 2006 for RCP 8.5 Scenario"
"geoId/72005","","Aguadilla Municipio","DifferenceRelativeToBaseDate2006_Max_Temperature_RCP85","2061-08","NASA_NEXGDDP_Subnational_AggrDiffStats","https://www.nccs.nasa.gov/services/data-collections/land-based-products/nex-gddp","","Celsius","C",2.879089,"Difference in Maximum Temperature Relative to the Base Date 2006 for RCP 8.5 Scenario"
"geoId/72005","","Aguadilla Municipio","DifferenceRelativeToBaseDate2006_Max_Temperature_RCP85","2061-09","NASA_NEXGDDP_Subnational_AggrDiffStats","https://www.nccs.nasa.gov/services/data-collections/land-based-products/nex-gddp","","Celsius","C",3.085479,"Difference in Maximum Temperature Relative to the Base Date 2006 for RCP 8.5 Scenario"
"geoId/72005","","Aguadilla Municipio","DifferenceRelativeToBaseDate2006_Max_Temperature_RCP85","2061-10","NASA_NEXGDDP_Subnational_AggrDiffStats","https://www.nccs.nasa.gov/services/data-collections/land-based-products/nex-gddp","","Celsius","C",3.88681,"Difference in Maximum Temperature Relative to the Base Date 2006 for RCP 8.5 Scenario"
"geoId/72005","","Aguadilla Municipio","DifferenceRelativeToBaseDate2006_Max_Temperature_RCP85","2061-11","NASA_NEXGDDP_Subnational_AggrDiffStats","https://www.nccs.nasa.gov/services/data-collections/land-based-products/nex-gddp","","Celsius","C",2.909819,"Difference in Maximum Temperature Relative to the Base Date 2006 for RCP 8.5 Scenario"
"geoId/72005","","Aguadilla Municipio","DifferenceRelativeToBaseDate2006_Max_Temperature_RCP85","2061-12","NASA_NEXGDDP_Subnational_AggrDiffStats","https://www.nccs.nasa.gov/services/data-collections/land-based-products/nex-gddp","","Celsius","C",1.994627,"Difference in Maximum Temperature Relative to the Base Date 2006 for RCP 8.5 Scenario"
"geoId/72005","","Aguadilla Municipio","DifferenceRelativeToBaseDate2006_Max_Temperature_RCP85","2062-01","NASA_NEXGDDP_Subnational_AggrDiffStats","https://www.nccs.nasa.gov/services/data-collections/land-based-products/nex-gddp","","Celsius","C",6.429502,"Difference in Maximum Temperature Relative to the Base Date 2006 for RCP 8.5 Scenario"
"geoId/72005","","Aguadilla Municipio","DifferenceRelativeToBaseDate2006_Max_Temperature_RCP85","2062-02","NASA_NEXGDDP_Subnational_AggrDiffStats","https://www.nccs.nasa.gov/services/data-collections/land-based-products/nex-gddp","","Celsius","C",5.385405,"Difference in Maximum Temperature Relative to the Base Date 2006 for RCP 8.5 Scenario"
"geoId/72005","","Aguadilla Municipio","DifferenceRelativeToBaseDate2006_Max_Temperature_RCP85","2062-03","NASA_NEXGDDP_Subnational_AggrDiffStats","https://www.nccs.nasa.gov/services/data-collections/land-based-products/nex-gddp","","Celsius","C",3.670927,"Difference in Maximum Temperature Relative to the Base Date 2006 for RCP 8.5 Scenario"
"geoId/72005","","Aguadilla Municipio","DifferenceRelativeToBaseDate2006_Max_Temperature_RCP85","2062-04","NASA_NEXGDDP_Subnational_AggrDiffStats","https://www.nccs.nasa.gov/services/data-collections/land-based-products/nex-gddp","","Celsius","C",2.952757,"Difference in Maximum Temperature Relative to the Base Date 2006 for RCP 8.5 Scenario"
"geoId/72005","","Aguadilla Municipio","DifferenceRelativeToBaseDate2006_Max_Temperature_RCP85","2062-05","NASA_NEXGDDP_Subnational_AggrDiffStats","https://www.nccs.nasa.gov/services/data-collections/land-based-products/nex-gddp","","Celsius","C",1.585327,"Difference in Maximum Temperature Relative to the Base Date 2006 for RCP 8.5 Scenario"
"geoId/72005","","Aguadilla Municipio","DifferenceRelativeToBaseDate2006_Max_Temperature_RCP85","2062-06","NASA_NEXGDDP_Subnational_AggrDiffStats","https://www.nccs.nasa.gov/services/data-collections/land-based-products/nex-gddp","","Celsius","C",1.158753,"Difference in Maximum Temperature Relative to the Base Date 2006 for RCP 8.5 Scenario"
"geoId/72005","","Aguadilla Municipio","DifferenceRelativeToBaseDate2006_Max_Temperature_RCP85","2062-07","NASA_NEXGDDP_Subnational_AggrDiffStats","https://www.nccs.nasa.gov/services/data-collections/land-based-products/nex-gddp","","Celsius","C",0.964570000000002,"Difference in Maximum Temperature Relative to the Base Date 2006 for RCP 8.5 Scenario"
"geoId/72005","","Aguadilla Municipio","DifferenceRelativeToBaseDate2006_Max_Temperature_RCP85","2062-08","NASA_NEXGDDP_Subnational_AggrDiffStats","https://www.nccs.nasa.gov/services/data-collections/land-based-products/nex-gddp","","Celsius","C",1.647858,"Difference in Maximum Temperature Relative to the Base Date 2006 for RCP 8.5 Scenario"
"geoId/72005","","Aguadilla Municipio","DifferenceRelativeToBaseDate2006_Max_Temperature_RCP85","2062-09","NASA_NEXGDDP_Subnational_AggrDiffStats","https://www.nccs.nasa.gov/services/data-collections/land-based-products/nex-gddp","","Celsius","C",1.758789,"Difference in Maximum Temperature Relative to the Base Date 2006 for RCP 8.5 Scenario"
"geoId/72005","","Aguadilla Municipio","DifferenceRelativeToBaseDate2006_Max_Temperature_RCP85","2062-10","NASA_NEXGDDP_Subnational_AggrDiffStats","https://www.nccs.nasa.gov/services/data-collections/land-based-products/nex-gddp","","Celsius","C",2.794616,"Difference in Maximum Temperature Relative to the Base Date 2006 for RCP 8.5 Scenario"
"geoId/72005","","Aguadilla Municipio","DifferenceRelativeToBaseDate2006_Max_Temperature_RCP85","2062-11","NASA_NEXGDDP_Subnational_AggrDiffStats","https://www.nccs.nasa.gov/services/data-collections/land-based-products/nex-gddp","","Celsius","C",4.86563,"Difference in Maximum Temperature Relative to the Base Date 2006 for RCP 8.5 Scenario"
"geoId/72005","","Aguadilla Municipio","DifferenceRelativeToBaseDate2006_Max_Temperature_RCP85","2062-12","NASA_NEXGDDP_Subnational_AggrDiffStats","https://www.nccs.nasa.gov/services/data-collections/land-based-products/nex-gddp","","Celsius","C",3.441038,"Difference in Maximum Temperature Relative to the Base Date 2006 for RCP 8.5 Scenario"
"geoId/72005","","Aguadilla Municipio","DifferenceRelativeToBaseDate2006_Max_Temperature_RCP85","2063-01","NASA_NEXGDDP_Subnational_AggrDiffStats","https://www.nccs.nasa.gov/services/data-collections/land-based-products/nex-gddp","","Celsius","C",2.431242,"Difference in Maximum Temperature Relative to the Base Date 2006 for RCP 8.5 Scenario"
"geoId/72005","","Aguadilla Municipio","DifferenceRelativeToBaseDate2006_Max_Temperature_RCP85","2063-02","NASA_NEXGDDP_Subnational_AggrDiffStats","https://www.nccs.nasa.gov/services/data-collections/land-based-products/nex-gddp","","Celsius","C",3.072538,"Difference in Maximum Temperature Relative to the Base Date 2006 for RCP 8.5 Scenario"
"geoId/72005","","Aguadilla Municipio","DifferenceRelativeToBaseDate2006_Max_Temperature_RCP85","2063-03","NASA_NEXGDDP_Subnational_AggrDiffStats","https://www.nccs.nasa.gov/services/data-collections/land-based-products/nex-gddp","","Celsius","C",2.321592,"Difference in Maximum Temperature Relative to the Base Date 2006 for RCP 8.5 Scenario"
"geoId/72005","","Aguadilla Municipio","DifferenceRelativeToBaseDate2006_Max_Temperature_RCP85","2063-04","NASA_NEXGDDP_Subnational_AggrDiffStats","https://www.nccs.nasa.gov/services/data-collections/land-based-products/nex-gddp","","Celsius","C",4.813536,"Difference in Maximum Temperature Relative to the Base Date 2006 for RCP 8.5 Scenario"
"geoId/72005","","Aguadilla Municipio","DifferenceRelativeToBaseDate2006_Max_Temperature_RCP85","2063-05","NASA_NEXGDDP_Subnational_AggrDiffStats","https://www.nccs.nasa.gov/services/data-collections/land-based-products/nex-gddp","","Celsius","C",2.153228,"Difference in Maximum Temperature Relative to the Base Date 2006 for RCP 8.5 Scenario"
"geoId/72005","","Aguadilla Municipio","DifferenceRelativeToBaseDate2006_Max_Temperature_RCP85","2063-06","NASA_NEXGDDP_Subnational_AggrDiffStats","https://www.nccs.nasa.gov/services/data-collections/land-based-products/nex-gddp","","Celsius","C",2.203064,"Difference in Maximum Temperature Relative to the Base Date 2006 for RCP 8.5 Scenario"
"geoId/72005","","Aguadilla Municipio","DifferenceRelativeToBaseDate2006_Max_Temperature_RCP85","2063-07","NASA_NEXGDDP_Subnational_AggrDiffStats","https://www.nccs.nasa.gov/services/data-collections/land-based-products/nex-gddp","","Celsius","C",1.254975,"Difference in Maximum Temperature Relative to the Base Date 2006 for RCP 8.5 Scenario"
"geoId/72005","","Aguadilla Municipio","DifferenceRelativeToBaseDate2006_Max_Temperature_RCP85","2063-08","NASA_NEXGDDP_Subnational_AggrDiffStats","https://www.nccs.nasa.gov/services/data-collections/land-based-products/nex-gddp","","Celsius","C",2.516937,"Difference in Maximum Temperature Relative to the Base Date 2006 for RCP 8.5 Scenario"
"geoId/72005","","Aguadilla Municipio","DifferenceRelativeToBaseDate2006_Max_Temperature_RCP85","2063-09","NASA_NEXGDDP_Subnational_AggrDiffStats","https://www.nccs.nasa.gov/services/data-collections/land-based-products/nex-gddp","","Celsius","C",2.06454400000001,"Difference in Maximum Temperature Relative to the Base Date 2006 for RCP 8.5 Scenario"
"geoId/72005","","Aguadilla Municipio","DifferenceRelativeToBaseDate2006_Max_Temperature_RCP85","2063-10","NASA_NEXGDDP_Subnational_AggrDiffStats","https://www.nccs.nasa.gov/services/data-collections/land-based-products/nex-gddp","","Celsius","C",2.440551,"Difference in Maximum Temperature Relative to the Base Date 2006 for RCP 8.5 Scenario"
"geoId/72005","","Aguadilla Municipio","DifferenceRelativeToBaseDate2006_Max_Temperature_RCP85","2063-11","NASA_NEXGDDP_Subnational_AggrDiffStats","https://www.nccs.nasa.gov/services/data-collections/land-based-products/nex-gddp","","Celsius","C",3.283476,"Difference in Maximum Temperature Relative to the Base Date 2006 for RCP 8.5 Scenario"
"geoId/72005","","Aguadilla Municipio","DifferenceRelativeToBaseDate2006_Max_Temperature_RCP85","2063-12","NASA_NEXGDDP_Subnational_AggrDiffStats","https://www.nccs.nasa.gov/services/data-collections/land-based-products/nex-gddp","","Celsius","C",1.340635,"Difference in Maximum Temperature Relative to the Base Date 2006 for RCP 8.5 Scenario"
"geoId/72005","","Aguadilla Municipio","DifferenceRelativeToBaseDate2006_Max_Temperature_RCP85","2064-01","NASA_NEXGDDP_Subnational_AggrDiffStats","https://www.nccs.nasa.gov/services/data-collections/land-based-products/nex-gddp","","Celsius","C",3.884397,"Difference in Maximum Temperature Relative to the Base Date 2006 for RCP 8.5 Scenario"
"geoId/72005","","Aguadilla Municipio","DifferenceRelativeToBaseDate2006_Max_Temperature_RCP85","2064-02","NASA_NEXGDDP_Subnational_AggrDiffStats","https://www.nccs.nasa.gov/services/data-collections/land-based-products/nex-gddp","","Celsius","C",3.124327,"Difference in Maximum Temperature Relative to the Base Date 2006 for RCP 8.5 Scenario"
"geoId/72005","","Aguadilla Municipio","DifferenceRelativeToBaseDate2006_Max_Temperature_RCP85","2064-03","NASA_NEXGDDP_Subnational_AggrDiffStats","https://www.nccs.nasa.gov/services/data-collections/land-based-products/nex-gddp","","Celsius","C",4.425901,"Difference in Maximum Temperature Relative to the Base Date 2006 for RCP 8.5 Scenario"
"geoId/72005","","Aguadilla Municipio","DifferenceRelativeToBaseDate2006_Max_Temperature_RCP85","2064-04","NASA_NEXGDDP_Subnational_AggrDiffStats","https://www.nccs.nasa.gov/services/data-collections/land-based-products/nex-gddp","","Celsius","C",3.199217,"Difference in Maximum Temperature Relative to the Base Date 2006 for RCP 8.5 Scenario"
"geoId/72005","","Aguadilla Municipio","DifferenceRelativeToBaseDate2006_Max_Temperature_RCP85","2064-05","NASA_NEXGDDP_Subnational_AggrDiffStats","https://www.nccs.nasa.gov/services/data-collections/land-based-products/nex-gddp","","Celsius","C",4.72525,"Difference in Maximum Temperature Relative to the Base Date 2006 for RCP 8.5 Scenario"
"geoId/72005","","Aguadilla Municipio","DifferenceRelativeToBaseDate2006_Max_Temperature_RCP85","2064-06","NASA_NEXGDDP_Subnational_AggrDiffStats","https://www.nccs.nasa.gov/services/data-collections/land-based-products/nex-gddp","","Celsius","C",2.103974,"Difference in Maximum Temperature Relative to the Base Date 2006 for RCP 8.5 Scenario"
"geoId/72005","","Aguadilla Municipio","DifferenceRelativeToBaseDate2006_Max_Temperature_RCP85","2064-07","NASA_NEXGDDP_Subnational_AggrDiffStats","https://www.nccs.nasa.gov/services/data-collections/land-based-products/nex-gddp","","Celsius","C",2.07983400000001,"Difference in Maximum Temperature Relative to the Base Date 2006 for RCP 8.5 Scenario"
"geoId/72005","","Aguadilla Municipio","DifferenceRelativeToBaseDate2006_Max_Temperature_RCP85","2064-08","NASA_NEXGDDP_Subnational_AggrDiffStats","https://www.nccs.nasa.gov/services/data-collections/land-based-products/nex-gddp","","Celsius","C",2.415527,"Difference in Maximum Temperature Relative to the Base Date 2006 for RCP 8.5 Scenario"
"geoId/72005","","Aguadilla Municipio","DifferenceRelativeToBaseDate2006_Max_Temperature_RCP85","2064-09","NASA_NEXGDDP_Subnational_AggrDiffStats","https://www.nccs.nasa.gov/services/data-collections/land-based-products/nex-gddp","","Celsius","C",2.572082,"Difference in Maximum Temperature Relative to the Base Date 2006 for RCP 8.5 Scenario"
"geoId/72005","","Aguadilla Municipio","DifferenceRelativeToBaseDate2006_Max_Temperature_RCP85","2064-10","NASA_NEXGDDP_Subnational_AggrDiffStats","https://www.nccs.nasa.gov/services/data-collections/land-based-products/nex-gddp","","Celsius","C",2.487121,"Difference in Maximum Temperature Relative to the Base Date 2006 for RCP 8.5 Scenario"
"geoId/72005","","Aguadilla Municipio","DifferenceRelativeToBaseDate2006_Max_Temperature_RCP85","2064-11","NASA_NEXGDDP_Subnational_AggrDiffStats","https://www.nccs.nasa.gov/services/data-collections/land-based-products/nex-gddp","","Celsius","C",3.691161,"Difference in Maximum Temperature Relative to the Base Date 2006 for RCP 8.5 Scenario"
"geoId/72005","","Aguadilla Municipio","DifferenceRelativeToBaseDate2006_Max_Temperature_RCP85","2064-12","NASA_NEXGDDP_Subnational_AggrDiffStats","https://www.nccs.nasa.gov/services/data-collections/land-based-products/nex-gddp","","Celsius","C",1.330625,"Difference in Maximum Temperature Relative to the Base Date 2006 for RCP 8.5 Scenario"
"geoId/72005","","Aguadilla Municipio","DifferenceRelativeToBaseDate2006_Max_Temperature_RCP85","2065-01","NASA_NEXGDDP_Subnational_AggrDiffStats","https://www.nccs.nasa.gov/services/data-collections/land-based-products/nex-gddp","","Celsius","C",2.727049,"Difference in Maximum Temperature Relative to the Base Date 2006 for RCP 8.5 Scenario"
"geoId/72005","","Aguadilla Municipio","DifferenceRelativeToBaseDate2006_Max_Temperature_RCP85","2065-02","NASA_NEXGDDP_Subnational_AggrDiffStats","https://www.nccs.nasa.gov/services/data-collections/land-based-products/nex-gddp","","Celsius","C",3.763426,"Difference in Maximum Temperature Relative to the Base Date 2006 for RCP 8.5 Scenario"
"geoId/72005","","Aguadilla Municipio","DifferenceRelativeToBaseDate2006_Max_Temperature_RCP85","2065-03","NASA_NEXGDDP_Subnational_AggrDiffStats","https://www.nccs.nasa.gov/services/data-collections/land-based-products/nex-gddp","","Celsius","C",3.382749,"Difference in Maximum Temperature Relative to the Base Date 2006 for RCP 8.5 Scenario"
"geoId/72005","","Aguadilla Municipio","DifferenceRelativeToBaseDate2006_Max_Temperature_RCP85","2065-04","NASA_NEXGDDP_Subnational_AggrDiffStats","https://www.nccs.nasa.gov/services/data-collections/land-based-products/nex-gddp","","Celsius","C",3.49127,"Difference in Maximum Temperature Relative to the Base Date 2006 for RCP 8.5 Scenario"
"geoId/72005","","Aguadilla Municipio","DifferenceRelativeToBaseDate2006_Max_Temperature_RCP85","2065-05","NASA_NEXGDDP_Subnational_AggrDiffStats","https://www.nccs.nasa.gov/services/data-collections/land-based-products/nex-gddp","","Celsius","C",3.431823,"Difference in Maximum Temperature Relative to the Base Date 2006 for RCP 8.5 Scenario"
"geoId/72005","","Aguadilla Municipio","DifferenceRelativeToBaseDate2006_Max_Temperature_RCP85","2065-06","NASA_NEXGDDP_Subnational_AggrDiffStats","https://www.nccs.nasa.gov/services/data-collections/land-based-products/nex-gddp","","Celsius","C",1.351288,"Difference in Maximum Temperature Relative to the Base Date 2006 for RCP 8.5 Scenario"
"geoId/72005","","Aguadilla Municipio","DifferenceRelativeToBaseDate2006_Max_Temperature_RCP85","2065-07","NASA_NEXGDDP_Subnational_AggrDiffStats","https://www.nccs.nasa.gov/services/data-collections/land-based-products/nex-gddp","","Celsius","C",1.441681,"Difference in Maximum Temperature Relative to the Base Date 2006 for RCP 8.5 Scenario"
"geoId/72005","","Aguadilla Municipio","DifferenceRelativeToBaseDate2006_Max_Temperature_RCP85","2065-08","NASA_NEXGDDP_Subnational_AggrDiffStats","https://www.nccs.nasa.gov/services/data-collections/land-based-products/nex-gddp","","Celsius","C",2.237671,"Difference in Maximum Temperature Relative to the Base Date 2006 for RCP 8.5 Scenario"
"geoId/72005","","Aguadilla Municipio","DifferenceRelativeToBaseDate2006_Max_Temperature_RCP85","2065-09","NASA_NEXGDDP_Subnational_AggrDiffStats","https://www.nccs.nasa.gov/services/data-collections/land-based-products/nex-gddp","","Celsius","C",2.318359,"Difference in Maximum Temperature Relative to the Base Date 2006 for RCP 8.5 Scenario"
"geoId/72005","","Aguadilla Municipio","DifferenceRelativeToBaseDate2006_Max_Temperature_RCP85","2065-10","NASA_NEXGDDP_Subnational_AggrDiffStats","https://www.nccs.nasa.gov/services/data-collections/land-based-products/nex-gddp","","Celsius","C",3.287689,"Difference in Maximum Temperature Relative to the Base Date 2006 for RCP 8.5 Scenario"
"geoId/72005","","Aguadilla Municipio","DifferenceRelativeToBaseDate2006_Max_Temperature_RCP85","2065-11","NASA_NEXGDDP_Subnational_AggrDiffStats","https://www.nccs.nasa.gov/services/data-collections/land-based-products/nex-gddp","","Celsius","C",1.97357,"Difference in Maximum Temperature Relative to the Base Date 2006 for RCP 8.5 Scenario"
"geoId/72005","","Aguadilla Municipio","DifferenceRelativeToBaseDate2006_Max_Temperature_RCP85","2065-12","NASA_NEXGDDP_Subnational_AggrDiffStats","https://www.nccs.nasa.gov/services/data-collections/land-based-products/nex-gddp","","Celsius","C",1.946745,"Difference in Maximum Temperature Relative to the Base Date 2006 for RCP 8.5 Scenario"
"geoId/72005","","Aguadilla Municipio","DifferenceRelativeToBaseDate2006_Max_Temperature_RCP85","2066-01","NASA_NEXGDDP_Subnational_AggrDiffStats","https://www.nccs.nasa.gov/services/data-collections/land-based-products/nex-gddp","","Celsius","C",2.491148,"Difference in Maximum Temperature Relative to the Base Date 2006 for RCP 8.5 Scenario"
"geoId/72005","","Aguadilla Municipio","DifferenceRelativeToBaseDate2006_Max_Temperature_RCP85","2066-02","NASA_NEXGDDP_Subnational_AggrDiffStats","https://www.nccs.nasa.gov/services/data-collections/land-based-products/nex-gddp","","Celsius","C",2.191832,"Difference in Maximum Temperature Relative to the Base Date 2006 for RCP 8.5 Scenario"
"geoId/72005","","Aguadilla Municipio","DifferenceRelativeToBaseDate2006_Max_Temperature_RCP85","2066-03","NASA_NEXGDDP_Subnational_AggrDiffStats","https://www.nccs.nasa.gov/services/data-collections/land-based-products/nex-gddp","","Celsius","C",2.515806,"Difference in Maximum Temperature Relative to the Base Date 2006 for RCP 8.5 Scenario"
"geoId/72005","","Aguadilla Municipio","DifferenceRelativeToBaseDate2006_Max_Temperature_RCP85","2066-04","NASA_NEXGDDP_Subnational_AggrDiffStats","https://www.nccs.nasa.gov/services/data-collections/land-based-products/nex-gddp","","Celsius","C",2.762968,"Difference in Maximum Temperature Relative to the Base Date 2006 for RCP 8.5 Scenario"
"geoId/72005","","Aguadilla Municipio","DifferenceRelativeToBaseDate2006_Max_Temperature_RCP85","2066-05","NASA_NEXGDDP_Subnational_AggrDiffStats","https://www.nccs.nasa.gov/services/data-collections/land-based-products/nex-gddp","","Celsius","C",3.983123,"Difference in Maximum Temperature Relative to the Base Date 2006 for RCP 8.5 Scenario"
"geoId/72005","","Aguadilla Municipio","DifferenceRelativeToBaseDate2006_Max_Temperature_RCP85","2066-06","NASA_NEXGDDP_Subnational_AggrDiffStats","https://www.nccs.nasa.gov/services/data-collections/land-based-products/nex-gddp","","Celsius","C",2.898011,"Difference in Maximum Temperature Relative to the Base Date 2006 for RCP 8.5 Scenario"
"geoId/72005","","Aguadilla Municipio","DifferenceRelativeToBaseDate2006_Max_Temperature_RCP85","2066-07","NASA_NEXGDDP_Subnational_AggrDiffStats","https://www.nccs.nasa.gov/services/data-collections/land-based-products/nex-gddp","","Celsius","C",3.669037,"Difference in Maximum Temperature Relative to the Base Date 2006 for RCP 8.5 Scenario"
"geoId/72005","","Aguadilla Municipio","DifferenceRelativeToBaseDate2006_Max_Temperature_RCP85","2066-08","NASA_NEXGDDP_Subnational_AggrDiffStats","https://www.nccs.nasa.gov/services/data-collections/land-based-products/nex-gddp","","Celsius","C",3.610199,"Difference in Maximum Temperature Relative to the Base Date 2006 for RCP 8.5 Scenario"
"geoId/72005","","Aguadilla Municipio","DifferenceRelativeToBaseDate2006_Max_Temperature_RCP85","2066-09","NASA_NEXGDDP_Subnational_AggrDiffStats","https://www.nccs.nasa.gov/services/data-collections/land-based-products/nex-gddp","","Celsius","C",3.770446,"Difference in Maximum Temperature Relative to the Base Date 2006 for RCP 8.5 Scenario"
"geoId/72005","","Aguadilla Municipio","DifferenceRelativeToBaseDate2006_Max_Temperature_RCP85","2066-10","NASA_NEXGDDP_Subnational_AggrDiffStats","https://www.nccs.nasa.gov/services/data-collections/land-based-products/nex-gddp","","Celsius","C",3.185241,"Difference in Maximum Temperature Relative to the Base Date 2006 for RCP 8.5 Scenario"
"geoId/72005","","Aguadilla Municipio","DifferenceRelativeToBaseDate2006_Max_Temperature_RCP85","2066-11","NASA_NEXGDDP_Subnational_AggrDiffStats","https://www.nccs.nasa.gov/services/data-collections/land-based-products/nex-gddp","","Celsius","C",2.552245,"Difference in Maximum Temperature Relative to the Base Date 2006 for RCP 8.5 Scenario"
"geoId/72005","","Aguadilla Municipio","DifferenceRelativeToBaseDate2006_Max_Temperature_RCP85","2066-12","NASA_NEXGDDP_Subnational_AggrDiffStats","https://www.nccs.nasa.gov/services/data-collections/land-based-products/nex-gddp","","Celsius","C",2.126402,"Difference in Maximum Temperature Relative to the Base Date 2006 for RCP 8.5 Scenario"
"geoId/72005","","Aguadilla Municipio","DifferenceRelativeToBaseDate2006_Max_Temperature_RCP85","2067-01","NASA_NEXGDDP_Subnational_AggrDiffStats","https://www.nccs.nasa.gov/services/data-collections/land-based-products/nex-gddp","","Celsius","C",1.39093,"Difference in Maximum Temperature Relative to the Base Date 2006 for RCP 8.5 Scenario"
"geoId/72005","","Aguadilla Municipio","DifferenceRelativeToBaseDate2006_Max_Temperature_RCP85","2067-02","NASA_NEXGDDP_Subnational_AggrDiffStats","https://www.nccs.nasa.gov/services/data-collections/land-based-products/nex-gddp","","Celsius","C",1.861481,"Difference in Maximum Temperature Relative to the Base Date 2006 for RCP 8.5 Scenario"
"geoId/72005","","Aguadilla Municipio","DifferenceRelativeToBaseDate2006_Max_Temperature_RCP85","2067-03","NASA_NEXGDDP_Subnational_AggrDiffStats","https://www.nccs.nasa.gov/services/data-collections/land-based-products/nex-gddp","","Celsius","C",3.174406,"Difference in Maximum Temperature Relative to the Base Date 2006 for RCP 8.5 Scenario"
"geoId/72005","","Aguadilla Municipio","DifferenceRelativeToBaseDate2006_Max_Temperature_RCP85","2067-04","NASA_NEXGDDP_Subnational_AggrDiffStats","https://www.nccs.nasa.gov/services/data-collections/land-based-products/nex-gddp","","Celsius","C",3.196379,"Difference in Maximum Temperature Relative to the Base Date 2006 for RCP 8.5 Scenario"
"geoId/72005","","Aguadilla Municipio","DifferenceRelativeToBaseDate2006_Max_Temperature_RCP85","2067-05","NASA_NEXGDDP_Subnational_AggrDiffStats","https://www.nccs.nasa.gov/services/data-collections/land-based-products/nex-gddp","","Celsius","C",2.270813,"Difference in Maximum Temperature Relative to the Base Date 2006 for RCP 8.5 Scenario"
"geoId/72005","","Aguadilla Municipio","DifferenceRelativeToBaseDate2006_Max_Temperature_RCP85","2067-06","NASA_NEXGDDP_Subnational_AggrDiffStats","https://www.nccs.nasa.gov/services/data-collections/land-based-products/nex-gddp","","Celsius","C",1.561402,"Difference in Maximum Temperature Relative to the Base Date 2006 for RCP 8.5 Scenario"
"geoId/72005","","Aguadilla Municipio","DifferenceRelativeToBaseDate2006_Max_Temperature_RCP85","2067-07","NASA_NEXGDDP_Subnational_AggrDiffStats","https://www.nccs.nasa.gov/services/data-collections/land-based-products/nex-gddp","","Celsius","C",1.733521,"Difference in Maximum Temperature Relative to the Base Date 2006 for RCP 8.5 Scenario"
"geoId/72005","","Aguadilla Municipio","DifferenceRelativeToBaseDate2006_Max_Temperature_RCP85","2067-08","NASA_NEXGDDP_Subnational_AggrDiffStats","https://www.nccs.nasa.gov/services/data-collections/land-based-products/nex-gddp","","Celsius","C",2.124817,"Difference in Maximum Temperature Relative to the Base Date 2006 for RCP 8.5 Scenario"
"geoId/72005","","Aguadilla Municipio","DifferenceRelativeToBaseDate2006_Max_Temperature_RCP85","2067-09","NASA_NEXGDDP_Subnational_AggrDiffStats","https://www.nccs.nasa.gov/services/data-collections/land-based-products/nex-gddp","","Celsius","C",2.278717,"Difference in Maximum Temperature Relative to the Base Date 2006 for RCP 8.5 Scenario"
"geoId/72005","","Aguadilla Municipio","DifferenceRelativeToBaseDate2006_Max_Temperature_RCP85","2067-10","NASA_NEXGDDP_Subnational_AggrDiffStats","https://www.nccs.nasa.gov/services/data-collections/land-based-products/nex-gddp","","Celsius","C",2.719787,"Difference in Maximum Temperature Relative to the Base Date 2006 for RCP 8.5 Scenario"
"geoId/72005","","Aguadilla Municipio","DifferenceRelativeToBaseDate2006_Max_Temperature_RCP85","2067-11","NASA_NEXGDDP_Subnational_AggrDiffStats","https://www.nccs.nasa.gov/services/data-collections/land-based-products/nex-gddp","","Celsius","C",2.658049,"Difference in Maximum Temperature Relative to the Base Date 2006 for RCP 8.5 Scenario"
"geoId/72005","","Aguadilla Municipio","DifferenceRelativeToBaseDate2006_Max_Temperature_RCP85","2067-12","NASA_NEXGDDP_Subnational_AggrDiffStats","https://www.nccs.nasa.gov/services/data-collections/land-based-products/nex-gddp","","Celsius","C",2.281461,"Difference in Maximum Temperature Relative to the Base Date 2006 for RCP 8.5 Scenario"
"geoId/72005","","Aguadilla Municipio","DifferenceRelativeToBaseDate2006_Max_Temperature_RCP85","2068-01","NASA_NEXGDDP_Subnational_AggrDiffStats","https://www.nccs.nasa.gov/services/data-collections/land-based-products/nex-gddp","","Celsius","C",2.704099,"Difference in Maximum Temperature Relative to the Base Date 2006 for RCP 8.5 Scenario"
"geoId/72005","","Aguadilla Municipio","DifferenceRelativeToBaseDate2006_Max_Temperature_RCP85","2068-02","NASA_NEXGDDP_Subnational_AggrDiffStats","https://www.nccs.nasa.gov/services/data-collections/land-based-products/nex-gddp","","Celsius","C",7.031065,"Difference in Maximum Temperature Relative to the Base Date 2006 for RCP 8.5 Scenario"
"geoId/72005","","Aguadilla Municipio","DifferenceRelativeToBaseDate2006_Max_Temperature_RCP85","2068-03","NASA_NEXGDDP_Subnational_AggrDiffStats","https://www.nccs.nasa.gov/services/data-collections/land-based-products/nex-gddp","","Celsius","C",2.592649,"Difference in Maximum Temperature Relative to the Base Date 2006 for RCP 8.5 Scenario"
"geoId/72005","","Aguadilla Municipio","DifferenceRelativeToBaseDate2006_Max_Temperature_RCP85","2068-04","NASA_NEXGDDP_Subnational_AggrDiffStats","https://www.nccs.nasa.gov/services/data-collections/land-based-products/nex-gddp","","Celsius","C",2.670683,"Difference in Maximum Temperature Relative to the Base Date 2006 for RCP 8.5 Scenario"
"geoId/72005","","Aguadilla Municipio","DifferenceRelativeToBaseDate2006_Max_Temperature_RCP85","2068-05","NASA_NEXGDDP_Subnational_AggrDiffStats","https://www.nccs.nasa.gov/services/data-collections/land-based-products/nex-gddp","","Celsius","C",1.267578,"Difference in Maximum Temperature Relative to the Base Date 2006 for RCP 8.5 Scenario"
"geoId/72005","","Aguadilla Municipio","DifferenceRelativeToBaseDate2006_Max_Temperature_RCP85","2068-06","NASA_NEXGDDP_Subnational_AggrDiffStats","https://www.nccs.nasa.gov/services/data-collections/land-based-products/nex-gddp","","Celsius","C",1.147156,"Difference in Maximum Temperature Relative to the Base Date 2006 for RCP 8.5 Scenario"
"geoId/72005","","Aguadilla Municipio","DifferenceRelativeToBaseDate2006_Max_Temperature_RCP85","2068-07","NASA_NEXGDDP_Subnational_AggrDiffStats","https://www.nccs.nasa.gov/services/data-collections/land-based-products/nex-gddp","","Celsius","C",0.950562000000005,"Difference in Maximum Temperature Relative to the Base Date 2006 for RCP 8.5 Scenario"
"geoId/72005","","Aguadilla Municipio","DifferenceRelativeToBaseDate2006_Max_Temperature_RCP85","2068-08","NASA_NEXGDDP_Subnational_AggrDiffStats","https://www.nccs.nasa.gov/services/data-collections/land-based-products/nex-gddp","","Celsius","C",1.934784,"Difference in Maximum Temperature Relative to the Base Date 2006 for RCP 8.5 Scenario"
"geoId/72005","","Aguadilla Municipio","DifferenceRelativeToBaseDate2006_Max_Temperature_RCP85","2068-09","NASA_NEXGDDP_Subnational_AggrDiffStats","https://www.nccs.nasa.gov/services/data-collections/land-based-products/nex-gddp","","Celsius","C",1.499847,"Difference in Maximum Temperature Relative to the Base Date 2006 for RCP 8.5 Scenario"
"geoId/72005","","Aguadilla Municipio","DifferenceRelativeToBaseDate2006_Max_Temperature_RCP85","2068-10","NASA_NEXGDDP_Subnational_AggrDiffStats","https://www.nccs.nasa.gov/services/data-collections/land-based-products/nex-gddp","","Celsius","C",2.111908,"Difference in Maximum Temperature Relative to the Base Date 2006 for RCP 8.5 Scenario"
"geoId/72005","","Aguadilla Municipio","DifferenceRelativeToBaseDate2006_Max_Temperature_RCP85","2068-11","NASA_NEXGDDP_Subnational_AggrDiffStats","https://www.nccs.nasa.gov/services/data-collections/land-based-products/nex-gddp","","Celsius","C",3.218474,"Difference in Maximum Temperature Relative to the Base Date 2006 for RCP 8.5 Scenario"
"geoId/72005","","Aguadilla Municipio","DifferenceRelativeToBaseDate2006_Max_Temperature_RCP85","2068-12","NASA_NEXGDDP_Subnational_AggrDiffStats","https://www.nccs.nasa.gov/services/data-collections/land-based-products/nex-gddp","","Celsius","C",2.519865,"Difference in Maximum Temperature Relative to the Base Date 2006 for RCP 8.5 Scenario"
"geoId/72005","","Aguadilla Municipio","DifferenceRelativeToBaseDate2006_Max_Temperature_RCP85","2069-01","NASA_NEXGDDP_Subnational_AggrDiffStats","https://www.nccs.nasa.gov/services/data-collections/land-based-products/nex-gddp","","Celsius","C",3.661527,"Difference in Maximum Temperature Relative to the Base Date 2006 for RCP 8.5 Scenario"
"geoId/72005","","Aguadilla Municipio","DifferenceRelativeToBaseDate2006_Max_Temperature_RCP85","2069-02","NASA_NEXGDDP_Subnational_AggrDiffStats","https://www.nccs.nasa.gov/services/data-collections/land-based-products/nex-gddp","","Celsius","C",4.449827,"Difference in Maximum Temperature Relative to the Base Date 2006 for RCP 8.5 Scenario"
"geoId/72005","","Aguadilla Municipio","DifferenceRelativeToBaseDate2006_Max_Temperature_RCP85","2069-03","NASA_NEXGDDP_Subnational_AggrDiffStats","https://www.nccs.nasa.gov/services/data-collections/land-based-products/nex-gddp","","Celsius","C",7.895872,"Difference in Maximum Temperature Relative to the Base Date 2006 for RCP 8.5 Scenario"
"geoId/72005","","Aguadilla Municipio","DifferenceRelativeToBaseDate2006_Max_Temperature_RCP85","2069-04","NASA_NEXGDDP_Subnational_AggrDiffStats","https://www.nccs.nasa.gov/services/data-collections/land-based-products/nex-gddp","","Celsius","C",3.256621,"Difference in Maximum Temperature Relative to the Base Date 2006 for RCP 8.5 Scenario"
"geoId/72005","","Aguadilla Municipio","DifferenceRelativeToBaseDate2006_Max_Temperature_RCP85","2069-05","NASA_NEXGDDP_Subnational_AggrDiffStats","https://www.nccs.nasa.gov/services/data-collections/land-based-products/nex-gddp","","Celsius","C",2.293884,"Difference in Maximum Temperature Relative to the Base Date 2006 for RCP 8.5 Scenario"
"geoId/72005","","Aguadilla Municipio","DifferenceRelativeToBaseDate2006_Max_Temperature_RCP85","2069-06","NASA_NEXGDDP_Subnational_AggrDiffStats","https://www.nccs.nasa.gov/services/data-collections/land-based-products/nex-gddp","","Celsius","C",2.748017,"Difference in Maximum Temperature Relative to the Base Date 2006 for RCP 8.5 Scenario"
"geoId/72005","","Aguadilla Municipio","DifferenceRelativeToBaseDate2006_Max_Temperature_RCP85","2069-07","NASA_NEXGDDP_Subnational_AggrDiffStats","https://www.nccs.nasa.gov/services/data-collections/land-based-products/nex-gddp","","Celsius","C",1.790894,"Difference in Maximum Temperature Relative to the Base Date 2006 for RCP 8.5 Scenario"
"geoId/72005","","Aguadilla Municipio","DifferenceRelativeToBaseDate2006_Max_Temperature_RCP85","2069-08","NASA_NEXGDDP_Subnational_AggrDiffStats","https://www.nccs.nasa.gov/services/data-collections/land-based-products/nex-gddp","","Celsius","C",4.246399,"Difference in Maximum Temperature Relative to the Base Date 2006 for RCP 8.5 Scenario"
"geoId/72005","","Aguadilla Municipio","DifferenceRelativeToBaseDate2006_Max_Temperature_RCP85","2069-09","NASA_NEXGDDP_Subnational_AggrDiffStats","https://www.nccs.nasa.gov/services/data-collections/land-based-products/nex-gddp","","Celsius","C",4.127716,"Difference in Maximum Temperature Relative to the Base Date 2006 for RCP 8.5 Scenario"
"geoId/72005","","Aguadilla Municipio","DifferenceRelativeToBaseDate2006_Max_Temperature_RCP85","2069-10","NASA_NEXGDDP_Subnational_AggrDiffStats","https://www.nccs.nasa.gov/services/data-collections/land-based-products/nex-gddp","","Celsius","C",3.655548,"Difference in Maximum Temperature Relative to the Base Date 2006 for RCP 8.5 Scenario"
"geoId/72005","","Aguadilla Municipio","DifferenceRelativeToBaseDate2006_Max_Temperature_RCP85","2069-11","NASA_NEXGDDP_Subnational_AggrDiffStats","https://www.nccs.nasa.gov/services/data-collections/land-based-products/nex-gddp","","Celsius","C",3.546843,"Difference in Maximum Temperature Relative to the Base Date 2006 for RCP 8.5 Scenario"
"geoId/72005","","Aguadilla Municipio","DifferenceRelativeToBaseDate2006_Max_Temperature_RCP85","2069-12","NASA_NEXGDDP_Subnational_AggrDiffStats","https://www.nccs.nasa.gov/services/data-collections/land-based-products/nex-gddp","","Celsius","C",1.799162,"Difference in Maximum Temperature Relative to the Base Date 2006 for RCP 8.5 Scenario"
"geoId/72005","","Aguadilla Municipio","DifferenceRelativeToBaseDate2006_Max_Temperature_RCP85","2070-01","NASA_NEXGDDP_Subnational_AggrDiffStats","https://www.nccs.nasa.gov/services/data-collections/land-based-products/nex-gddp","","Celsius","C",3.301542,"Difference in Maximum Temperature Relative to the Base Date 2006 for RCP 8.5 Scenario"
"geoId/72005","","Aguadilla Municipio","DifferenceRelativeToBaseDate2006_Max_Temperature_RCP85","2070-02","NASA_NEXGDDP_Subnational_AggrDiffStats","https://www.nccs.nasa.gov/services/data-collections/land-based-products/nex-gddp","","Celsius","C",2.900816,"Difference in Maximum Temperature Relative to the Base Date 2006 for RCP 8.5 Scenario"
"geoId/72005","","Aguadilla Municipio","DifferenceRelativeToBaseDate2006_Max_Temperature_RCP85","2070-03","NASA_NEXGDDP_Subnational_AggrDiffStats","https://www.nccs.nasa.gov/services/data-collections/land-based-products/nex-gddp","","Celsius","C",2.11276,"Difference in Maximum Temperature Relative to the Base Date 2006 for RCP 8.5 Scenario"
"geoId/72005","","Aguadilla Municipio","DifferenceRelativeToBaseDate2006_Max_Temperature_RCP85","2070-04","NASA_NEXGDDP_Subnational_AggrDiffStats","https://www.nccs.nasa.gov/services/data-collections/land-based-products/nex-gddp","","Celsius","C",3.089568,"Difference in Maximum Temperature Relative to the Base Date 2006 for RCP 8.5 Scenario"
"geoId/72005","","Aguadilla Municipio","DifferenceRelativeToBaseDate2006_Max_Temperature_RCP85","2070-05","NASA_NEXGDDP_Subnational_AggrDiffStats","https://www.nccs.nasa.gov/services/data-collections/land-based-products/nex-gddp","","Celsius","C",1.953521,"Difference in Maximum Temperature Relative to the Base Date 2006 for RCP 8.5 Scenario"
"geoId/72005","","Aguadilla Municipio","DifferenceRelativeToBaseDate2006_Max_Temperature_RCP85","2070-06","NASA_NEXGDDP_Subnational_AggrDiffStats","https://www.nccs.nasa.gov/services/data-collections/land-based-products/nex-gddp","","Celsius","C",1.715943,"Difference in Maximum Temperature Relative to the Base Date 2006 for RCP 8.5 Scenario"
"geoId/72005","","Aguadilla Municipio","DifferenceRelativeToBaseDate2006_Max_Temperature_RCP85","2070-07","NASA_NEXGDDP_Subnational_AggrDiffStats","https://www.nccs.nasa.gov/services/data-collections/land-based-products/nex-gddp","","Celsius","C",1.82837,"Difference in Maximum Temperature Relative to the Base Date 2006 for RCP 8.5 Scenario"
"geoId/72005","","Aguadilla Municipio","DifferenceRelativeToBaseDate2006_Max_Temperature_RCP85","2070-08","NASA_NEXGDDP_Subnational_AggrDiffStats","https://www.nccs.nasa.gov/services/data-collections/land-based-products/nex-gddp","","Celsius","C",3.077972,"Difference in Maximum Temperature Relative to the Base Date 2006 for RCP 8.5 Scenario"
"geoId/72005","","Aguadilla Municipio","DifferenceRelativeToBaseDate2006_Max_Temperature_RCP85","2070-09","NASA_NEXGDDP_Subnational_AggrDiffStats","https://www.nccs.nasa.gov/services/data-collections/land-based-products/nex-gddp","","Celsius","C",3.865051,"Difference in Maximum Temperature Relative to the Base Date 2006 for RCP 8.5 Scenario"
"geoId/72005","","Aguadilla Municipio","DifferenceRelativeToBaseDate2006_Max_Temperature_RCP85","2070-10","NASA_NEXGDDP_Subnational_AggrDiffStats","https://www.nccs.nasa.gov/services/data-collections/land-based-products/nex-gddp","","Celsius","C",3.693115,"Difference in Maximum Temperature Relative to the Base Date 2006 for RCP 8.5 Scenario"
"geoId/72005","","Aguadilla Municipio","DifferenceRelativeToBaseDate2006_Max_Temperature_RCP85","2070-11","NASA_NEXGDDP_Subnational_AggrDiffStats","https://www.nccs.nasa.gov/services/data-collections/land-based-products/nex-gddp","","Celsius","C",3.269682,"Difference in Maximum Temperature Relative to the Base Date 2006 for RCP 8.5 Scenario"
"geoId/72005","","Aguadilla Municipio","DifferenceRelativeToBaseDate2006_Max_Temperature_RCP85","2070-12","NASA_NEXGDDP_Subnational_AggrDiffStats","https://www.nccs.nasa.gov/services/data-collections/land-based-products/nex-gddp","","Celsius","C",2.373747,"Difference in Maximum Temperature Relative to the Base Date 2006 for RCP 8.5 Scenario"
"geoId/72005","","Aguadilla Municipio","DifferenceRelativeToBaseDate2006_Max_Temperature_RCP85","2071-01","NASA_NEXGDDP_Subnational_AggrDiffStats","https://www.nccs.nasa.gov/services/data-collections/land-based-products/nex-gddp","","Celsius","C",4.383116,"Difference in Maximum Temperature Relative to the Base Date 2006 for RCP 8.5 Scenario"
"geoId/72005","","Aguadilla Municipio","DifferenceRelativeToBaseDate2006_Max_Temperature_RCP85","2071-02","NASA_NEXGDDP_Subnational_AggrDiffStats","https://www.nccs.nasa.gov/services/data-collections/land-based-products/nex-gddp","","Celsius","C",7.653471,"Difference in Maximum Temperature Relative to the Base Date 2006 for RCP 8.5 Scenario"
"geoId/72005","","Aguadilla Municipio","DifferenceRelativeToBaseDate2006_Max_Temperature_RCP85","2071-03","NASA_NEXGDDP_Subnational_AggrDiffStats","https://www.nccs.nasa.gov/services/data-collections/land-based-products/nex-gddp","","Celsius","C",4.007597,"Difference in Maximum Temperature Relative to the Base Date 2006 for RCP 8.5 Scenario"
"geoId/72005","","Aguadilla Municipio","DifferenceRelativeToBaseDate2006_Max_Temperature_RCP85","2071-04","NASA_NEXGDDP_Subnational_AggrDiffStats","https://www.nccs.nasa.gov/services/data-collections/land-based-products/nex-gddp","","Celsius","C",5.992308,"Difference in Maximum Temperature Relative to the Base Date 2006 for RCP 8.5 Scenario"
"geoId/72005","","Aguadilla Municipio","DifferenceRelativeToBaseDate2006_Max_Temperature_RCP85","2071-05","NASA_NEXGDDP_Subnational_AggrDiffStats","https://www.nccs.nasa.gov/services/data-collections/land-based-products/nex-gddp","","Celsius","C",5.319244,"Difference in Maximum Temperature Relative to the Base Date 2006 for RCP 8.5 Scenario"
"geoId/72005","","Aguadilla Municipio","DifferenceRelativeToBaseDate2006_Max_Temperature_RCP85","2071-06","NASA_NEXGDDP_Subnational_AggrDiffStats","https://www.nccs.nasa.gov/services/data-collections/land-based-products/nex-gddp","","Celsius","C",3.431092,"Difference in Maximum Temperature Relative to the Base Date 2006 for RCP 8.5 Scenario"
"geoId/72005","","Aguadilla Municipio","DifferenceRelativeToBaseDate2006_Max_Temperature_RCP85","2071-07","NASA_NEXGDDP_Subnational_AggrDiffStats","https://www.nccs.nasa.gov/services/data-collections/land-based-products/nex-gddp","","Celsius","C",3.900879,"Difference in Maximum Temperature Relative to the Base Date 2006 for RCP 8.5 Scenario"
"geoId/72005","","Aguadilla Municipio","DifferenceRelativeToBaseDate2006_Max_Temperature_RCP85","2071-08","NASA_NEXGDDP_Subnational_AggrDiffStats","https://www.nccs.nasa.gov/services/data-collections/land-based-products/nex-gddp","","Celsius","C",2.740875,"Difference in Maximum Temperature Relative to the Base Date 2006 for RCP 8.5 Scenario"
"geoId/72005","","Aguadilla Municipio","DifferenceRelativeToBaseDate2006_Max_Temperature_RCP85","2071-09","NASA_NEXGDDP_Subnational_AggrDiffStats","https://www.nccs.nasa.gov/services/data-collections/land-based-products/nex-gddp","","Celsius","C",2.490204,"Difference in Maximum Temperature Relative to the Base Date 2006 for RCP 8.5 Scenario"
"geoId/72005","","Aguadilla Municipio","DifferenceRelativeToBaseDate2006_Max_Temperature_RCP85","2071-10","NASA_NEXGDDP_Subnational_AggrDiffStats","https://www.nccs.nasa.gov/services/data-collections/land-based-products/nex-gddp","","Celsius","C",2.959716,"Difference in Maximum Temperature Relative to the Base Date 2006 for RCP 8.5 Scenario"
"geoId/72005","","Aguadilla Municipio","DifferenceRelativeToBaseDate2006_Max_Temperature_RCP85","2071-11","NASA_NEXGDDP_Subnational_AggrDiffStats","https://www.nccs.nasa.gov/services/data-collections/land-based-products/nex-gddp","","Celsius","C",2.139372,"Difference in Maximum Temperature Relative to the Base Date 2006 for RCP 8.5 Scenario"
"geoId/72005","","Aguadilla Municipio","DifferenceRelativeToBaseDate2006_Max_Temperature_RCP85","2071-12","NASA_NEXGDDP_Subnational_AggrDiffStats","https://www.nccs.nasa.gov/services/data-collections/land-based-products/nex-gddp","","Celsius","C",0.553068,"Difference in Maximum Temperature Relative to the Base Date 2006 for RCP 8.5 Scenario"
"geoId/72005","","Aguadilla Municipio","DifferenceRelativeToBaseDate2006_Max_Temperature_RCP85","2072-01","NASA_NEXGDDP_Subnational_AggrDiffStats","https://www.nccs.nasa.gov/services/data-collections/land-based-products/nex-gddp","","Celsius","C",3.08151,"Difference in Maximum Temperature Relative to the Base Date 2006 for RCP 8.5 Scenario"
"geoId/72005","","Aguadilla Municipio","DifferenceRelativeToBaseDate2006_Max_Temperature_RCP85","2072-02","NASA_NEXGDDP_Subnational_AggrDiffStats","https://www.nccs.nasa.gov/services/data-collections/land-based-products/nex-gddp","","Celsius","C",4.011534,"Difference in Maximum Temperature Relative to the Base Date 2006 for RCP 8.5 Scenario"
"geoId/72005","","Aguadilla Municipio","DifferenceRelativeToBaseDate2006_Max_Temperature_RCP85","2072-03","NASA_NEXGDDP_Subnational_AggrDiffStats","https://www.nccs.nasa.gov/services/data-collections/land-based-products/nex-gddp","","Celsius","C",3.389616,"Difference in Maximum Temperature Relative to the Base Date 2006 for RCP 8.5 Scenario"
"geoId/72005","","Aguadilla Municipio","DifferenceRelativeToBaseDate2006_Max_Temperature_RCP85","2072-04","NASA_NEXGDDP_Subnational_AggrDiffStats","https://www.nccs.nasa.gov/services/data-collections/land-based-products/nex-gddp","","Celsius","C",3.296477,"Difference in Maximum Temperature Relative to the Base Date 2006 for RCP 8.5 Scenario"
"geoId/72005","","Aguadilla Municipio","DifferenceRelativeToBaseDate2006_Max_Temperature_RCP85","2072-05","NASA_NEXGDDP_Subnational_AggrDiffStats","https://www.nccs.nasa.gov/services/data-collections/land-based-products/nex-gddp","","Celsius","C",3.148742,"Difference in Maximum Temperature Relative to the Base Date 2006 for RCP 8.5 Scenario"
"geoId/72005","","Aguadilla Municipio","DifferenceRelativeToBaseDate2006_Max_Temperature_RCP85","2072-06","NASA_NEXGDDP_Subnational_AggrDiffStats","https://www.nccs.nasa.gov/services/data-collections/land-based-products/nex-gddp","","Celsius","C",3.23938,"Difference in Maximum Temperature Relative to the Base Date 2006 for RCP 8.5 Scenario"
"geoId/72005","","Aguadilla Municipio","DifferenceRelativeToBaseDate2006_Max_Temperature_RCP85","2072-07","NASA_NEXGDDP_Subnational_AggrDiffStats","https://www.nccs.nasa.gov/services/data-collections/land-based-products/nex-gddp","","Celsius","C",2.433869,"Difference in Maximum Temperature Relative to the Base Date 2006 for RCP 8.5 Scenario"
"geoId/72005","","Aguadilla Municipio","DifferenceRelativeToBaseDate2006_Max_Temperature_RCP85","2072-08","NASA_NEXGDDP_Subnational_AggrDiffStats","https://www.nccs.nasa.gov/services/data-collections/land-based-products/nex-gddp","","Celsius","C",4.084656,"Difference in Maximum Temperature Relative to the Base Date 2006 for RCP 8.5 Scenario"
"geoId/72005","","Aguadilla Municipio","DifferenceRelativeToBaseDate2006_Max_Temperature_RCP85","2072-09","NASA_NEXGDDP_Subnational_AggrDiffStats","https://www.nccs.nasa.gov/services/data-collections/land-based-products/nex-gddp","","Celsius","C",3.253692,"Difference in Maximum Temperature Relative to the Base Date 2006 for RCP 8.5 Scenario"
"geoId/72005","","Aguadilla Municipio","DifferenceRelativeToBaseDate2006_Max_Temperature_RCP85","2072-10","NASA_NEXGDDP_Subnational_AggrDiffStats","https://www.nccs.nasa.gov/services/data-collections/land-based-products/nex-gddp","","Celsius","C",2.960449,"Difference in Maximum Temperature Relative to the Base Date 2006 for RCP 8.5 Scenario"
"geoId/72005","","Aguadilla Municipio","DifferenceRelativeToBaseDate2006_Max_Temperature_RCP85","2072-11","NASA_NEXGDDP_Subnational_AggrDiffStats","https://www.nccs.nasa.gov/services/data-collections/land-based-products/nex-gddp","","Celsius","C",2.998869,"Difference in Maximum Temperature Relative to the Base Date 2006 for RCP 8.5 Scenario"
"geoId/72005","","Aguadilla Municipio","DifferenceRelativeToBaseDate2006_Max_Temperature_RCP85","2072-12","NASA_NEXGDDP_Subnational_AggrDiffStats","https://www.nccs.nasa.gov/services/data-collections/land-based-products/nex-gddp","","Celsius","C",1.601957,"Difference in Maximum Temperature Relative to the Base Date 2006 for RCP 8.5 Scenario"
"geoId/72005","","Aguadilla Municipio","DifferenceRelativeToBaseDate2006_Max_Temperature_RCP85","2073-01","NASA_NEXGDDP_Subnational_AggrDiffStats","https://www.nccs.nasa.gov/services/data-collections/land-based-products/nex-gddp","","Celsius","C",5.111356,"Difference in Maximum Temperature Relative to the Base Date 2006 for RCP 8.5 Scenario"
"geoId/72005","","Aguadilla Municipio","DifferenceRelativeToBaseDate2006_Max_Temperature_RCP85","2073-02","NASA_NEXGDDP_Subnational_AggrDiffStats","https://www.nccs.nasa.gov/services/data-collections/land-based-products/nex-gddp","","Celsius","C",3.632292,"Difference in Maximum Temperature Relative to the Base Date 2006 for RCP 8.5 Scenario"
"geoId/72005","","Aguadilla Municipio","DifferenceRelativeToBaseDate2006_Max_Temperature_RCP85","2073-03","NASA_NEXGDDP_Subnational_AggrDiffStats","https://www.nccs.nasa.gov/services/data-collections/land-based-products/nex-gddp","","Celsius","C",2.944089,"Difference in Maximum Temperature Relative to the Base Date 2006 for RCP 8.5 Scenario"
"geoId/72005","","Aguadilla Municipio","DifferenceRelativeToBaseDate2006_Max_Temperature_RCP85","2073-04","NASA_NEXGDDP_Subnational_AggrDiffStats","https://www.nccs.nasa.gov/services/data-collections/land-based-products/nex-gddp","","Celsius","C",5.035155,"Difference in Maximum Temperature Relative to the Base Date 2006 for RCP 8.5 Scenario"
"geoId/72005","","Aguadilla Municipio","DifferenceRelativeToBaseDate2006_Max_Temperature_RCP85","2073-05","NASA_NEXGDDP_Subnational_AggrDiffStats","https://www.nccs.nasa.gov/services/data-collections/land-based-products/nex-gddp","","Celsius","C",3.636596,"Difference in Maximum Temperature Relative to the Base Date 2006 for RCP 8.5 Scenario"
"geoId/72005","","Aguadilla Municipio","DifferenceRelativeToBaseDate2006_Max_Temperature_RCP85","2073-06","NASA_NEXGDDP_Subnational_AggrDiffStats","https://www.nccs.nasa.gov/services/data-collections/land-based-products/nex-gddp","","Celsius","C",3.406464,"Difference in Maximum Temperature Relative to the Base Date 2006 for RCP 8.5 Scenario"
"geoId/72005","","Aguadilla Municipio","DifferenceRelativeToBaseDate2006_Max_Temperature_RCP85","2073-07","NASA_NEXGDDP_Subnational_AggrDiffStats","https://www.nccs.nasa.gov/services/data-collections/land-based-products/nex-gddp","","Celsius","C",2.121216,"Difference in Maximum Temperature Relative to the Base Date 2006 for RCP 8.5 Scenario"
"geoId/72005","","Aguadilla Municipio","DifferenceRelativeToBaseDate2006_Max_Temperature_RCP85","2073-08","NASA_NEXGDDP_Subnational_AggrDiffStats","https://www.nccs.nasa.gov/services/data-collections/land-based-products/nex-gddp","","Celsius","C",3.643768,"Difference in Maximum Temperature Relative to the Base Date 2006 for RCP 8.5 Scenario"
"geoId/72005","","Aguadilla Municipio","DifferenceRelativeToBaseDate2006_Max_Temperature_RCP85","2073-09","NASA_NEXGDDP_Subnational_AggrDiffStats","https://www.nccs.nasa.gov/services/data-collections/land-based-products/nex-gddp","","Celsius","C",4.810516,"Difference in Maximum Temperature Relative to the Base Date 2006 for RCP 8.5 Scenario"
"geoId/72005","","Aguadilla Municipio","DifferenceRelativeToBaseDate2006_Max_Temperature_RCP85","2073-10","NASA_NEXGDDP_Subnational_AggrDiffStats","https://www.nccs.nasa.gov/services/data-collections/land-based-products/nex-gddp","","Celsius","C",4.471405,"Difference in Maximum Temperature Relative to the Base Date 2006 for RCP 8.5 Scenario"
"geoId/72005","","Aguadilla Municipio","DifferenceRelativeToBaseDate2006_Max_Temperature_RCP85","2073-11","NASA_NEXGDDP_Subnational_AggrDiffStats","https://www.nccs.nasa.gov/services/data-collections/land-based-products/nex-gddp","","Celsius","C",6.029326,"Difference in Maximum Temperature Relative to the Base Date 2006 for RCP 8.5 Scenario"
"geoId/72005","","Aguadilla Municipio","DifferenceRelativeToBaseDate2006_Max_Temperature_RCP85","2073-12","NASA_NEXGDDP_Subnational_AggrDiffStats","https://www.nccs.nasa.gov/services/data-collections/land-based-products/nex-gddp","","Celsius","C",6.373197,"Difference in Maximum Temperature Relative to the Base Date 2006 for RCP 8.5 Scenario"
"geoId/72005","","Aguadilla Municipio","DifferenceRelativeToBaseDate2006_Max_Temperature_RCP85","2074-01","NASA_NEXGDDP_Subnational_AggrDiffStats","https://www.nccs.nasa.gov/services/data-collections/land-based-products/nex-gddp","","Celsius","C",3.788877,"Difference in Maximum Temperature Relative to the Base Date 2006 for RCP 8.5 Scenario"
"geoId/72005","","Aguadilla Municipio","DifferenceRelativeToBaseDate2006_Max_Temperature_RCP85","2074-02","NASA_NEXGDDP_Subnational_AggrDiffStats","https://www.nccs.nasa.gov/services/data-collections/land-based-products/nex-gddp","","Celsius","C",3.948271,"Difference in Maximum Temperature Relative to the Base Date 2006 for RCP 8.5 Scenario"
"geoId/72005","","Aguadilla Municipio","DifferenceRelativeToBaseDate2006_Max_Temperature_RCP85","2074-03","NASA_NEXGDDP_Subnational_AggrDiffStats","https://www.nccs.nasa.gov/services/data-collections/land-based-products/nex-gddp","","Celsius","C",2.617887,"Difference in Maximum Temperature Relative to the Base Date 2006 for RCP 8.5 Scenario"
"geoId/72005","","Aguadilla Municipio","DifferenceRelativeToBaseDate2006_Max_Temperature_RCP85","2074-04","NASA_NEXGDDP_Subnational_AggrDiffStats","https://www.nccs.nasa.gov/services/data-collections/land-based-products/nex-gddp","","Celsius","C",3.47073200000001,"Difference in Maximum Temperature Relative to the Base Date 2006 for RCP 8.5 Scenario"
"geoId/72005","","Aguadilla Municipio","DifferenceRelativeToBaseDate2006_Max_Temperature_RCP85","2074-05","NASA_NEXGDDP_Subnational_AggrDiffStats","https://www.nccs.nasa.gov/services/data-collections/land-based-products/nex-gddp","","Celsius","C",1.591552,"Difference in Maximum Temperature Relative to the Base Date 2006 for RCP 8.5 Scenario"
"geoId/72005","","Aguadilla Municipio","DifferenceRelativeToBaseDate2006_Max_Temperature_RCP85","2074-06","NASA_NEXGDDP_Subnational_AggrDiffStats","https://www.nccs.nasa.gov/services/data-collections/land-based-products/nex-gddp","","Celsius","C",0.660889000000005,"Difference in Maximum Temperature Relative to the Base Date 2006 for RCP 8.5 Scenario"
"geoId/72005","","Aguadilla Municipio","DifferenceRelativeToBaseDate2006_Max_Temperature_RCP85","2074-07","NASA_NEXGDDP_Subnational_AggrDiffStats","https://www.nccs.nasa.gov/services/data-collections/land-based-products/nex-gddp","","Celsius","C",1.650544,"Difference in Maximum Temperature Relative to the Base Date 2006 for RCP 8.5 Scenario"
"geoId/72005","","Aguadilla Municipio","DifferenceRelativeToBaseDate2006_Max_Temperature_RCP85","2074-08","NASA_NEXGDDP_Subnational_AggrDiffStats","https://www.nccs.nasa.gov/services/data-collections/land-based-products/nex-gddp","","Celsius","C",2.536163,"Difference in Maximum Temperature Relative to the Base Date 2006 for RCP 8.5 Scenario"
"geoId/72005","","Aguadilla Municipio","DifferenceRelativeToBaseDate2006_Max_Temperature_RCP85","2074-09","NASA_NEXGDDP_Subnational_AggrDiffStats","https://www.nccs.nasa.gov/services/data-collections/land-based-products/nex-gddp","","Celsius","C",2.574829,"Difference in Maximum Temperature Relative to the Base Date 2006 for RCP 8.5 Scenario"
"geoId/72005","","Aguadilla Municipio","DifferenceRelativeToBaseDate2006_Max_Temperature_RCP85","2074-10","NASA_NEXGDDP_Subnational_AggrDiffStats","https://www.nccs.nasa.gov/services/data-collections/land-based-products/nex-gddp","","Celsius","C",2.439209,"Difference in Maximum Temperature Relative to the Base Date 2006 for RCP 8.5 Scenario"
"geoId/72005","","Aguadilla Municipio","DifferenceRelativeToBaseDate2006_Max_Temperature_RCP85","2074-11","NASA_NEXGDDP_Subnational_AggrDiffStats","https://www.nccs.nasa.gov/services/data-collections/land-based-products/nex-gddp","","Celsius","C",2.109251,"Difference in Maximum Temperature Relative to the Base Date 2006 for RCP 8.5 Scenario"
"geoId/72005","","Aguadilla Municipio","DifferenceRelativeToBaseDate2006_Max_Temperature_RCP85","2074-12","NASA_NEXGDDP_Subnational_AggrDiffStats","https://www.nccs.nasa.gov/services/data-collections/land-based-products/nex-gddp","","Celsius","C",0.551756000000001,"Difference in Maximum Temperature Relative to the Base Date 2006 for RCP 8.5 Scenario"
"geoId/72005","","Aguadilla Municipio","DifferenceRelativeToBaseDate2006_Max_Temperature_RCP85","2075-01","NASA_NEXGDDP_Subnational_AggrDiffStats","https://www.nccs.nasa.gov/services/data-collections/land-based-products/nex-gddp","","Celsius","C",2.18234,"Difference in Maximum Temperature Relative to the Base Date 2006 for RCP 8.5 Scenario"
"geoId/72005","","Aguadilla Municipio","DifferenceRelativeToBaseDate2006_Max_Temperature_RCP85","2075-02","NASA_NEXGDDP_Subnational_AggrDiffStats","https://www.nccs.nasa.gov/services/data-collections/land-based-products/nex-gddp","","Celsius","C",2.405088,"Difference in Maximum Temperature Relative to the Base Date 2006 for RCP 8.5 Scenario"
"geoId/72005","","Aguadilla Municipio","DifferenceRelativeToBaseDate2006_Max_Temperature_RCP85","2075-03","NASA_NEXGDDP_Subnational_AggrDiffStats","https://www.nccs.nasa.gov/services/data-collections/land-based-products/nex-gddp","","Celsius","C",3.349912,"Difference in Maximum Temperature Relative to the Base Date 2006 for RCP 8.5 Scenario"
"geoId/72005","","Aguadilla Municipio","DifferenceRelativeToBaseDate2006_Max_Temperature_RCP85","2075-04","NASA_NEXGDDP_Subnational_AggrDiffStats","https://www.nccs.nasa.gov/services/data-collections/land-based-products/nex-gddp","","Celsius","C",4.878264,"Difference in Maximum Temperature Relative to the Base Date 2006 for RCP 8.5 Scenario"
"geoId/72005","","Aguadilla Municipio","DifferenceRelativeToBaseDate2006_Max_Temperature_RCP85","2075-05","NASA_NEXGDDP_Subnational_AggrDiffStats","https://www.nccs.nasa.gov/services/data-collections/land-based-products/nex-gddp","","Celsius","C",3.740509,"Difference in Maximum Temperature Relative to the Base Date 2006 for RCP 8.5 Scenario"
"geoId/72005","","Aguadilla Municipio","DifferenceRelativeToBaseDate2006_Max_Temperature_RCP85","2075-06","NASA_NEXGDDP_Subnational_AggrDiffStats","https://www.nccs.nasa.gov/services/data-collections/land-based-products/nex-gddp","","Celsius","C",1.977021,"Difference in Maximum Temperature Relative to the Base Date 2006 for RCP 8.5 Scenario"
"geoId/72005","","Aguadilla Municipio","DifferenceRelativeToBaseDate2006_Max_Temperature_RCP85","2075-07","NASA_NEXGDDP_Subnational_AggrDiffStats","https://www.nccs.nasa.gov/services/data-collections/land-based-products/nex-gddp","","Celsius","C",1.481751,"Difference in Maximum Temperature Relative to the Base Date 2006 for RCP 8.5 Scenario"
"geoId/72005","","Aguadilla Municipio","DifferenceRelativeToBaseDate2006_Max_Temperature_RCP85","2075-08","NASA_NEXGDDP_Subnational_AggrDiffStats","https://www.nccs.nasa.gov/services/data-collections/land-based-products/nex-gddp","","Celsius","C",3.28537,"Difference in Maximum Temperature Relative to the Base Date 2006 for RCP 8.5 Scenario"
"geoId/72005","","Aguadilla Municipio","DifferenceRelativeToBaseDate2006_Max_Temperature_RCP85","2075-09","NASA_NEXGDDP_Subnational_AggrDiffStats","https://www.nccs.nasa.gov/services/data-collections/land-based-products/nex-gddp","","Celsius","C",3.362121,"Difference in Maximum Temperature Relative to the Base Date 2006 for RCP 8.5 Scenario"
"geoId/72005","","Aguadilla Municipio","DifferenceRelativeToBaseDate2006_Max_Temperature_RCP85","2075-10","NASA_NEXGDDP_Subnational_AggrDiffStats","https://www.nccs.nasa.gov/services/data-collections/land-based-products/nex-gddp","","Celsius","C",3.176422,"Difference in Maximum Temperature Relative to the Base Date 2006 for RCP 8.5 Scenario"
"geoId/72005","","Aguadilla Municipio","DifferenceRelativeToBaseDate2006_Max_Temperature_RCP85","2075-11","NASA_NEXGDDP_Subnational_AggrDiffStats","https://www.nccs.nasa.gov/services/data-collections/land-based-products/nex-gddp","","Celsius","C",4.945952,"Difference in Maximum Temperature Relative to the Base Date 2006 for RCP 8.5 Scenario"
"geoId/72005","","Aguadilla Municipio","DifferenceRelativeToBaseDate2006_Max_Temperature_RCP85","2075-12","NASA_NEXGDDP_Subnational_AggrDiffStats","https://www.nccs.nasa.gov/services/data-collections/land-based-products/nex-gddp","","Celsius","C",3.36392,"Difference in Maximum Temperature Relative to the Base Date 2006 for RCP 8.5 Scenario"
"geoId/72005","","Aguadilla Municipio","DifferenceRelativeToBaseDate2006_Max_Temperature_RCP85","2076-01","NASA_NEXGDDP_Subnational_AggrDiffStats","https://www.nccs.nasa.gov/services/data-collections/land-based-products/nex-gddp","","Celsius","C",5.344145,"Difference in Maximum Temperature Relative to the Base Date 2006 for RCP 8.5 Scenario"
"geoId/72005","","Aguadilla Municipio","DifferenceRelativeToBaseDate2006_Max_Temperature_RCP85","2076-02","NASA_NEXGDDP_Subnational_AggrDiffStats","https://www.nccs.nasa.gov/services/data-collections/land-based-products/nex-gddp","","Celsius","C",3.642637,"Difference in Maximum Temperature Relative to the Base Date 2006 for RCP 8.5 Scenario"
"geoId/72005","","Aguadilla Municipio","DifferenceRelativeToBaseDate2006_Max_Temperature_RCP85","2076-03","NASA_NEXGDDP_Subnational_AggrDiffStats","https://www.nccs.nasa.gov/services/data-collections/land-based-products/nex-gddp","","Celsius","C",3.134061,"Difference in Maximum Temperature Relative to the Base Date 2006 for RCP 8.5 Scenario"
"geoId/72005","","Aguadilla Municipio","DifferenceRelativeToBaseDate2006_Max_Temperature_RCP85","2076-04","NASA_NEXGDDP_Subnational_AggrDiffStats","https://www.nccs.nasa.gov/services/data-collections/land-based-products/nex-gddp","","Celsius","C",4.619749,"Difference in Maximum Temperature Relative to the Base Date 2006 for RCP 8.5 Scenario"
"geoId/72005","","Aguadilla Municipio","DifferenceRelativeToBaseDate2006_Max_Temperature_RCP85","2076-05","NASA_NEXGDDP_Subnational_AggrDiffStats","https://www.nccs.nasa.gov/services/data-collections/land-based-products/nex-gddp","","Celsius","C",4.01065,"Difference in Maximum Temperature Relative to the Base Date 2006 for RCP 8.5 Scenario"
"geoId/72005","","Aguadilla Municipio","DifferenceRelativeToBaseDate2006_Max_Temperature_RCP85","2076-06","NASA_NEXGDDP_Subnational_AggrDiffStats","https://www.nccs.nasa.gov/services/data-collections/land-based-products/nex-gddp","","Celsius","C",3.516541,"Difference in Maximum Temperature Relative to the Base Date 2006 for RCP 8.5 Scenario"
"geoId/72005","","Aguadilla Municipio","DifferenceRelativeToBaseDate2006_Max_Temperature_RCP85","2076-07","NASA_NEXGDDP_Subnational_AggrDiffStats","https://www.nccs.nasa.gov/services/data-collections/land-based-products/nex-gddp","","Celsius","C",3.347138,"Difference in Maximum Temperature Relative to the Base Date 2006 for RCP 8.5 Scenario"
"geoId/72005","","Aguadilla Municipio","DifferenceRelativeToBaseDate2006_Max_Temperature_RCP85","2076-08","NASA_NEXGDDP_Subnational_AggrDiffStats","https://www.nccs.nasa.gov/services/data-collections/land-based-products/nex-gddp","","Celsius","C",3.654877,"Difference in Maximum Temperature Relative to the Base Date 2006 for RCP 8.5 Scenario"
"geoId/72005","","Aguadilla Municipio","DifferenceRelativeToBaseDate2006_Max_Temperature_RCP85","2076-09","NASA_NEXGDDP_Subnational_AggrDiffStats","https://www.nccs.nasa.gov/services/data-collections/land-based-products/nex-gddp","","Celsius","C",3.703827,"Difference in Maximum Temperature Relative to the Base Date 2006 for RCP 8.5 Scenario"
"geoId/72005","","Aguadilla Municipio","DifferenceRelativeToBaseDate2006_Max_Temperature_RCP85","2076-10","NASA_NEXGDDP_Subnational_AggrDiffStats","https://www.nccs.nasa.gov/services/data-collections/land-based-products/nex-gddp","","Celsius","C",2.544128,"Difference in Maximum Temperature Relative to the Base Date 2006 for RCP 8.5 Scenario"
"geoId/72005","","Aguadilla Municipio","DifferenceRelativeToBaseDate2006_Max_Temperature_RCP85","2076-11","NASA_NEXGDDP_Subnational_AggrDiffStats","https://www.nccs.nasa.gov/services/data-collections/land-based-products/nex-gddp","","Celsius","C",3.401518,"Difference in Maximum Temperature Relative to the Base Date 2006 for RCP 8.5 Scenario"
"geoId/72005","","Aguadilla Municipio","DifferenceRelativeToBaseDate2006_Max_Temperature_RCP85","2076-12","NASA_NEXGDDP_Subnational_AggrDiffStats","https://www.nccs.nasa.gov/services/data-collections/land-based-products/nex-gddp","","Celsius","C",2.217924,"Difference in Maximum Temperature Relative to the Base Date 2006 for RCP 8.5 Scenario"
"geoId/72005","","Aguadilla Municipio","DifferenceRelativeToBaseDate2006_Max_Temperature_RCP85","2077-01","NASA_NEXGDDP_Subnational_AggrDiffStats","https://www.nccs.nasa.gov/services/data-collections/land-based-products/nex-gddp","","Celsius","C",3.861448,"Difference in Maximum Temperature Relative to the Base Date 2006 for RCP 8.5 Scenario"
"geoId/72005","","Aguadilla Municipio","DifferenceRelativeToBaseDate2006_Max_Temperature_RCP85","2077-02","NASA_NEXGDDP_Subnational_AggrDiffStats","https://www.nccs.nasa.gov/services/data-collections/land-based-products/nex-gddp","","Celsius","C",3.933561,"Difference in Maximum Temperature Relative to the Base Date 2006 for RCP 8.5 Scenario"
"geoId/72005","","Aguadilla Municipio","DifferenceRelativeToBaseDate2006_Max_Temperature_RCP85","2077-03","NASA_NEXGDDP_Subnational_AggrDiffStats","https://www.nccs.nasa.gov/services/data-collections/land-based-products/nex-gddp","","Celsius","C",5.131193,"Difference in Maximum Temperature Relative to the Base Date 2006 for RCP 8.5 Scenario"
"geoId/72005","","Aguadilla Municipio","DifferenceRelativeToBaseDate2006_Max_Temperature_RCP85","2077-04","NASA_NEXGDDP_Subnational_AggrDiffStats","https://www.nccs.nasa.gov/services/data-collections/land-based-products/nex-gddp","","Celsius","C",2.971281,"Difference in Maximum Temperature Relative to the Base Date 2006 for RCP 8.5 Scenario"
"geoId/72005","","Aguadilla Municipio","DifferenceRelativeToBaseDate2006_Max_Temperature_RCP85","2077-05","NASA_NEXGDDP_Subnational_AggrDiffStats","https://www.nccs.nasa.gov/services/data-collections/land-based-products/nex-gddp","","Celsius","C",3.094451,"Difference in Maximum Temperature Relative to the Base Date 2006 for RCP 8.5 Scenario"
"geoId/72005","","Aguadilla Municipio","DifferenceRelativeToBaseDate2006_Max_Temperature_RCP85","2077-06","NASA_NEXGDDP_Subnational_AggrDiffStats","https://www.nccs.nasa.gov/services/data-collections/land-based-products/nex-gddp","","Celsius","C",2.875275,"Difference in Maximum Temperature Relative to the Base Date 2006 for RCP 8.5 Scenario"
"geoId/72005","","Aguadilla Municipio","DifferenceRelativeToBaseDate2006_Max_Temperature_RCP85","2077-07","NASA_NEXGDDP_Subnational_AggrDiffStats","https://www.nccs.nasa.gov/services/data-collections/land-based-products/nex-gddp","","Celsius","C",1.933594,"Difference in Maximum Temperature Relative to the Base Date 2006 for RCP 8.5 Scenario"
"geoId/72005","","Aguadilla Municipio","DifferenceRelativeToBaseDate2006_Max_Temperature_RCP85","2077-08","NASA_NEXGDDP_Subnational_AggrDiffStats","https://www.nccs.nasa.gov/services/data-collections/land-based-products/nex-gddp","","Celsius","C",2.567169,"Difference in Maximum Temperature Relative to the Base Date 2006 for RCP 8.5 Scenario"
"geoId/72005","","Aguadilla Municipio","DifferenceRelativeToBaseDate2006_Max_Temperature_RCP85","2077-09","NASA_NEXGDDP_Subnational_AggrDiffStats","https://www.nccs.nasa.gov/services/data-collections/land-based-products/nex-gddp","","Celsius","C",2.462829,"Difference in Maximum Temperature Relative to the Base Date 2006 for RCP 8.5 Scenario"
"geoId/72005","","Aguadilla Municipio","DifferenceRelativeToBaseDate2006_Max_Temperature_RCP85","2077-10","NASA_NEXGDDP_Subnational_AggrDiffStats","https://www.nccs.nasa.gov/services/data-collections/land-based-products/nex-gddp","","Celsius","C",2.909271,"Difference in Maximum Temperature Relative to the Base Date 2006 for RCP 8.5 Scenario"
"geoId/72005","","Aguadilla Municipio","DifferenceRelativeToBaseDate2006_Max_Temperature_RCP85","2077-11","NASA_NEXGDDP_Subnational_AggrDiffStats","https://www.nccs.nasa.gov/services/data-collections/land-based-products/nex-gddp","","Celsius","C",3.18344,"Difference in Maximum Temperature Relative to the Base Date 2006 for RCP 8.5 Scenario"
"geoId/72005","","Aguadilla Municipio","DifferenceRelativeToBaseDate2006_Max_Temperature_RCP85","2077-12","NASA_NEXGDDP_Subnational_AggrDiffStats","https://www.nccs.nasa.gov/services/data-collections/land-based-products/nex-gddp","","Celsius","C",1.433622,"Difference in Maximum Temperature Relative to the Base Date 2006 for RCP 8.5 Scenario"
"geoId/72005","","Aguadilla Municipio","DifferenceRelativeToBaseDate2006_Max_Temperature_RCP85","2078-01","NASA_NEXGDDP_Subnational_AggrDiffStats","https://www.nccs.nasa.gov/services/data-collections/land-based-products/nex-gddp","","Celsius","C",2.62451,"Difference in Maximum Temperature Relative to the Base Date 2006 for RCP 8.5 Scenario"
"geoId/72005","","Aguadilla Municipio","DifferenceRelativeToBaseDate2006_Max_Temperature_RCP85","2078-02","NASA_NEXGDDP_Subnational_AggrDiffStats","https://www.nccs.nasa.gov/services/data-collections/land-based-products/nex-gddp","","Celsius","C",2.082212,"Difference in Maximum Temperature Relative to the Base Date 2006 for RCP 8.5 Scenario"
"geoId/72005","","Aguadilla Municipio","DifferenceRelativeToBaseDate2006_Max_Temperature_RCP85","2078-03","NASA_NEXGDDP_Subnational_AggrDiffStats","https://www.nccs.nasa.gov/services/data-collections/land-based-products/nex-gddp","","Celsius","C",2.483793,"Difference in Maximum Temperature Relative to the Base Date 2006 for RCP 8.5 Scenario"
"geoId/72005","","Aguadilla Municipio","DifferenceRelativeToBaseDate2006_Max_Temperature_RCP85","2078-04","NASA_NEXGDDP_Subnational_AggrDiffStats","https://www.nccs.nasa.gov/services/data-collections/land-based-products/nex-gddp","","Celsius","C",3.058684,"Difference in Maximum Temperature Relative to the Base Date 2006 for RCP 8.5 Scenario"
"geoId/72005","","Aguadilla Municipio","DifferenceRelativeToBaseDate2006_Max_Temperature_RCP85","2078-05","NASA_NEXGDDP_Subnational_AggrDiffStats","https://www.nccs.nasa.gov/services/data-collections/land-based-products/nex-gddp","","Celsius","C",2.37738,"Difference in Maximum Temperature Relative to the Base Date 2006 for RCP 8.5 Scenario"
"geoId/72005","","Aguadilla Municipio","DifferenceRelativeToBaseDate2006_Max_Temperature_RCP85","2078-06","NASA_NEXGDDP_Subnational_AggrDiffStats","https://www.nccs.nasa.gov/services/data-collections/land-based-products/nex-gddp","","Celsius","C",1.164276,"Difference in Maximum Temperature Relative to the Base Date 2006 for RCP 8.5 Scenario"
"geoId/72005","","Aguadilla Municipio","DifferenceRelativeToBaseDate2006_Max_Temperature_RCP85","2078-07","NASA_NEXGDDP_Subnational_AggrDiffStats","https://www.nccs.nasa.gov/services/data-collections/land-based-products/nex-gddp","","Celsius","C",1.176758,"Difference in Maximum Temperature Relative to the Base Date 2006 for RCP 8.5 Scenario"
"geoId/72005","","Aguadilla Municipio","DifferenceRelativeToBaseDate2006_Max_Temperature_RCP85","2078-08","NASA_NEXGDDP_Subnational_AggrDiffStats","https://www.nccs.nasa.gov/services/data-collections/land-based-products/nex-gddp","","Celsius","C",1.929932,"Difference in Maximum Temperature Relative to the Base Date 2006 for RCP 8.5 Scenario"
"geoId/72005","","Aguadilla Municipio","DifferenceRelativeToBaseDate2006_Max_Temperature_RCP85","2078-09","NASA_NEXGDDP_Subnational_AggrDiffStats","https://www.nccs.nasa.gov/services/data-collections/land-based-products/nex-gddp","","Celsius","C",1.835998,"Difference in Maximum Temperature Relative to the Base Date 2006 for RCP 8.5 Scenario"
"geoId/72005","","Aguadilla Municipio","DifferenceRelativeToBaseDate2006_Max_Temperature_RCP85","2078-10","NASA_NEXGDDP_Subnational_AggrDiffStats","https://www.nccs.nasa.gov/services/data-collections/land-based-products/nex-gddp","","Celsius","C",2.267547,"Difference in Maximum Temperature Relative to the Base Date 2006 for RCP 8.5 Scenario"
"geoId/72005","","Aguadilla Municipio","DifferenceRelativeToBaseDate2006_Max_Temperature_RCP85","2078-11","NASA_NEXGDDP_Subnational_AggrDiffStats","https://www.nccs.nasa.gov/services/data-collections/land-based-products/nex-gddp","","Celsius","C",3.385191,"Difference in Maximum Temperature Relative to the Base Date 2006 for RCP 8.5 Scenario"
"geoId/72005","","Aguadilla Municipio","DifferenceRelativeToBaseDate2006_Max_Temperature_RCP85","2078-12","NASA_NEXGDDP_Subnational_AggrDiffStats","https://www.nccs.nasa.gov/services/data-collections/land-based-products/nex-gddp","","Celsius","C",2.596738,"Difference in Maximum Temperature Relative to the Base Date 2006 for RCP 8.5 Scenario"
"geoId/72005","","Aguadilla Municipio","DifferenceRelativeToBaseDate2006_Max_Temperature_RCP85","2079-01","NASA_NEXGDDP_Subnational_AggrDiffStats","https://www.nccs.nasa.gov/services/data-collections/land-based-products/nex-gddp","","Celsius","C",3.089231,"Difference in Maximum Temperature Relative to the Base Date 2006 for RCP 8.5 Scenario"
"geoId/72005","","Aguadilla Municipio","DifferenceRelativeToBaseDate2006_Max_Temperature_RCP85","2079-02","NASA_NEXGDDP_Subnational_AggrDiffStats","https://www.nccs.nasa.gov/services/data-collections/land-based-products/nex-gddp","","Celsius","C",7.913359,"Difference in Maximum Temperature Relative to the Base Date 2006 for RCP 8.5 Scenario"
"geoId/72005","","Aguadilla Municipio","DifferenceRelativeToBaseDate2006_Max_Temperature_RCP85","2079-03","NASA_NEXGDDP_Subnational_AggrDiffStats","https://www.nccs.nasa.gov/services/data-collections/land-based-products/nex-gddp","","Celsius","C",2.088651,"Difference in Maximum Temperature Relative to the Base Date 2006 for RCP 8.5 Scenario"
"geoId/72005","","Aguadilla Municipio","DifferenceRelativeToBaseDate2006_Max_Temperature_RCP85","2079-04","NASA_NEXGDDP_Subnational_AggrDiffStats","https://www.nccs.nasa.gov/services/data-collections/land-based-products/nex-gddp","","Celsius","C",3.815367,"Difference in Maximum Temperature Relative to the Base Date 2006 for RCP 8.5 Scenario"
"geoId/72005","","Aguadilla Municipio","DifferenceRelativeToBaseDate2006_Max_Temperature_RCP85","2079-05","NASA_NEXGDDP_Subnational_AggrDiffStats","https://www.nccs.nasa.gov/services/data-collections/land-based-products/nex-gddp","","Celsius","C",2.762878,"Difference in Maximum Temperature Relative to the Base Date 2006 for RCP 8.5 Scenario"
"geoId/72005","","Aguadilla Municipio","DifferenceRelativeToBaseDate2006_Max_Temperature_RCP85","2079-06","NASA_NEXGDDP_Subnational_AggrDiffStats","https://www.nccs.nasa.gov/services/data-collections/land-based-products/nex-gddp","","Celsius","C",2.936646,"Difference in Maximum Temperature Relative to the Base Date 2006 for RCP 8.5 Scenario"
"geoId/72005","","Aguadilla Municipio","DifferenceRelativeToBaseDate2006_Max_Temperature_RCP85","2079-07","NASA_NEXGDDP_Subnational_AggrDiffStats","https://www.nccs.nasa.gov/services/data-collections/land-based-products/nex-gddp","","Celsius","C",1.967041,"Difference in Maximum Temperature Relative to the Base Date 2006 for RCP 8.5 Scenario"
"geoId/72005","","Aguadilla Municipio","DifferenceRelativeToBaseDate2006_Max_Temperature_RCP85","2079-08","NASA_NEXGDDP_Subnational_AggrDiffStats","https://www.nccs.nasa.gov/services/data-collections/land-based-products/nex-gddp","","Celsius","C",2.673675,"Difference in Maximum Temperature Relative to the Base Date 2006 for RCP 8.5 Scenario"
"geoId/72005","","Aguadilla Municipio","DifferenceRelativeToBaseDate2006_Max_Temperature_RCP85","2079-09","NASA_NEXGDDP_Subnational_AggrDiffStats","https://www.nccs.nasa.gov/services/data-collections/land-based-products/nex-gddp","","Celsius","C",3.173462,"Difference in Maximum Temperature Relative to the Base Date 2006 for RCP 8.5 Scenario"
"geoId/72005","","Aguadilla Municipio","DifferenceRelativeToBaseDate2006_Max_Temperature_RCP85","2079-10","NASA_NEXGDDP_Subnational_AggrDiffStats","https://www.nccs.nasa.gov/services/data-collections/land-based-products/nex-gddp","","Celsius","C",3.555511,"Difference in Maximum Temperature Relative to the Base Date 2006 for RCP 8.5 Scenario"
"geoId/72005","","Aguadilla Municipio","DifferenceRelativeToBaseDate2006_Max_Temperature_RCP85","2079-11","NASA_NEXGDDP_Subnational_AggrDiffStats","https://www.nccs.nasa.gov/services/data-collections/land-based-products/nex-gddp","","Celsius","C",4.592406,"Difference in Maximum Temperature Relative to the Base Date 2006 for RCP 8.5 Scenario"
"geoId/72005","","Aguadilla Municipio","DifferenceRelativeToBaseDate2006_Max_Temperature_RCP85","2079-12","NASA_NEXGDDP_Subnational_AggrDiffStats","https://www.nccs.nasa.gov/services/data-collections/land-based-products/nex-gddp","","Celsius","C",4.033201,"Difference in Maximum Temperature Relative to the Base Date 2006 for RCP 8.5 Scenario"
"geoId/72005","","Aguadilla Municipio","DifferenceRelativeToBaseDate2006_Max_Temperature_RCP85","2080-01","NASA_NEXGDDP_Subnational_AggrDiffStats","https://www.nccs.nasa.gov/services/data-collections/land-based-products/nex-gddp","","Celsius","C",3.658293,"Difference in Maximum Temperature Relative to the Base Date 2006 for RCP 8.5 Scenario"
"geoId/72005","","Aguadilla Municipio","DifferenceRelativeToBaseDate2006_Max_Temperature_RCP85","2080-02","NASA_NEXGDDP_Subnational_AggrDiffStats","https://www.nccs.nasa.gov/services/data-collections/land-based-products/nex-gddp","","Celsius","C",5.611509,"Difference in Maximum Temperature Relative to the Base Date 2006 for RCP 8.5 Scenario"
"geoId/72005","","Aguadilla Municipio","DifferenceRelativeToBaseDate2006_Max_Temperature_RCP85","2080-03","NASA_NEXGDDP_Subnational_AggrDiffStats","https://www.nccs.nasa.gov/services/data-collections/land-based-products/nex-gddp","","Celsius","C",4.458646,"Difference in Maximum Temperature Relative to the Base Date 2006 for RCP 8.5 Scenario"
"geoId/72005","","Aguadilla Municipio","DifferenceRelativeToBaseDate2006_Max_Temperature_RCP85","2080-04","NASA_NEXGDDP_Subnational_AggrDiffStats","https://www.nccs.nasa.gov/services/data-collections/land-based-products/nex-gddp","","Celsius","C",5.157652,"Difference in Maximum Temperature Relative to the Base Date 2006 for RCP 8.5 Scenario"
"geoId/72005","","Aguadilla Municipio","DifferenceRelativeToBaseDate2006_Max_Temperature_RCP85","2080-05","NASA_NEXGDDP_Subnational_AggrDiffStats","https://www.nccs.nasa.gov/services/data-collections/land-based-products/nex-gddp","","Celsius","C",3.030487,"Difference in Maximum Temperature Relative to the Base Date 2006 for RCP 8.5 Scenario"
"geoId/72005","","Aguadilla Municipio","DifferenceRelativeToBaseDate2006_Max_Temperature_RCP85","2080-06","NASA_NEXGDDP_Subnational_AggrDiffStats","https://www.nccs.nasa.gov/services/data-collections/land-based-products/nex-gddp","","Celsius","C",1.95446800000001,"Difference in Maximum Temperature Relative to the Base Date 2006 for RCP 8.5 Scenario"
"geoId/72005","","Aguadilla Municipio","DifferenceRelativeToBaseDate2006_Max_Temperature_RCP85","2080-07","NASA_NEXGDDP_Subnational_AggrDiffStats","https://www.nccs.nasa.gov/services/data-collections/land-based-products/nex-gddp","","Celsius","C",1.51443500000001,"Difference in Maximum Temperature Relative to the Base Date 2006 for RCP 8.5 Scenario"
"geoId/72005","","Aguadilla Municipio","DifferenceRelativeToBaseDate2006_Max_Temperature_RCP85","2080-08","NASA_NEXGDDP_Subnational_AggrDiffStats","https://www.nccs.nasa.gov/services/data-collections/land-based-products/nex-gddp","","Celsius","C",3.196106,"Difference in Maximum Temperature Relative to the Base Date 2006 for RCP 8.5 Scenario"
"geoId/72005","","Aguadilla Municipio","DifferenceRelativeToBaseDate2006_Max_Temperature_RCP85","2080-09","NASA_NEXGDDP_Subnational_AggrDiffStats","https://www.nccs.nasa.gov/services/data-collections/land-based-products/nex-gddp","","Celsius","C",4.417114,"Difference in Maximum Temperature Relative to the Base Date 2006 for RCP 8.5 Scenario"
"geoId/72005","","Aguadilla Municipio","DifferenceRelativeToBaseDate2006_Max_Temperature_RCP85","2080-10","NASA_NEXGDDP_Subnational_AggrDiffStats","https://www.nccs.nasa.gov/services/data-collections/land-based-products/nex-gddp","","Celsius","C",3.619445,"Difference in Maximum Temperature Relative to the Base Date 2006 for RCP 8.5 Scenario"
"geoId/72005","","Aguadilla Municipio","DifferenceRelativeToBaseDate2006_Max_Temperature_RCP85","2080-11","NASA_NEXGDDP_Subnational_AggrDiffStats","https://www.nccs.nasa.gov/services/data-collections/land-based-products/nex-gddp","","Celsius","C",3.735503,"Difference in Maximum Temperature Relative to the Base Date 2006 for RCP 8.5 Scenario"
"geoId/72005","","Aguadilla Municipio","DifferenceRelativeToBaseDate2006_Max_Temperature_RCP85","2080-12","NASA_NEXGDDP_Subnational_AggrDiffStats","https://www.nccs.nasa.gov/services/data-collections/land-based-products/nex-gddp","","Celsius","C",3.404447,"Difference in Maximum Temperature Relative to the Base Date 2006 for RCP 8.5 Scenario"
"geoId/72005","","Aguadilla Municipio","DifferenceRelativeToBaseDate2006_Max_Temperature_RCP85","2081-01","NASA_NEXGDDP_Subnational_AggrDiffStats","https://www.nccs.nasa.gov/services/data-collections/land-based-products/nex-gddp","","Celsius","C",2.703459,"Difference in Maximum Temperature Relative to the Base Date 2006 for RCP 8.5 Scenario"
"geoId/72005","","Aguadilla Municipio","DifferenceRelativeToBaseDate2006_Max_Temperature_RCP85","2081-02","NASA_NEXGDDP_Subnational_AggrDiffStats","https://www.nccs.nasa.gov/services/data-collections/land-based-products/nex-gddp","","Celsius","C",3.778227,"Difference in Maximum Temperature Relative to the Base Date 2006 for RCP 8.5 Scenario"
"geoId/72005","","Aguadilla Municipio","DifferenceRelativeToBaseDate2006_Max_Temperature_RCP85","2081-03","NASA_NEXGDDP_Subnational_AggrDiffStats","https://www.nccs.nasa.gov/services/data-collections/land-based-products/nex-gddp","","Celsius","C",4.1098,"Difference in Maximum Temperature Relative to the Base Date 2006 for RCP 8.5 Scenario"
"geoId/72005","","Aguadilla Municipio","DifferenceRelativeToBaseDate2006_Max_Temperature_RCP85","2081-04","NASA_NEXGDDP_Subnational_AggrDiffStats","https://www.nccs.nasa.gov/services/data-collections/land-based-products/nex-gddp","","Celsius","C",4.489378,"Difference in Maximum Temperature Relative to the Base Date 2006 for RCP 8.5 Scenario"
"geoId/72005","","Aguadilla Municipio","DifferenceRelativeToBaseDate2006_Max_Temperature_RCP85","2081-05","NASA_NEXGDDP_Subnational_AggrDiffStats","https://www.nccs.nasa.gov/services/data-collections/land-based-products/nex-gddp","","Celsius","C",3.734558,"Difference in Maximum Temperature Relative to the Base Date 2006 for RCP 8.5 Scenario"
"geoId/72005","","Aguadilla Municipio","DifferenceRelativeToBaseDate2006_Max_Temperature_RCP85","2081-06","NASA_NEXGDDP_Subnational_AggrDiffStats","https://www.nccs.nasa.gov/services/data-collections/land-based-products/nex-gddp","","Celsius","C",2.34216300000001,"Difference in Maximum Temperature Relative to the Base Date 2006 for RCP 8.5 Scenario"
"geoId/72005","","Aguadilla Municipio","DifferenceRelativeToBaseDate2006_Max_Temperature_RCP85","2081-07","NASA_NEXGDDP_Subnational_AggrDiffStats","https://www.nccs.nasa.gov/services/data-collections/land-based-products/nex-gddp","","Celsius","C",2.53964300000001,"Difference in Maximum Temperature Relative to the Base Date 2006 for RCP 8.5 Scenario"
"geoId/72005","","Aguadilla Municipio","DifferenceRelativeToBaseDate2006_Max_Temperature_RCP85","2081-08","NASA_NEXGDDP_Subnational_AggrDiffStats","https://www.nccs.nasa.gov/services/data-collections/land-based-products/nex-gddp","","Celsius","C",3.232727,"Difference in Maximum Temperature Relative to the Base Date 2006 for RCP 8.5 Scenario"
"geoId/72005","","Aguadilla Municipio","DifferenceRelativeToBaseDate2006_Max_Temperature_RCP85","2081-09","NASA_NEXGDDP_Subnational_AggrDiffStats","https://www.nccs.nasa.gov/services/data-collections/land-based-products/nex-gddp","","Celsius","C",3.697418,"Difference in Maximum Temperature Relative to the Base Date 2006 for RCP 8.5 Scenario"
"geoId/72005","","Aguadilla Municipio","DifferenceRelativeToBaseDate2006_Max_Temperature_RCP85","2081-10","NASA_NEXGDDP_Subnational_AggrDiffStats","https://www.nccs.nasa.gov/services/data-collections/land-based-products/nex-gddp","","Celsius","C",3.276031,"Difference in Maximum Temperature Relative to the Base Date 2006 for RCP 8.5 Scenario"
"geoId/72005","","Aguadilla Municipio","DifferenceRelativeToBaseDate2006_Max_Temperature_RCP85","2081-11","NASA_NEXGDDP_Subnational_AggrDiffStats","https://www.nccs.nasa.gov/services/data-collections/land-based-products/nex-gddp","","Celsius","C",3.353545,"Difference in Maximum Temperature Relative to the Base Date 2006 for RCP 8.5 Scenario"
"geoId/72005","","Aguadilla Municipio","DifferenceRelativeToBaseDate2006_Max_Temperature_RCP85","2081-12","NASA_NEXGDDP_Subnational_AggrDiffStats","https://www.nccs.nasa.gov/services/data-collections/land-based-products/nex-gddp","","Celsius","C",1.242216,"Difference in Maximum Temperature Relative to the Base Date 2006 for RCP 8.5 Scenario"
"geoId/72005","","Aguadilla Municipio","DifferenceRelativeToBaseDate2006_Max_Temperature_RCP85","2082-01","NASA_NEXGDDP_Subnational_AggrDiffStats","https://www.nccs.nasa.gov/services/data-collections/land-based-products/nex-gddp","","Celsius","C",2.860105,"Difference in Maximum Temperature Relative to the Base Date 2006 for RCP 8.5 Scenario"
"geoId/72005","","Aguadilla Municipio","DifferenceRelativeToBaseDate2006_Max_Temperature_RCP85","2082-02","NASA_NEXGDDP_Subnational_AggrDiffStats","https://www.nccs.nasa.gov/services/data-collections/land-based-products/nex-gddp","","Celsius","C",2.769896,"Difference in Maximum Temperature Relative to the Base Date 2006 for RCP 8.5 Scenario"
"geoId/72005","","Aguadilla Municipio","DifferenceRelativeToBaseDate2006_Max_Temperature_RCP85","2082-03","NASA_NEXGDDP_Subnational_AggrDiffStats","https://www.nccs.nasa.gov/services/data-collections/land-based-products/nex-gddp","","Celsius","C",3.664579,"Difference in Maximum Temperature Relative to the Base Date 2006 for RCP 8.5 Scenario"
"geoId/72005","","Aguadilla Municipio","DifferenceRelativeToBaseDate2006_Max_Temperature_RCP85","2082-04","NASA_NEXGDDP_Subnational_AggrDiffStats","https://www.nccs.nasa.gov/services/data-collections/land-based-products/nex-gddp","","Celsius","C",4.183867,"Difference in Maximum Temperature Relative to the Base Date 2006 for RCP 8.5 Scenario"
"geoId/72005","","Aguadilla Municipio","DifferenceRelativeToBaseDate2006_Max_Temperature_RCP85","2082-05","NASA_NEXGDDP_Subnational_AggrDiffStats","https://www.nccs.nasa.gov/services/data-collections/land-based-products/nex-gddp","","Celsius","C",3.297454,"Difference in Maximum Temperature Relative to the Base Date 2006 for RCP 8.5 Scenario"
"geoId/72005","","Aguadilla Municipio","DifferenceRelativeToBaseDate2006_Max_Temperature_RCP85","2082-06","NASA_NEXGDDP_Subnational_AggrDiffStats","https://www.nccs.nasa.gov/services/data-collections/land-based-products/nex-gddp","","Celsius","C",2.218231,"Difference in Maximum Temperature Relative to the Base Date 2006 for RCP 8.5 Scenario"
"geoId/72005","","Aguadilla Municipio","DifferenceRelativeToBaseDate2006_Max_Temperature_RCP85","2082-07","NASA_NEXGDDP_Subnational_AggrDiffStats","https://www.nccs.nasa.gov/services/data-collections/land-based-products/nex-gddp","","Celsius","C",1.53497400000001,"Difference in Maximum Temperature Relative to the Base Date 2006 for RCP 8.5 Scenario"
"geoId/72005","","Aguadilla Municipio","DifferenceRelativeToBaseDate2006_Max_Temperature_RCP85","2082-08","NASA_NEXGDDP_Subnational_AggrDiffStats","https://www.nccs.nasa.gov/services/data-collections/land-based-products/nex-gddp","","Celsius","C",2.444,"Difference in Maximum Temperature Relative to the Base Date 2006 for RCP 8.5 Scenario"
"geoId/72005","","Aguadilla Municipio","DifferenceRelativeToBaseDate2006_Max_Temperature_RCP85","2082-09","NASA_NEXGDDP_Subnational_AggrDiffStats","https://www.nccs.nasa.gov/services/data-collections/land-based-products/nex-gddp","","Celsius","C",2.93518,"Difference in Maximum Temperature Relative to the Base Date 2006 for RCP 8.5 Scenario"
"geoId/72005","","Aguadilla Municipio","DifferenceRelativeToBaseDate2006_Max_Temperature_RCP85","2082-10","NASA_NEXGDDP_Subnational_AggrDiffStats","https://www.nccs.nasa.gov/services/data-collections/land-based-products/nex-gddp","","Celsius","C",2.505889,"Difference in Maximum Temperature Relative to the Base Date 2006 for RCP 8.5 Scenario"
"geoId/72005","","Aguadilla Municipio","DifferenceRelativeToBaseDate2006_Max_Temperature_RCP85","2082-11","NASA_NEXGDDP_Subnational_AggrDiffStats","https://www.nccs.nasa.gov/services/data-collections/land-based-products/nex-gddp","","Celsius","C",3.876402,"Difference in Maximum Temperature Relative to the Base Date 2006 for RCP 8.5 Scenario"
"geoId/72005","","Aguadilla Municipio","DifferenceRelativeToBaseDate2006_Max_Temperature_RCP85","2082-12","NASA_NEXGDDP_Subnational_AggrDiffStats","https://www.nccs.nasa.gov/services/data-collections/land-based-products/nex-gddp","","Celsius","C",2.073881,"Difference in Maximum Temperature Relative to the Base Date 2006 for RCP 8.5 Scenario"
"geoId/72005","","Aguadilla Municipio","DifferenceRelativeToBaseDate2006_Max_Temperature_RCP85","2083-01","NASA_NEXGDDP_Subnational_AggrDiffStats","https://www.nccs.nasa.gov/services/data-collections/land-based-products/nex-gddp","","Celsius","C",4.111295,"Difference in Maximum Temperature Relative to the Base Date 2006 for RCP 8.5 Scenario"
"geoId/72005","","Aguadilla Municipio","DifferenceRelativeToBaseDate2006_Max_Temperature_RCP85","2083-02","NASA_NEXGDDP_Subnational_AggrDiffStats","https://www.nccs.nasa.gov/services/data-collections/land-based-products/nex-gddp","","Celsius","C",6.185118,"Difference in Maximum Temperature Relative to the Base Date 2006 for RCP 8.5 Scenario"
"geoId/72005","","Aguadilla Municipio","DifferenceRelativeToBaseDate2006_Max_Temperature_RCP85","2083-03","NASA_NEXGDDP_Subnational_AggrDiffStats","https://www.nccs.nasa.gov/services/data-collections/land-based-products/nex-gddp","","Celsius","C",5.061918,"Difference in Maximum Temperature Relative to the Base Date 2006 for RCP 8.5 Scenario"
"geoId/72005","","Aguadilla Municipio","DifferenceRelativeToBaseDate2006_Max_Temperature_RCP85","2083-04","NASA_NEXGDDP_Subnational_AggrDiffStats","https://www.nccs.nasa.gov/services/data-collections/land-based-products/nex-gddp","","Celsius","C",4.8338,"Difference in Maximum Temperature Relative to the Base Date 2006 for RCP 8.5 Scenario"
"geoId/72005","","Aguadilla Municipio","DifferenceRelativeToBaseDate2006_Max_Temperature_RCP85","2083-05","NASA_NEXGDDP_Subnational_AggrDiffStats","https://www.nccs.nasa.gov/services/data-collections/land-based-products/nex-gddp","","Celsius","C",3.319,"Difference in Maximum Temperature Relative to the Base Date 2006 for RCP 8.5 Scenario"
"geoId/72005","","Aguadilla Municipio","DifferenceRelativeToBaseDate2006_Max_Temperature_RCP85","2083-06","NASA_NEXGDDP_Subnational_AggrDiffStats","https://www.nccs.nasa.gov/services/data-collections/land-based-products/nex-gddp","","Celsius","C",4.058686,"Difference in Maximum Temperature Relative to the Base Date 2006 for RCP 8.5 Scenario"
"geoId/72005","","Aguadilla Municipio","DifferenceRelativeToBaseDate2006_Max_Temperature_RCP85","2083-07","NASA_NEXGDDP_Subnational_AggrDiffStats","https://www.nccs.nasa.gov/services/data-collections/land-based-products/nex-gddp","","Celsius","C",3.130127,"Difference in Maximum Temperature Relative to the Base Date 2006 for RCP 8.5 Scenario"
"geoId/72005","","Aguadilla Municipio","DifferenceRelativeToBaseDate2006_Max_Temperature_RCP85","2083-08","NASA_NEXGDDP_Subnational_AggrDiffStats","https://www.nccs.nasa.gov/services/data-collections/land-based-products/nex-gddp","","Celsius","C",3.984405,"Difference in Maximum Temperature Relative to the Base Date 2006 for RCP 8.5 Scenario"
"geoId/72005","","Aguadilla Municipio","DifferenceRelativeToBaseDate2006_Max_Temperature_RCP85","2083-09","NASA_NEXGDDP_Subnational_AggrDiffStats","https://www.nccs.nasa.gov/services/data-collections/land-based-products/nex-gddp","","Celsius","C",4.412811,"Difference in Maximum Temperature Relative to the Base Date 2006 for RCP 8.5 Scenario"
"geoId/72005","","Aguadilla Municipio","DifferenceRelativeToBaseDate2006_Max_Temperature_RCP85","2083-10","NASA_NEXGDDP_Subnational_AggrDiffStats","https://www.nccs.nasa.gov/services/data-collections/land-based-products/nex-gddp","","Celsius","C",3.866973,"Difference in Maximum Temperature Relative to the Base Date 2006 for RCP 8.5 Scenario"
"geoId/72005","","Aguadilla Municipio","DifferenceRelativeToBaseDate2006_Max_Temperature_RCP85","2083-11","NASA_NEXGDDP_Subnational_AggrDiffStats","https://www.nccs.nasa.gov/services/data-collections/land-based-products/nex-gddp","","Celsius","C",5.789427,"Difference in Maximum Temperature Relative to the Base Date 2006 for RCP 8.5 Scenario"
"geoId/72005","","Aguadilla Municipio","DifferenceRelativeToBaseDate2006_Max_Temperature_RCP85","2083-12","NASA_NEXGDDP_Subnational_AggrDiffStats","https://www.nccs.nasa.gov/services/data-collections/land-based-products/nex-gddp","","Celsius","C",3.044523,"Difference in Maximum Temperature Relative to the Base Date 2006 for RCP 8.5 Scenario"
"geoId/72005","","Aguadilla Municipio","DifferenceRelativeToBaseDate2006_Max_Temperature_RCP85","2084-01","NASA_NEXGDDP_Subnational_AggrDiffStats","https://www.nccs.nasa.gov/services/data-collections/land-based-products/nex-gddp","","Celsius","C",3.859831,"Difference in Maximum Temperature Relative to the Base Date 2006 for RCP 8.5 Scenario"
"geoId/72005","","Aguadilla Municipio","DifferenceRelativeToBaseDate2006_Max_Temperature_RCP85","2084-02","NASA_NEXGDDP_Subnational_AggrDiffStats","https://www.nccs.nasa.gov/services/data-collections/land-based-products/nex-gddp","","Celsius","C",3.990599,"Difference in Maximum Temperature Relative to the Base Date 2006 for RCP 8.5 Scenario"
"geoId/72005","","Aguadilla Municipio","DifferenceRelativeToBaseDate2006_Max_Temperature_RCP85","2084-03","NASA_NEXGDDP_Subnational_AggrDiffStats","https://www.nccs.nasa.gov/services/data-collections/land-based-products/nex-gddp","","Celsius","C",4.90759,"Difference in Maximum Temperature Relative to the Base Date 2006 for RCP 8.5 Scenario"
"geoId/72005","","Aguadilla Municipio","DifferenceRelativeToBaseDate2006_Max_Temperature_RCP85","2084-04","NASA_NEXGDDP_Subnational_AggrDiffStats","https://www.nccs.nasa.gov/services/data-collections/land-based-products/nex-gddp","","Celsius","C",4.602202,"Difference in Maximum Temperature Relative to the Base Date 2006 for RCP 8.5 Scenario"
"geoId/72005","","Aguadilla Municipio","DifferenceRelativeToBaseDate2006_Max_Temperature_RCP85","2084-05","NASA_NEXGDDP_Subnational_AggrDiffStats","https://www.nccs.nasa.gov/services/data-collections/land-based-products/nex-gddp","","Celsius","C",3.768859,"Difference in Maximum Temperature Relative to the Base Date 2006 for RCP 8.5 Scenario"
"geoId/72005","","Aguadilla Municipio","DifferenceRelativeToBaseDate2006_Max_Temperature_RCP85","2084-06","NASA_NEXGDDP_Subnational_AggrDiffStats","https://www.nccs.nasa.gov/services/data-collections/land-based-products/nex-gddp","","Celsius","C",2.939545,"Difference in Maximum Temperature Relative to the Base Date 2006 for RCP 8.5 Scenario"
"geoId/72005","","Aguadilla Municipio","DifferenceRelativeToBaseDate2006_Max_Temperature_RCP85","2084-07","NASA_NEXGDDP_Subnational_AggrDiffStats","https://www.nccs.nasa.gov/services/data-collections/land-based-products/nex-gddp","","Celsius","C",2.455506,"Difference in Maximum Temperature Relative to the Base Date 2006 for RCP 8.5 Scenario"
"geoId/72005","","Aguadilla Municipio","DifferenceRelativeToBaseDate2006_Max_Temperature_RCP85","2084-08","NASA_NEXGDDP_Subnational_AggrDiffStats","https://www.nccs.nasa.gov/services/data-collections/land-based-products/nex-gddp","","Celsius","C",3.005279,"Difference in Maximum Temperature Relative to the Base Date 2006 for RCP 8.5 Scenario"
"geoId/72005","","Aguadilla Municipio","DifferenceRelativeToBaseDate2006_Max_Temperature_RCP85","2084-09","NASA_NEXGDDP_Subnational_AggrDiffStats","https://www.nccs.nasa.gov/services/data-collections/land-based-products/nex-gddp","","Celsius","C",3.617065,"Difference in Maximum Temperature Relative to the Base Date 2006 for RCP 8.5 Scenario"
"geoId/72005","","Aguadilla Municipio","DifferenceRelativeToBaseDate2006_Max_Temperature_RCP85","2084-10","NASA_NEXGDDP_Subnational_AggrDiffStats","https://www.nccs.nasa.gov/services/data-collections/land-based-products/nex-gddp","","Celsius","C",3.199707,"Difference in Maximum Temperature Relative to the Base Date 2006 for RCP 8.5 Scenario"
"geoId/72005","","Aguadilla Municipio","DifferenceRelativeToBaseDate2006_Max_Temperature_RCP85","2084-11","NASA_NEXGDDP_Subnational_AggrDiffStats","https://www.nccs.nasa.gov/services/data-collections/land-based-products/nex-gddp","","Celsius","C",2.86624,"Difference in Maximum Temperature Relative to the Base Date 2006 for RCP 8.5 Scenario"
"geoId/72005","","Aguadilla Municipio","DifferenceRelativeToBaseDate2006_Max_Temperature_RCP85","2084-12","NASA_NEXGDDP_Subnational_AggrDiffStats","https://www.nccs.nasa.gov/services/data-collections/land-based-products/nex-gddp","","Celsius","C",2.661375,"Difference in Maximum Temperature Relative to the Base Date 2006 for RCP 8.5 Scenario"
"geoId/72005","","Aguadilla Municipio","DifferenceRelativeToBaseDate2006_Max_Temperature_RCP85","2085-01","NASA_NEXGDDP_Subnational_AggrDiffStats","https://www.nccs.nasa.gov/services/data-collections/land-based-products/nex-gddp","","Celsius","C",2.882017,"Difference in Maximum Temperature Relative to the Base Date 2006 for RCP 8.5 Scenario"
"geoId/72005","","Aguadilla Municipio","DifferenceRelativeToBaseDate2006_Max_Temperature_RCP85","2085-02","NASA_NEXGDDP_Subnational_AggrDiffStats","https://www.nccs.nasa.gov/services/data-collections/land-based-products/nex-gddp","","Celsius","C",5.583555,"Difference in Maximum Temperature Relative to the Base Date 2006 for RCP 8.5 Scenario"
"geoId/72005","","Aguadilla Municipio","DifferenceRelativeToBaseDate2006_Max_Temperature_RCP85","2085-03","NASA_NEXGDDP_Subnational_AggrDiffStats","https://www.nccs.nasa.gov/services/data-collections/land-based-products/nex-gddp","","Celsius","C",3.026456,"Difference in Maximum Temperature Relative to the Base Date 2006 for RCP 8.5 Scenario"
"geoId/72005","","Aguadilla Municipio","DifferenceRelativeToBaseDate2006_Max_Temperature_RCP85","2085-04","NASA_NEXGDDP_Subnational_AggrDiffStats","https://www.nccs.nasa.gov/services/data-collections/land-based-products/nex-gddp","","Celsius","C",3.813902,"Difference in Maximum Temperature Relative to the Base Date 2006 for RCP 8.5 Scenario"
"geoId/72005","","Aguadilla Municipio","DifferenceRelativeToBaseDate2006_Max_Temperature_RCP85","2085-05","NASA_NEXGDDP_Subnational_AggrDiffStats","https://www.nccs.nasa.gov/services/data-collections/land-based-products/nex-gddp","","Celsius","C",3.85498,"Difference in Maximum Temperature Relative to the Base Date 2006 for RCP 8.5 Scenario"
"geoId/72005","","Aguadilla Municipio","DifferenceRelativeToBaseDate2006_Max_Temperature_RCP85","2085-06","NASA_NEXGDDP_Subnational_AggrDiffStats","https://www.nccs.nasa.gov/services/data-collections/land-based-products/nex-gddp","","Celsius","C",2.875458,"Difference in Maximum Temperature Relative to the Base Date 2006 for RCP 8.5 Scenario"
"geoId/72005","","Aguadilla Municipio","DifferenceRelativeToBaseDate2006_Max_Temperature_RCP85","2085-07","NASA_NEXGDDP_Subnational_AggrDiffStats","https://www.nccs.nasa.gov/services/data-collections/land-based-products/nex-gddp","","Celsius","C",2.441102,"Difference in Maximum Temperature Relative to the Base Date 2006 for RCP 8.5 Scenario"
"geoId/72005","","Aguadilla Municipio","DifferenceRelativeToBaseDate2006_Max_Temperature_RCP85","2085-08","NASA_NEXGDDP_Subnational_AggrDiffStats","https://www.nccs.nasa.gov/services/data-collections/land-based-products/nex-gddp","","Celsius","C",3.572266,"Difference in Maximum Temperature Relative to the Base Date 2006 for RCP 8.5 Scenario"
"geoId/72005","","Aguadilla Municipio","DifferenceRelativeToBaseDate2006_Max_Temperature_RCP85","2085-09","NASA_NEXGDDP_Subnational_AggrDiffStats","https://www.nccs.nasa.gov/services/data-collections/land-based-products/nex-gddp","","Celsius","C",3.252441,"Difference in Maximum Temperature Relative to the Base Date 2006 for RCP 8.5 Scenario"
"geoId/72005","","Aguadilla Municipio","DifferenceRelativeToBaseDate2006_Max_Temperature_RCP85","2085-10","NASA_NEXGDDP_Subnational_AggrDiffStats","https://www.nccs.nasa.gov/services/data-collections/land-based-products/nex-gddp","","Celsius","C",2.883087,"Difference in Maximum Temperature Relative to the Base Date 2006 for RCP 8.5 Scenario"
"geoId/72005","","Aguadilla Municipio","DifferenceRelativeToBaseDate2006_Max_Temperature_RCP85","2085-11","NASA_NEXGDDP_Subnational_AggrDiffStats","https://www.nccs.nasa.gov/services/data-collections/land-based-products/nex-gddp","","Celsius","C",3.352599,"Difference in Maximum Temperature Relative to the Base Date 2006 for RCP 8.5 Scenario"
"geoId/72005","","Aguadilla Municipio","DifferenceRelativeToBaseDate2006_Max_Temperature_RCP85","2085-12","NASA_NEXGDDP_Subnational_AggrDiffStats","https://www.nccs.nasa.gov/services/data-collections/land-based-products/nex-gddp","","Celsius","C",3.134641,"Difference in Maximum Temperature Relative to the Base Date 2006 for RCP 8.5 Scenario"
"geoId/72005","","Aguadilla Municipio","DifferenceRelativeToBaseDate2006_Max_Temperature_RCP85","2086-01","NASA_NEXGDDP_Subnational_AggrDiffStats","https://www.nccs.nasa.gov/services/data-collections/land-based-products/nex-gddp","","Celsius","C",3.915342,"Difference in Maximum Temperature Relative to the Base Date 2006 for RCP 8.5 Scenario"
"geoId/72005","","Aguadilla Municipio","DifferenceRelativeToBaseDate2006_Max_Temperature_RCP85","2086-02","NASA_NEXGDDP_Subnational_AggrDiffStats","https://www.nccs.nasa.gov/services/data-collections/land-based-products/nex-gddp","","Celsius","C",3.678038,"Difference in Maximum Temperature Relative to the Base Date 2006 for RCP 8.5 Scenario"
"geoId/72005","","Aguadilla Municipio","DifferenceRelativeToBaseDate2006_Max_Temperature_RCP85","2086-03","NASA_NEXGDDP_Subnational_AggrDiffStats","https://www.nccs.nasa.gov/services/data-collections/land-based-products/nex-gddp","","Celsius","C",3.920133,"Difference in Maximum Temperature Relative to the Base Date 2006 for RCP 8.5 Scenario"
"geoId/72005","","Aguadilla Municipio","DifferenceRelativeToBaseDate2006_Max_Temperature_RCP85","2086-04","NASA_NEXGDDP_Subnational_AggrDiffStats","https://www.nccs.nasa.gov/services/data-collections/land-based-products/nex-gddp","","Celsius","C",4.015349,"Difference in Maximum Temperature Relative to the Base Date 2006 for RCP 8.5 Scenario"
"geoId/72005","","Aguadilla Municipio","DifferenceRelativeToBaseDate2006_Max_Temperature_RCP85","2086-05","NASA_NEXGDDP_Subnational_AggrDiffStats","https://www.nccs.nasa.gov/services/data-collections/land-based-products/nex-gddp","","Celsius","C",3.208343,"Difference in Maximum Temperature Relative to the Base Date 2006 for RCP 8.5 Scenario"
"geoId/72005","","Aguadilla Municipio","DifferenceRelativeToBaseDate2006_Max_Temperature_RCP85","2086-06","NASA_NEXGDDP_Subnational_AggrDiffStats","https://www.nccs.nasa.gov/services/data-collections/land-based-products/nex-gddp","","Celsius","C",2.29101600000001,"Difference in Maximum Temperature Relative to the Base Date 2006 for RCP 8.5 Scenario"
"geoId/72005","","Aguadilla Municipio","DifferenceRelativeToBaseDate2006_Max_Temperature_RCP85","2086-07","NASA_NEXGDDP_Subnational_AggrDiffStats","https://www.nccs.nasa.gov/services/data-collections/land-based-products/nex-gddp","","Celsius","C",1.496125,"Difference in Maximum Temperature Relative to the Base Date 2006 for RCP 8.5 Scenario"
"geoId/72005","","Aguadilla Municipio","DifferenceRelativeToBaseDate2006_Max_Temperature_RCP85","2086-08","NASA_NEXGDDP_Subnational_AggrDiffStats","https://www.nccs.nasa.gov/services/data-collections/land-based-products/nex-gddp","","Celsius","C",2.283844,"Difference in Maximum Temperature Relative to the Base Date 2006 for RCP 8.5 Scenario"
"geoId/72005","","Aguadilla Municipio","DifferenceRelativeToBaseDate2006_Max_Temperature_RCP85","2086-09","NASA_NEXGDDP_Subnational_AggrDiffStats","https://www.nccs.nasa.gov/services/data-collections/land-based-products/nex-gddp","","Celsius","C",3.153167,"Difference in Maximum Temperature Relative to the Base Date 2006 for RCP 8.5 Scenario"
"geoId/72005","","Aguadilla Municipio","DifferenceRelativeToBaseDate2006_Max_Temperature_RCP85","2086-10","NASA_NEXGDDP_Subnational_AggrDiffStats","https://www.nccs.nasa.gov/services/data-collections/land-based-products/nex-gddp","","Celsius","C",3.37738,"Difference in Maximum Temperature Relative to the Base Date 2006 for RCP 8.5 Scenario"
"geoId/72005","","Aguadilla Municipio","DifferenceRelativeToBaseDate2006_Max_Temperature_RCP85","2086-11","NASA_NEXGDDP_Subnational_AggrDiffStats","https://www.nccs.nasa.gov/services/data-collections/land-based-products/nex-gddp","","Celsius","C",4.177611,"Difference in Maximum Temperature Relative to the Base Date 2006 for RCP 8.5 Scenario"
"geoId/72005","","Aguadilla Municipio","DifferenceRelativeToBaseDate2006_Max_Temperature_RCP85","2086-12","NASA_NEXGDDP_Subnational_AggrDiffStats","https://www.nccs.nasa.gov/services/data-collections/land-based-products/nex-gddp","","Celsius","C",0.917905000000001,"Difference in Maximum Temperature Relative to the Base Date 2006 for RCP 8.5 Scenario"
"geoId/72005","","Aguadilla Municipio","DifferenceRelativeToBaseDate2006_Max_Temperature_RCP85","2087-01","NASA_NEXGDDP_Subnational_AggrDiffStats","https://www.nccs.nasa.gov/services/data-collections/land-based-products/nex-gddp","","Celsius","C",4.435758,"Difference in Maximum Temperature Relative to the Base Date 2006 for RCP 8.5 Scenario"
"geoId/72005","","Aguadilla Municipio","DifferenceRelativeToBaseDate2006_Max_Temperature_RCP85","2087-02","NASA_NEXGDDP_Subnational_AggrDiffStats","https://www.nccs.nasa.gov/services/data-collections/land-based-products/nex-gddp","","Celsius","C",2.525023,"Difference in Maximum Temperature Relative to the Base Date 2006 for RCP 8.5 Scenario"
"geoId/72005","","Aguadilla Municipio","DifferenceRelativeToBaseDate2006_Max_Temperature_RCP85","2087-03","NASA_NEXGDDP_Subnational_AggrDiffStats","https://www.nccs.nasa.gov/services/data-collections/land-based-products/nex-gddp","","Celsius","C",2.274259,"Difference in Maximum Temperature Relative to the Base Date 2006 for RCP 8.5 Scenario"
"geoId/72005","","Aguadilla Municipio","DifferenceRelativeToBaseDate2006_Max_Temperature_RCP85","2087-04","NASA_NEXGDDP_Subnational_AggrDiffStats","https://www.nccs.nasa.gov/services/data-collections/land-based-products/nex-gddp","","Celsius","C",5.408293,"Difference in Maximum Temperature Relative to the Base Date 2006 for RCP 8.5 Scenario"
"geoId/72005","","Aguadilla Municipio","DifferenceRelativeToBaseDate2006_Max_Temperature_RCP85","2087-05","NASA_NEXGDDP_Subnational_AggrDiffStats","https://www.nccs.nasa.gov/services/data-collections/land-based-products/nex-gddp","","Celsius","C",4.628234,"Difference in Maximum Temperature Relative to the Base Date 2006 for RCP 8.5 Scenario"
"geoId/72005","","Aguadilla Municipio","DifferenceRelativeToBaseDate2006_Max_Temperature_RCP85","2087-06","NASA_NEXGDDP_Subnational_AggrDiffStats","https://www.nccs.nasa.gov/services/data-collections/land-based-products/nex-gddp","","Celsius","C",3.653199,"Difference in Maximum Temperature Relative to the Base Date 2006 for RCP 8.5 Scenario"
"geoId/72005","","Aguadilla Municipio","DifferenceRelativeToBaseDate2006_Max_Temperature_RCP85","2087-07","NASA_NEXGDDP_Subnational_AggrDiffStats","https://www.nccs.nasa.gov/services/data-collections/land-based-products/nex-gddp","","Celsius","C",2.934998,"Difference in Maximum Temperature Relative to the Base Date 2006 for RCP 8.5 Scenario"
"geoId/72005","","Aguadilla Municipio","DifferenceRelativeToBaseDate2006_Max_Temperature_RCP85","2087-08","NASA_NEXGDDP_Subnational_AggrDiffStats","https://www.nccs.nasa.gov/services/data-collections/land-based-products/nex-gddp","","Celsius","C",3.759582,"Difference in Maximum Temperature Relative to the Base Date 2006 for RCP 8.5 Scenario"
"geoId/72005","","Aguadilla Municipio","DifferenceRelativeToBaseDate2006_Max_Temperature_RCP85","2087-09","NASA_NEXGDDP_Subnational_AggrDiffStats","https://www.nccs.nasa.gov/services/data-collections/land-based-products/nex-gddp","","Celsius","C",5.137817,"Difference in Maximum Temperature Relative to the Base Date 2006 for RCP 8.5 Scenario"
"geoId/72005","","Aguadilla Municipio","DifferenceRelativeToBaseDate2006_Max_Temperature_RCP85","2087-10","NASA_NEXGDDP_Subnational_AggrDiffStats","https://www.nccs.nasa.gov/services/data-collections/land-based-products/nex-gddp","","Celsius","C",4.625885,"Difference in Maximum Temperature Relative to the Base Date 2006 for RCP 8.5 Scenario"
"geoId/72005","","Aguadilla Municipio","DifferenceRelativeToBaseDate2006_Max_Temperature_RCP85","2087-11","NASA_NEXGDDP_Subnational_AggrDiffStats","https://www.nccs.nasa.gov/services/data-collections/land-based-products/nex-gddp","","Celsius","C",4.302031,"Difference in Maximum Temperature Relative to the Base Date 2006 for RCP 8.5 Scenario"
"geoId/72005","","Aguadilla Municipio","DifferenceRelativeToBaseDate2006_Max_Temperature_RCP85","2087-12","NASA_NEXGDDP_Subnational_AggrDiffStats","https://www.nccs.nasa.gov/services/data-collections/land-based-products/nex-gddp","","Celsius","C",3.361295,"Difference in Maximum Temperature Relative to the Base Date 2006 for RCP 8.5 Scenario"
"geoId/72005","","Aguadilla Municipio","DifferenceRelativeToBaseDate2006_Max_Temperature_RCP85","2088-01","NASA_NEXGDDP_Subnational_AggrDiffStats","https://www.nccs.nasa.gov/services/data-collections/land-based-products/nex-gddp","","Celsius","C",4.059385,"Difference in Maximum Temperature Relative to the Base Date 2006 for RCP 8.5 Scenario"
"geoId/72005","","Aguadilla Municipio","DifferenceRelativeToBaseDate2006_Max_Temperature_RCP85","2088-02","NASA_NEXGDDP_Subnational_AggrDiffStats","https://www.nccs.nasa.gov/services/data-collections/land-based-products/nex-gddp","","Celsius","C",4.793394,"Difference in Maximum Temperature Relative to the Base Date 2006 for RCP 8.5 Scenario"
"geoId/72005","","Aguadilla Municipio","DifferenceRelativeToBaseDate2006_Max_Temperature_RCP85","2088-03","NASA_NEXGDDP_Subnational_AggrDiffStats","https://www.nccs.nasa.gov/services/data-collections/land-based-products/nex-gddp","","Celsius","C",5.156126,"Difference in Maximum Temperature Relative to the Base Date 2006 for RCP 8.5 Scenario"
"geoId/72005","","Aguadilla Municipio","DifferenceRelativeToBaseDate2006_Max_Temperature_RCP85","2088-04","NASA_NEXGDDP_Subnational_AggrDiffStats","https://www.nccs.nasa.gov/services/data-collections/land-based-products/nex-gddp","","Celsius","C",3.605833,"Difference in Maximum Temperature Relative to the Base Date 2006 for RCP 8.5 Scenario"
"geoId/72005","","Aguadilla Municipio","DifferenceRelativeToBaseDate2006_Max_Temperature_RCP85","2088-05","NASA_NEXGDDP_Subnational_AggrDiffStats","https://www.nccs.nasa.gov/services/data-collections/land-based-products/nex-gddp","","Celsius","C",3.035522,"Difference in Maximum Temperature Relative to the Base Date 2006 for RCP 8.5 Scenario"
"geoId/72005","","Aguadilla Municipio","DifferenceRelativeToBaseDate2006_Max_Temperature_RCP85","2088-06","NASA_NEXGDDP_Subnational_AggrDiffStats","https://www.nccs.nasa.gov/services/data-collections/land-based-products/nex-gddp","","Celsius","C",2.401917,"Difference in Maximum Temperature Relative to the Base Date 2006 for RCP 8.5 Scenario"
"geoId/72005","","Aguadilla Municipio","DifferenceRelativeToBaseDate2006_Max_Temperature_RCP85","2088-07","NASA_NEXGDDP_Subnational_AggrDiffStats","https://www.nccs.nasa.gov/services/data-collections/land-based-products/nex-gddp","","Celsius","C",2.31424000000001,"Difference in Maximum Temperature Relative to the Base Date 2006 for RCP 8.5 Scenario"
"geoId/72005","","Aguadilla Municipio","DifferenceRelativeToBaseDate2006_Max_Temperature_RCP85","2088-08","NASA_NEXGDDP_Subnational_AggrDiffStats","https://www.nccs.nasa.gov/services/data-collections/land-based-products/nex-gddp","","Celsius","C",3.503754,"Difference in Maximum Temperature Relative to the Base Date 2006 for RCP 8.5 Scenario"
"geoId/72005","","Aguadilla Municipio","DifferenceRelativeToBaseDate2006_Max_Temperature_RCP85","2088-09","NASA_NEXGDDP_Subnational_AggrDiffStats","https://www.nccs.nasa.gov/services/data-collections/land-based-products/nex-gddp","","Celsius","C",4.210388,"Difference in Maximum Temperature Relative to the Base Date 2006 for RCP 8.5 Scenario"
"geoId/72005","","Aguadilla Municipio","DifferenceRelativeToBaseDate2006_Max_Temperature_RCP85","2088-10","NASA_NEXGDDP_Subnational_AggrDiffStats","https://www.nccs.nasa.gov/services/data-collections/land-based-products/nex-gddp","","Celsius","C",2.569732,"Difference in Maximum Temperature Relative to the Base Date 2006 for RCP 8.5 Scenario"
"geoId/72005","","Aguadilla Municipio","DifferenceRelativeToBaseDate2006_Max_Temperature_RCP85","2088-11","NASA_NEXGDDP_Subnational_AggrDiffStats","https://www.nccs.nasa.gov/services/data-collections/land-based-products/nex-gddp","","Celsius","C",2.060057,"Difference in Maximum Temperature Relative to the Base Date 2006 for RCP 8.5 Scenario"
"geoId/72005","","Aguadilla Municipio","DifferenceRelativeToBaseDate2006_Max_Temperature_RCP85","2088-12","NASA_NEXGDDP_Subnational_AggrDiffStats","https://www.nccs.nasa.gov/services/data-collections/land-based-products/nex-gddp","","Celsius","C",0.734799999999996,"Difference in Maximum Temperature Relative to the Base Date 2006 for RCP 8.5 Scenario"
"geoId/72005","","Aguadilla Municipio","DifferenceRelativeToBaseDate2006_Max_Temperature_RCP85","2089-01","NASA_NEXGDDP_Subnational_AggrDiffStats","https://www.nccs.nasa.gov/services/data-collections/land-based-products/nex-gddp","","Celsius","C",1.315857,"Difference in Maximum Temperature Relative to the Base Date 2006 for RCP 8.5 Scenario"
"geoId/72005","","Aguadilla Municipio","DifferenceRelativeToBaseDate2006_Max_Temperature_RCP85","2089-02","NASA_NEXGDDP_Subnational_AggrDiffStats","https://www.nccs.nasa.gov/services/data-collections/land-based-products/nex-gddp","","Celsius","C",2.620146,"Difference in Maximum Temperature Relative to the Base Date 2006 for RCP 8.5 Scenario"
"geoId/72005","","Aguadilla Municipio","DifferenceRelativeToBaseDate2006_Max_Temperature_RCP85","2089-03","NASA_NEXGDDP_Subnational_AggrDiffStats","https://www.nccs.nasa.gov/services/data-collections/land-based-products/nex-gddp","","Celsius","C",1.422239,"Difference in Maximum Temperature Relative to the Base Date 2006 for RCP 8.5 Scenario"
"geoId/72005","","Aguadilla Municipio","DifferenceRelativeToBaseDate2006_Max_Temperature_RCP85","2089-04","NASA_NEXGDDP_Subnational_AggrDiffStats","https://www.nccs.nasa.gov/services/data-collections/land-based-products/nex-gddp","","Celsius","C",3.002928,"Difference in Maximum Temperature Relative to the Base Date 2006 for RCP 8.5 Scenario"
"geoId/72005","","Aguadilla Municipio","DifferenceRelativeToBaseDate2006_Max_Temperature_RCP85","2089-05","NASA_NEXGDDP_Subnational_AggrDiffStats","https://www.nccs.nasa.gov/services/data-collections/land-based-products/nex-gddp","","Celsius","C",2.129455,"Difference in Maximum Temperature Relative to the Base Date 2006 for RCP 8.5 Scenario"
"geoId/72005","","Aguadilla Municipio","DifferenceRelativeToBaseDate2006_Max_Temperature_RCP85","2089-06","NASA_NEXGDDP_Subnational_AggrDiffStats","https://www.nccs.nasa.gov/services/data-collections/land-based-products/nex-gddp","","Celsius","C",2.244995,"Difference in Maximum Temperature Relative to the Base Date 2006 for RCP 8.5 Scenario"
"geoId/72005","","Aguadilla Municipio","DifferenceRelativeToBaseDate2006_Max_Temperature_RCP85","2089-07","NASA_NEXGDDP_Subnational_AggrDiffStats","https://www.nccs.nasa.gov/services/data-collections/land-based-products/nex-gddp","","Celsius","C",2.09042400000001,"Difference in Maximum Temperature Relative to the Base Date 2006 for RCP 8.5 Scenario"
"geoId/72005","","Aguadilla Municipio","DifferenceRelativeToBaseDate2006_Max_Temperature_RCP85","2089-08","NASA_NEXGDDP_Subnational_AggrDiffStats","https://www.nccs.nasa.gov/services/data-collections/land-based-products/nex-gddp","","Celsius","C",2.700745,"Difference in Maximum Temperature Relative to the Base Date 2006 for RCP 8.5 Scenario"
"geoId/72005","","Aguadilla Municipio","DifferenceRelativeToBaseDate2006_Max_Temperature_RCP85","2089-09","NASA_NEXGDDP_Subnational_AggrDiffStats","https://www.nccs.nasa.gov/services/data-collections/land-based-products/nex-gddp","","Celsius","C",2.792144,"Difference in Maximum Temperature Relative to the Base Date 2006 for RCP 8.5 Scenario"
"geoId/72005","","Aguadilla Municipio","DifferenceRelativeToBaseDate2006_Max_Temperature_RCP85","2089-10","NASA_NEXGDDP_Subnational_AggrDiffStats","https://www.nccs.nasa.gov/services/data-collections/land-based-products/nex-gddp","","Celsius","C",3.179809,"Difference in Maximum Temperature Relative to the Base Date 2006 for RCP 8.5 Scenario"
"geoId/72005","","Aguadilla Municipio","DifferenceRelativeToBaseDate2006_Max_Temperature_RCP85","2089-11","NASA_NEXGDDP_Subnational_AggrDiffStats","https://www.nccs.nasa.gov/services/data-collections/land-based-products/nex-gddp","","Celsius","C",4.140959,"Difference in Maximum Temperature Relative to the Base Date 2006 for RCP 8.5 Scenario"
"geoId/72005","","Aguadilla Municipio","DifferenceRelativeToBaseDate2006_Max_Temperature_RCP85","2089-12","NASA_NEXGDDP_Subnational_AggrDiffStats","https://www.nccs.nasa.gov/services/data-collections/land-based-products/nex-gddp","","Celsius","C",2.308164,"Difference in Maximum Temperature Relative to the Base Date 2006 for RCP 8.5 Scenario"
"geoId/72005","","Aguadilla Municipio","DifferenceRelativeToBaseDate2006_Max_Temperature_RCP85","2090-01","NASA_NEXGDDP_Subnational_AggrDiffStats","https://www.nccs.nasa.gov/services/data-collections/land-based-products/nex-gddp","","Celsius","C",3.076139,"Difference in Maximum Temperature Relative to the Base Date 2006 for RCP 8.5 Scenario"
"geoId/72005","","Aguadilla Municipio","DifferenceRelativeToBaseDate2006_Max_Temperature_RCP85","2090-02","NASA_NEXGDDP_Subnational_AggrDiffStats","https://www.nccs.nasa.gov/services/data-collections/land-based-products/nex-gddp","","Celsius","C",4.234068,"Difference in Maximum Temperature Relative to the Base Date 2006 for RCP 8.5 Scenario"
"geoId/72005","","Aguadilla Municipio","DifferenceRelativeToBaseDate2006_Max_Temperature_RCP85","2090-03","NASA_NEXGDDP_Subnational_AggrDiffStats","https://www.nccs.nasa.gov/services/data-collections/land-based-products/nex-gddp","","Celsius","C",4.80676,"Difference in Maximum Temperature Relative to the Base Date 2006 for RCP 8.5 Scenario"
"geoId/72005","","Aguadilla Municipio","DifferenceRelativeToBaseDate2006_Max_Temperature_RCP85","2090-04","NASA_NEXGDDP_Subnational_AggrDiffStats","https://www.nccs.nasa.gov/services/data-collections/land-based-products/nex-gddp","","Celsius","C",7.391539,"Difference in Maximum Temperature Relative to the Base Date 2006 for RCP 8.5 Scenario"
"geoId/72005","","Aguadilla Municipio","DifferenceRelativeToBaseDate2006_Max_Temperature_RCP85","2090-05","NASA_NEXGDDP_Subnational_AggrDiffStats","https://www.nccs.nasa.gov/services/data-collections/land-based-products/nex-gddp","","Celsius","C",4.588195,"Difference in Maximum Temperature Relative to the Base Date 2006 for RCP 8.5 Scenario"
"geoId/72005","","Aguadilla Municipio","DifferenceRelativeToBaseDate2006_Max_Temperature_RCP85","2090-06","NASA_NEXGDDP_Subnational_AggrDiffStats","https://www.nccs.nasa.gov/services/data-collections/land-based-products/nex-gddp","","Celsius","C",4.357422,"Difference in Maximum Temperature Relative to the Base Date 2006 for RCP 8.5 Scenario"
"geoId/72005","","Aguadilla Municipio","DifferenceRelativeToBaseDate2006_Max_Temperature_RCP85","2090-07","NASA_NEXGDDP_Subnational_AggrDiffStats","https://www.nccs.nasa.gov/services/data-collections/land-based-products/nex-gddp","","Celsius","C",3.3844,"Difference in Maximum Temperature Relative to the Base Date 2006 for RCP 8.5 Scenario"
"geoId/72005","","Aguadilla Municipio","DifferenceRelativeToBaseDate2006_Max_Temperature_RCP85","2090-08","NASA_NEXGDDP_Subnational_AggrDiffStats","https://www.nccs.nasa.gov/services/data-collections/land-based-products/nex-gddp","","Celsius","C",4.208466,"Difference in Maximum Temperature Relative to the Base Date 2006 for RCP 8.5 Scenario"
"geoId/72005","","Aguadilla Municipio","DifferenceRelativeToBaseDate2006_Max_Temperature_RCP85","2090-09","NASA_NEXGDDP_Subnational_AggrDiffStats","https://www.nccs.nasa.gov/services/data-collections/land-based-products/nex-gddp","","Celsius","C",4.604004,"Difference in Maximum Temperature Relative to the Base Date 2006 for RCP 8.5 Scenario"
"geoId/72005","","Aguadilla Municipio","DifferenceRelativeToBaseDate2006_Max_Temperature_RCP85","2090-10","NASA_NEXGDDP_Subnational_AggrDiffStats","https://www.nccs.nasa.gov/services/data-collections/land-based-products/nex-gddp","","Celsius","C",5.48706,"Difference in Maximum Temperature Relative to the Base Date 2006 for RCP 8.5 Scenario"
"geoId/72005","","Aguadilla Municipio","DifferenceRelativeToBaseDate2006_Max_Temperature_RCP85","2090-11","NASA_NEXGDDP_Subnational_AggrDiffStats","https://www.nccs.nasa.gov/services/data-collections/land-based-products/nex-gddp","","Celsius","C",4.425749,"Difference in Maximum Temperature Relative to the Base Date 2006 for RCP 8.5 Scenario"
"geoId/72005","","Aguadilla Municipio","DifferenceRelativeToBaseDate2006_Max_Temperature_RCP85","2090-12","NASA_NEXGDDP_Subnational_AggrDiffStats","https://www.nccs.nasa.gov/services/data-collections/land-based-products/nex-gddp","","Celsius","C",2.551023,"Difference in Maximum Temperature Relative to the Base Date 2006 for RCP 8.5 Scenario"
"geoId/72005","","Aguadilla Municipio","DifferenceRelativeToBaseDate2006_Max_Temperature_RCP85","2091-01","NASA_NEXGDDP_Subnational_AggrDiffStats","https://www.nccs.nasa.gov/services/data-collections/land-based-products/nex-gddp","","Celsius","C",2.739286,"Difference in Maximum Temperature Relative to the Base Date 2006 for RCP 8.5 Scenario"
"geoId/72005","","Aguadilla Municipio","DifferenceRelativeToBaseDate2006_Max_Temperature_RCP85","2091-02","NASA_NEXGDDP_Subnational_AggrDiffStats","https://www.nccs.nasa.gov/services/data-collections/land-based-products/nex-gddp","","Celsius","C",2.803953,"Difference in Maximum Temperature Relative to the Base Date 2006 for RCP 8.5 Scenario"
"geoId/72005","","Aguadilla Municipio","DifferenceRelativeToBaseDate2006_Max_Temperature_RCP85","2091-03","NASA_NEXGDDP_Subnational_AggrDiffStats","https://www.nccs.nasa.gov/services/data-collections/land-based-products/nex-gddp","","Celsius","C",4.584257,"Difference in Maximum Temperature Relative to the Base Date 2006 for RCP 8.5 Scenario"
"geoId/72005","","Aguadilla Municipio","DifferenceRelativeToBaseDate2006_Max_Temperature_RCP85","2091-04","NASA_NEXGDDP_Subnational_AggrDiffStats","https://www.nccs.nasa.gov/services/data-collections/land-based-products/nex-gddp","","Celsius","C",4.760863,"Difference in Maximum Temperature Relative to the Base Date 2006 for RCP 8.5 Scenario"
"geoId/72005","","Aguadilla Municipio","DifferenceRelativeToBaseDate2006_Max_Temperature_RCP85","2091-05","NASA_NEXGDDP_Subnational_AggrDiffStats","https://www.nccs.nasa.gov/services/data-collections/land-based-products/nex-gddp","","Celsius","C",2.913696,"Difference in Maximum Temperature Relative to the Base Date 2006 for RCP 8.5 Scenario"
"geoId/72005","","Aguadilla Municipio","DifferenceRelativeToBaseDate2006_Max_Temperature_RCP85","2091-06","NASA_NEXGDDP_Subnational_AggrDiffStats","https://www.nccs.nasa.gov/services/data-collections/land-based-products/nex-gddp","","Celsius","C",2.967285,"Difference in Maximum Temperature Relative to the Base Date 2006 for RCP 8.5 Scenario"
"geoId/72005","","Aguadilla Municipio","DifferenceRelativeToBaseDate2006_Max_Temperature_RCP85","2091-07","NASA_NEXGDDP_Subnational_AggrDiffStats","https://www.nccs.nasa.gov/services/data-collections/land-based-products/nex-gddp","","Celsius","C",2.182862,"Difference in Maximum Temperature Relative to the Base Date 2006 for RCP 8.5 Scenario"
"geoId/72005","","Aguadilla Municipio","DifferenceRelativeToBaseDate2006_Max_Temperature_RCP85","2091-08","NASA_NEXGDDP_Subnational_AggrDiffStats","https://www.nccs.nasa.gov/services/data-collections/land-based-products/nex-gddp","","Celsius","C",3.559479,"Difference in Maximum Temperature Relative to the Base Date 2006 for RCP 8.5 Scenario"
"geoId/72005","","Aguadilla Municipio","DifferenceRelativeToBaseDate2006_Max_Temperature_RCP85","2091-09","NASA_NEXGDDP_Subnational_AggrDiffStats","https://www.nccs.nasa.gov/services/data-collections/land-based-products/nex-gddp","","Celsius","C",3.13211,"Difference in Maximum Temperature Relative to the Base Date 2006 for RCP 8.5 Scenario"
"geoId/72005","","Aguadilla Municipio","DifferenceRelativeToBaseDate2006_Max_Temperature_RCP85","2091-10","NASA_NEXGDDP_Subnational_AggrDiffStats","https://www.nccs.nasa.gov/services/data-collections/land-based-products/nex-gddp","","Celsius","C",2.768096,"Difference in Maximum Temperature Relative to the Base Date 2006 for RCP 8.5 Scenario"
"geoId/72005","","Aguadilla Municipio","DifferenceRelativeToBaseDate2006_Max_Temperature_RCP85","2091-11","NASA_NEXGDDP_Subnational_AggrDiffStats","https://www.nccs.nasa.gov/services/data-collections/land-based-products/nex-gddp","","Celsius","C",4.535887,"Difference in Maximum Temperature Relative to the Base Date 2006 for RCP 8.5 Scenario"
"geoId/72005","","Aguadilla Municipio","DifferenceRelativeToBaseDate2006_Max_Temperature_RCP85","2091-12","NASA_NEXGDDP_Subnational_AggrDiffStats","https://www.nccs.nasa.gov/services/data-collections/land-based-products/nex-gddp","","Celsius","C",2.965452,"Difference in Maximum Temperature Relative to the Base Date 2006 for RCP 8.5 Scenario"
"geoId/72005","","Aguadilla Municipio","DifferenceRelativeToBaseDate2006_Max_Temperature_RCP85","2092-01","NASA_NEXGDDP_Subnational_AggrDiffStats","https://www.nccs.nasa.gov/services/data-collections/land-based-products/nex-gddp","","Celsius","C",4.434873,"Difference in Maximum Temperature Relative to the Base Date 2006 for RCP 8.5 Scenario"
"geoId/72005","","Aguadilla Municipio","DifferenceRelativeToBaseDate2006_Max_Temperature_RCP85","2092-02","NASA_NEXGDDP_Subnational_AggrDiffStats","https://www.nccs.nasa.gov/services/data-collections/land-based-products/nex-gddp","","Celsius","C",6.278257,"Difference in Maximum Temperature Relative to the Base Date 2006 for RCP 8.5 Scenario"
"geoId/72005","","Aguadilla Municipio","DifferenceRelativeToBaseDate2006_Max_Temperature_RCP85","2092-03","NASA_NEXGDDP_Subnational_AggrDiffStats","https://www.nccs.nasa.gov/services/data-collections/land-based-products/nex-gddp","","Celsius","C",4.586546,"Difference in Maximum Temperature Relative to the Base Date 2006 for RCP 8.5 Scenario"
"geoId/72005","","Aguadilla Municipio","DifferenceRelativeToBaseDate2006_Max_Temperature_RCP85","2092-04","NASA_NEXGDDP_Subnational_AggrDiffStats","https://www.nccs.nasa.gov/services/data-collections/land-based-products/nex-gddp","","Celsius","C",4.111571,"Difference in Maximum Temperature Relative to the Base Date 2006 for RCP 8.5 Scenario"
"geoId/72005","","Aguadilla Municipio","DifferenceRelativeToBaseDate2006_Max_Temperature_RCP85","2092-05","NASA_NEXGDDP_Subnational_AggrDiffStats","https://www.nccs.nasa.gov/services/data-collections/land-based-products/nex-gddp","","Celsius","C",2.722869,"Difference in Maximum Temperature Relative to the Base Date 2006 for RCP 8.5 Scenario"
"geoId/72005","","Aguadilla Municipio","DifferenceRelativeToBaseDate2006_Max_Temperature_RCP85","2092-06","NASA_NEXGDDP_Subnational_AggrDiffStats","https://www.nccs.nasa.gov/services/data-collections/land-based-products/nex-gddp","","Celsius","C",2.45623800000001,"Difference in Maximum Temperature Relative to the Base Date 2006 for RCP 8.5 Scenario"
"geoId/72005","","Aguadilla Municipio","DifferenceRelativeToBaseDate2006_Max_Temperature_RCP85","2092-07","NASA_NEXGDDP_Subnational_AggrDiffStats","https://www.nccs.nasa.gov/services/data-collections/land-based-products/nex-gddp","","Celsius","C",2.032471,"Difference in Maximum Temperature Relative to the Base Date 2006 for RCP 8.5 Scenario"
"geoId/72005","","Aguadilla Municipio","DifferenceRelativeToBaseDate2006_Max_Temperature_RCP85","2092-08","NASA_NEXGDDP_Subnational_AggrDiffStats","https://www.nccs.nasa.gov/services/data-collections/land-based-products/nex-gddp","","Celsius","C",3.774445,"Difference in Maximum Temperature Relative to the Base Date 2006 for RCP 8.5 Scenario"
"geoId/72005","","Aguadilla Municipio","DifferenceRelativeToBaseDate2006_Max_Temperature_RCP85","2092-09","NASA_NEXGDDP_Subnational_AggrDiffStats","https://www.nccs.nasa.gov/services/data-collections/land-based-products/nex-gddp","","Celsius","C",3.528564,"Difference in Maximum Temperature Relative to the Base Date 2006 for RCP 8.5 Scenario"
"geoId/72005","","Aguadilla Municipio","DifferenceRelativeToBaseDate2006_Max_Temperature_RCP85","2092-10","NASA_NEXGDDP_Subnational_AggrDiffStats","https://www.nccs.nasa.gov/services/data-collections/land-based-products/nex-gddp","","Celsius","C",5.630676,"Difference in Maximum Temperature Relative to the Base Date 2006 for RCP 8.5 Scenario"
"geoId/72005","","Aguadilla Municipio","DifferenceRelativeToBaseDate2006_Max_Temperature_RCP85","2092-11","NASA_NEXGDDP_Subnational_AggrDiffStats","https://www.nccs.nasa.gov/services/data-collections/land-based-products/nex-gddp","","Celsius","C",4.447447,"Difference in Maximum Temperature Relative to the Base Date 2006 for RCP 8.5 Scenario"
"geoId/72005","","Aguadilla Municipio","DifferenceRelativeToBaseDate2006_Max_Temperature_RCP85","2092-12","NASA_NEXGDDP_Subnational_AggrDiffStats","https://www.nccs.nasa.gov/services/data-collections/land-based-products/nex-gddp","","Celsius","C",1.695707,"Difference in Maximum Temperature Relative to the Base Date 2006 for RCP 8.5 Scenario"
"geoId/72005","","Aguadilla Municipio","DifferenceRelativeToBaseDate2006_Max_Temperature_RCP85","2093-01","NASA_NEXGDDP_Subnational_AggrDiffStats","https://www.nccs.nasa.gov/services/data-collections/land-based-products/nex-gddp","","Celsius","C",6.232877,"Difference in Maximum Temperature Relative to the Base Date 2006 for RCP 8.5 Scenario"
"geoId/72005","","Aguadilla Municipio","DifferenceRelativeToBaseDate2006_Max_Temperature_RCP85","2093-02","NASA_NEXGDDP_Subnational_AggrDiffStats","https://www.nccs.nasa.gov/services/data-collections/land-based-products/nex-gddp","","Celsius","C",5.28311,"Difference in Maximum Temperature Relative to the Base Date 2006 for RCP 8.5 Scenario"
"geoId/72005","","Aguadilla Municipio","DifferenceRelativeToBaseDate2006_Max_Temperature_RCP85","2093-03","NASA_NEXGDDP_Subnational_AggrDiffStats","https://www.nccs.nasa.gov/services/data-collections/land-based-products/nex-gddp","","Celsius","C",3.838224,"Difference in Maximum Temperature Relative to the Base Date 2006 for RCP 8.5 Scenario"
"geoId/72005","","Aguadilla Municipio","DifferenceRelativeToBaseDate2006_Max_Temperature_RCP85","2093-04","NASA_NEXGDDP_Subnational_AggrDiffStats","https://www.nccs.nasa.gov/services/data-collections/land-based-products/nex-gddp","","Celsius","C",6.016112,"Difference in Maximum Temperature Relative to the Base Date 2006 for RCP 8.5 Scenario"
"geoId/72005","","Aguadilla Municipio","DifferenceRelativeToBaseDate2006_Max_Temperature_RCP85","2093-05","NASA_NEXGDDP_Subnational_AggrDiffStats","https://www.nccs.nasa.gov/services/data-collections/land-based-products/nex-gddp","","Celsius","C",5.377288,"Difference in Maximum Temperature Relative to the Base Date 2006 for RCP 8.5 Scenario"
"geoId/72005","","Aguadilla Municipio","DifferenceRelativeToBaseDate2006_Max_Temperature_RCP85","2093-06","NASA_NEXGDDP_Subnational_AggrDiffStats","https://www.nccs.nasa.gov/services/data-collections/land-based-products/nex-gddp","","Celsius","C",4.86203,"Difference in Maximum Temperature Relative to the Base Date 2006 for RCP 8.5 Scenario"
"geoId/72005","","Aguadilla Municipio","DifferenceRelativeToBaseDate2006_Max_Temperature_RCP85","2093-07","NASA_NEXGDDP_Subnational_AggrDiffStats","https://www.nccs.nasa.gov/services/data-collections/land-based-products/nex-gddp","","Celsius","C",3.86026,"Difference in Maximum Temperature Relative to the Base Date 2006 for RCP 8.5 Scenario"
"geoId/72005","","Aguadilla Municipio","DifferenceRelativeToBaseDate2006_Max_Temperature_RCP85","2093-08","NASA_NEXGDDP_Subnational_AggrDiffStats","https://www.nccs.nasa.gov/services/data-collections/land-based-products/nex-gddp","","Celsius","C",5.344727,"Difference in Maximum Temperature Relative to the Base Date 2006 for RCP 8.5 Scenario"
"geoId/72005","","Aguadilla Municipio","DifferenceRelativeToBaseDate2006_Max_Temperature_RCP85","2093-09","NASA_NEXGDDP_Subnational_AggrDiffStats","https://www.nccs.nasa.gov/services/data-collections/land-based-products/nex-gddp","","Celsius","C",5.004303,"Difference in Maximum Temperature Relative to the Base Date 2006 for RCP 8.5 Scenario"
"geoId/72005","","Aguadilla Municipio","DifferenceRelativeToBaseDate2006_Max_Temperature_RCP85","2093-10","NASA_NEXGDDP_Subnational_AggrDiffStats","https://www.nccs.nasa.gov/services/data-collections/land-based-products/nex-gddp","","Celsius","C",4.035553,"Difference in Maximum Temperature Relative to the Base Date 2006 for RCP 8.5 Scenario"
"geoId/72005","","Aguadilla Municipio","DifferenceRelativeToBaseDate2006_Max_Temperature_RCP85","2093-11","NASA_NEXGDDP_Subnational_AggrDiffStats","https://www.nccs.nasa.gov/services/data-collections/land-based-products/nex-gddp","","Celsius","C",5.936583,"Difference in Maximum Temperature Relative to the Base Date 2006 for RCP 8.5 Scenario"
"geoId/72005","","Aguadilla Municipio","DifferenceRelativeToBaseDate2006_Max_Temperature_RCP85","2093-12","NASA_NEXGDDP_Subnational_AggrDiffStats","https://www.nccs.nasa.gov/services/data-collections/land-based-products/nex-gddp","","Celsius","C",3.640623,"Difference in Maximum Temperature Relative to the Base Date 2006 for RCP 8.5 Scenario"
"geoId/72005","","Aguadilla Municipio","DifferenceRelativeToBaseDate2006_Max_Temperature_RCP85","2094-01","NASA_NEXGDDP_Subnational_AggrDiffStats","https://www.nccs.nasa.gov/services/data-collections/land-based-products/nex-gddp","","Celsius","C",4.544706,"Difference in Maximum Temperature Relative to the Base Date 2006 for RCP 8.5 Scenario"
"geoId/72005","","Aguadilla Municipio","DifferenceRelativeToBaseDate2006_Max_Temperature_RCP85","2094-02","NASA_NEXGDDP_Subnational_AggrDiffStats","https://www.nccs.nasa.gov/services/data-collections/land-based-products/nex-gddp","","Celsius","C",4.824949,"Difference in Maximum Temperature Relative to the Base Date 2006 for RCP 8.5 Scenario"
"geoId/72005","","Aguadilla Municipio","DifferenceRelativeToBaseDate2006_Max_Temperature_RCP85","2094-03","NASA_NEXGDDP_Subnational_AggrDiffStats","https://www.nccs.nasa.gov/services/data-collections/land-based-products/nex-gddp","","Celsius","C",4.257902,"Difference in Maximum Temperature Relative to the Base Date 2006 for RCP 8.5 Scenario"
"geoId/72005","","Aguadilla Municipio","DifferenceRelativeToBaseDate2006_Max_Temperature_RCP85","2094-04","NASA_NEXGDDP_Subnational_AggrDiffStats","https://www.nccs.nasa.gov/services/data-collections/land-based-products/nex-gddp","","Celsius","C",6.60681,"Difference in Maximum Temperature Relative to the Base Date 2006 for RCP 8.5 Scenario"
"geoId/72005","","Aguadilla Municipio","DifferenceRelativeToBaseDate2006_Max_Temperature_RCP85","2094-05","NASA_NEXGDDP_Subnational_AggrDiffStats","https://www.nccs.nasa.gov/services/data-collections/land-based-products/nex-gddp","","Celsius","C",4.369201,"Difference in Maximum Temperature Relative to the Base Date 2006 for RCP 8.5 Scenario"
"geoId/72005","","Aguadilla Municipio","DifferenceRelativeToBaseDate2006_Max_Temperature_RCP85","2094-06","NASA_NEXGDDP_Subnational_AggrDiffStats","https://www.nccs.nasa.gov/services/data-collections/land-based-products/nex-gddp","","Celsius","C",4.295838,"Difference in Maximum Temperature Relative to the Base Date 2006 for RCP 8.5 Scenario"
"geoId/72005","","Aguadilla Municipio","DifferenceRelativeToBaseDate2006_Max_Temperature_RCP85","2094-07","NASA_NEXGDDP_Subnational_AggrDiffStats","https://www.nccs.nasa.gov/services/data-collections/land-based-products/nex-gddp","","Celsius","C",3.421784,"Difference in Maximum Temperature Relative to the Base Date 2006 for RCP 8.5 Scenario"
"geoId/72005","","Aguadilla Municipio","DifferenceRelativeToBaseDate2006_Max_Temperature_RCP85","2094-08","NASA_NEXGDDP_Subnational_AggrDiffStats","https://www.nccs.nasa.gov/services/data-collections/land-based-products/nex-gddp","","Celsius","C",4.938385,"Difference in Maximum Temperature Relative to the Base Date 2006 for RCP 8.5 Scenario"
"geoId/72005","","Aguadilla Municipio","DifferenceRelativeToBaseDate2006_Max_Temperature_RCP85","2094-09","NASA_NEXGDDP_Subnational_AggrDiffStats","https://www.nccs.nasa.gov/services/data-collections/land-based-products/nex-gddp","","Celsius","C",4.204254,"Difference in Maximum Temperature Relative to the Base Date 2006 for RCP 8.5 Scenario"
"geoId/72005","","Aguadilla Municipio","DifferenceRelativeToBaseDate2006_Max_Temperature_RCP85","2094-10","NASA_NEXGDDP_Subnational_AggrDiffStats","https://www.nccs.nasa.gov/services/data-collections/land-based-products/nex-gddp","","Celsius","C",4.128265,"Difference in Maximum Temperature Relative to the Base Date 2006 for RCP 8.5 Scenario"
"geoId/72005","","Aguadilla Municipio","DifferenceRelativeToBaseDate2006_Max_Temperature_RCP85","2094-11","NASA_NEXGDDP_Subnational_AggrDiffStats","https://www.nccs.nasa.gov/services/data-collections/land-based-products/nex-gddp","","Celsius","C",4.357329,"Difference in Maximum Temperature Relative to the Base Date 2006 for RCP 8.5 Scenario"
"geoId/72005","","Aguadilla Municipio","DifferenceRelativeToBaseDate2006_Max_Temperature_RCP85","2094-12","NASA_NEXGDDP_Subnational_AggrDiffStats","https://www.nccs.nasa.gov/services/data-collections/land-based-products/nex-gddp","","Celsius","C",3.915403,"Difference in Maximum Temperature Relative to the Base Date 2006 for RCP 8.5 Scenario"
"geoId/72005","","Aguadilla Municipio","DifferenceRelativeToBaseDate2006_Max_Temperature_RCP85","2095-01","NASA_NEXGDDP_Subnational_AggrDiffStats","https://www.nccs.nasa.gov/services/data-collections/land-based-products/nex-gddp","","Celsius","C",4.502744,"Difference in Maximum Temperature Relative to the Base Date 2006 for RCP 8.5 Scenario"
"geoId/72005","","Aguadilla Municipio","DifferenceRelativeToBaseDate2006_Max_Temperature_RCP85","2095-02","NASA_NEXGDDP_Subnational_AggrDiffStats","https://www.nccs.nasa.gov/services/data-collections/land-based-products/nex-gddp","","Celsius","C",5.755095,"Difference in Maximum Temperature Relative to the Base Date 2006 for RCP 8.5 Scenario"
"geoId/72005","","Aguadilla Municipio","DifferenceRelativeToBaseDate2006_Max_Temperature_RCP85","2095-03","NASA_NEXGDDP_Subnational_AggrDiffStats","https://www.nccs.nasa.gov/services/data-collections/land-based-products/nex-gddp","","Celsius","C",3.34564,"Difference in Maximum Temperature Relative to the Base Date 2006 for RCP 8.5 Scenario"
"geoId/72005","","Aguadilla Municipio","DifferenceRelativeToBaseDate2006_Max_Temperature_RCP85","2095-04","NASA_NEXGDDP_Subnational_AggrDiffStats","https://www.nccs.nasa.gov/services/data-collections/land-based-products/nex-gddp","","Celsius","C",6.334441,"Difference in Maximum Temperature Relative to the Base Date 2006 for RCP 8.5 Scenario"
"geoId/72005","","Aguadilla Municipio","DifferenceRelativeToBaseDate2006_Max_Temperature_RCP85","2095-05","NASA_NEXGDDP_Subnational_AggrDiffStats","https://www.nccs.nasa.gov/services/data-collections/land-based-products/nex-gddp","","Celsius","C",4.856506,"Difference in Maximum Temperature Relative to the Base Date 2006 for RCP 8.5 Scenario"
"geoId/72005","","Aguadilla Municipio","DifferenceRelativeToBaseDate2006_Max_Temperature_RCP85","2095-06","NASA_NEXGDDP_Subnational_AggrDiffStats","https://www.nccs.nasa.gov/services/data-collections/land-based-products/nex-gddp","","Celsius","C",3.938996,"Difference in Maximum Temperature Relative to the Base Date 2006 for RCP 8.5 Scenario"
"geoId/72005","","Aguadilla Municipio","DifferenceRelativeToBaseDate2006_Max_Temperature_RCP85","2095-07","NASA_NEXGDDP_Subnational_AggrDiffStats","https://www.nccs.nasa.gov/services/data-collections/land-based-products/nex-gddp","","Celsius","C",3.038758,"Difference in Maximum Temperature Relative to the Base Date 2006 for RCP 8.5 Scenario"
"geoId/72005","","Aguadilla Municipio","DifferenceRelativeToBaseDate2006_Max_Temperature_RCP85","2095-08","NASA_NEXGDDP_Subnational_AggrDiffStats","https://www.nccs.nasa.gov/services/data-collections/land-based-products/nex-gddp","","Celsius","C",3.925995,"Difference in Maximum Temperature Relative to the Base Date 2006 for RCP 8.5 Scenario"
"geoId/72005","","Aguadilla Municipio","DifferenceRelativeToBaseDate2006_Max_Temperature_RCP85","2095-09","NASA_NEXGDDP_Subnational_AggrDiffStats","https://www.nccs.nasa.gov/services/data-collections/land-based-products/nex-gddp","","Celsius","C",3.165985,"Difference in Maximum Temperature Relative to the Base Date 2006 for RCP 8.5 Scenario"
"geoId/72005","","Aguadilla Municipio","DifferenceRelativeToBaseDate2006_Max_Temperature_RCP85","2095-10","NASA_NEXGDDP_Subnational_AggrDiffStats","https://www.nccs.nasa.gov/services/data-collections/land-based-products/nex-gddp","","Celsius","C",3.735534,"Difference in Maximum Temperature Relative to the Base Date 2006 for RCP 8.5 Scenario"
"geoId/72005","","Aguadilla Municipio","DifferenceRelativeToBaseDate2006_Max_Temperature_RCP85","2095-11","NASA_NEXGDDP_Subnational_AggrDiffStats","https://www.nccs.nasa.gov/services/data-collections/land-based-products/nex-gddp","","Celsius","C",3.825438,"Difference in Maximum Temperature Relative to the Base Date 2006 for RCP 8.5 Scenario"
"geoId/72005","","Aguadilla Municipio","DifferenceRelativeToBaseDate2006_Max_Temperature_RCP85","2095-12","NASA_NEXGDDP_Subnational_AggrDiffStats","https://www.nccs.nasa.gov/services/data-collections/land-based-products/nex-gddp","","Celsius","C",2.574979,"Difference in Maximum Temperature Relative to the Base Date 2006 for RCP 8.5 Scenario"
"geoId/72005","","Aguadilla Municipio","DifferenceRelativeToBaseDate2006_Max_Temperature_RCP85","2096-01","NASA_NEXGDDP_Subnational_AggrDiffStats","https://www.nccs.nasa.gov/services/data-collections/land-based-products/nex-gddp","","Celsius","C",3.9895,"Difference in Maximum Temperature Relative to the Base Date 2006 for RCP 8.5 Scenario"
"geoId/72005","","Aguadilla Municipio","DifferenceRelativeToBaseDate2006_Max_Temperature_RCP85","2096-02","NASA_NEXGDDP_Subnational_AggrDiffStats","https://www.nccs.nasa.gov/services/data-collections/land-based-products/nex-gddp","","Celsius","C",4.700377,"Difference in Maximum Temperature Relative to the Base Date 2006 for RCP 8.5 Scenario"
"geoId/72005","","Aguadilla Municipio","DifferenceRelativeToBaseDate2006_Max_Temperature_RCP85","2096-03","NASA_NEXGDDP_Subnational_AggrDiffStats","https://www.nccs.nasa.gov/services/data-collections/land-based-products/nex-gddp","","Celsius","C",4.853117,"Difference in Maximum Temperature Relative to the Base Date 2006 for RCP 8.5 Scenario"
"geoId/72005","","Aguadilla Municipio","DifferenceRelativeToBaseDate2006_Max_Temperature_RCP85","2096-04","NASA_NEXGDDP_Subnational_AggrDiffStats","https://www.nccs.nasa.gov/services/data-collections/land-based-products/nex-gddp","","Celsius","C",4.039915,"Difference in Maximum Temperature Relative to the Base Date 2006 for RCP 8.5 Scenario"
"geoId/72005","","Aguadilla Municipio","DifferenceRelativeToBaseDate2006_Max_Temperature_RCP85","2096-05","NASA_NEXGDDP_Subnational_AggrDiffStats","https://www.nccs.nasa.gov/services/data-collections/land-based-products/nex-gddp","","Celsius","C",3.145965,"Difference in Maximum Temperature Relative to the Base Date 2006 for RCP 8.5 Scenario"
"geoId/72005","","Aguadilla Municipio","DifferenceRelativeToBaseDate2006_Max_Temperature_RCP85","2096-06","NASA_NEXGDDP_Subnational_AggrDiffStats","https://www.nccs.nasa.gov/services/data-collections/land-based-products/nex-gddp","","Celsius","C",3.38983200000001,"Difference in Maximum Temperature Relative to the Base Date 2006 for RCP 8.5 Scenario"
"geoId/72005","","Aguadilla Municipio","DifferenceRelativeToBaseDate2006_Max_Temperature_RCP85","2096-07","NASA_NEXGDDP_Subnational_AggrDiffStats","https://www.nccs.nasa.gov/services/data-collections/land-based-products/nex-gddp","","Celsius","C",3.95913700000001,"Difference in Maximum Temperature Relative to the Base Date 2006 for RCP 8.5 Scenario"
"geoId/72005","","Aguadilla Municipio","DifferenceRelativeToBaseDate2006_Max_Temperature_RCP85","2096-08","NASA_NEXGDDP_Subnational_AggrDiffStats","https://www.nccs.nasa.gov/services/data-collections/land-based-products/nex-gddp","","Celsius","C",3.880646,"Difference in Maximum Temperature Relative to the Base Date 2006 for RCP 8.5 Scenario"
"geoId/72005","","Aguadilla Municipio","DifferenceRelativeToBaseDate2006_Max_Temperature_RCP85","2096-09","NASA_NEXGDDP_Subnational_AggrDiffStats","https://www.nccs.nasa.gov/services/data-collections/land-based-products/nex-gddp","","Celsius","C",4.041717,"Difference in Maximum Temperature Relative to the Base Date 2006 for RCP 8.5 Scenario"
"geoId/72005","","Aguadilla Municipio","DifferenceRelativeToBaseDate2006_Max_Temperature_RCP85","2096-10","NASA_NEXGDDP_Subnational_AggrDiffStats","https://www.nccs.nasa.gov/services/data-collections/land-based-products/nex-gddp","","Celsius","C",4.377746,"Difference in Maximum Temperature Relative to the Base Date 2006 for RCP 8.5 Scenario"
"geoId/72005","","Aguadilla Municipio","DifferenceRelativeToBaseDate2006_Max_Temperature_RCP85","2096-11","NASA_NEXGDDP_Subnational_AggrDiffStats","https://www.nccs.nasa.gov/services/data-collections/land-based-products/nex-gddp","","Celsius","C",4.550536,"Difference in Maximum Temperature Relative to the Base Date 2006 for RCP 8.5 Scenario"
"geoId/72005","","Aguadilla Municipio","DifferenceRelativeToBaseDate2006_Max_Temperature_RCP85","2096-12","NASA_NEXGDDP_Subnational_AggrDiffStats","https://www.nccs.nasa.gov/services/data-collections/land-based-products/nex-gddp","","Celsius","C",4.979215,"Difference in Maximum Temperature Relative to the Base Date 2006 for RCP 8.5 Scenario"
"geoId/72005","","Aguadilla Municipio","DifferenceRelativeToBaseDate2006_Max_Temperature_RCP85","2097-01","NASA_NEXGDDP_Subnational_AggrDiffStats","https://www.nccs.nasa.gov/services/data-collections/land-based-products/nex-gddp","","Celsius","C",3.267637,"Difference in Maximum Temperature Relative to the Base Date 2006 for RCP 8.5 Scenario"
"geoId/72005","","Aguadilla Municipio","DifferenceRelativeToBaseDate2006_Max_Temperature_RCP85","2097-02","NASA_NEXGDDP_Subnational_AggrDiffStats","https://www.nccs.nasa.gov/services/data-collections/land-based-products/nex-gddp","","Celsius","C",3.52725,"Difference in Maximum Temperature Relative to the Base Date 2006 for RCP 8.5 Scenario"
"geoId/72005","","Aguadilla Municipio","DifferenceRelativeToBaseDate2006_Max_Temperature_RCP85","2097-03","NASA_NEXGDDP_Subnational_AggrDiffStats","https://www.nccs.nasa.gov/services/data-collections/land-based-products/nex-gddp","","Celsius","C",3.114957,"Difference in Maximum Temperature Relative to the Base Date 2006 for RCP 8.5 Scenario"
"geoId/72005","","Aguadilla Municipio","DifferenceRelativeToBaseDate2006_Max_Temperature_RCP85","2097-04","NASA_NEXGDDP_Subnational_AggrDiffStats","https://www.nccs.nasa.gov/services/data-collections/land-based-products/nex-gddp","","Celsius","C",5.393645,"Difference in Maximum Temperature Relative to the Base Date 2006 for RCP 8.5 Scenario"
"geoId/72005","","Aguadilla Municipio","DifferenceRelativeToBaseDate2006_Max_Temperature_RCP85","2097-05","NASA_NEXGDDP_Subnational_AggrDiffStats","https://www.nccs.nasa.gov/services/data-collections/land-based-products/nex-gddp","","Celsius","C",3.080261,"Difference in Maximum Temperature Relative to the Base Date 2006 for RCP 8.5 Scenario"
"geoId/72005","","Aguadilla Municipio","DifferenceRelativeToBaseDate2006_Max_Temperature_RCP85","2097-06","NASA_NEXGDDP_Subnational_AggrDiffStats","https://www.nccs.nasa.gov/services/data-collections/land-based-products/nex-gddp","","Celsius","C",3.496338,"Difference in Maximum Temperature Relative to the Base Date 2006 for RCP 8.5 Scenario"
"geoId/72005","","Aguadilla Municipio","DifferenceRelativeToBaseDate2006_Max_Temperature_RCP85","2097-07","NASA_NEXGDDP_Subnational_AggrDiffStats","https://www.nccs.nasa.gov/services/data-collections/land-based-products/nex-gddp","","Celsius","C",2.550263,"Difference in Maximum Temperature Relative to the Base Date 2006 for RCP 8.5 Scenario"
"geoId/72005","","Aguadilla Municipio","DifferenceRelativeToBaseDate2006_Max_Temperature_RCP85","2097-08","NASA_NEXGDDP_Subnational_AggrDiffStats","https://www.nccs.nasa.gov/services/data-collections/land-based-products/nex-gddp","","Celsius","C",3.402039,"Difference in Maximum Temperature Relative to the Base Date 2006 for RCP 8.5 Scenario"
"geoId/72005","","Aguadilla Municipio","DifferenceRelativeToBaseDate2006_Max_Temperature_RCP85","2097-09","NASA_NEXGDDP_Subnational_AggrDiffStats","https://www.nccs.nasa.gov/services/data-collections/land-based-products/nex-gddp","","Celsius","C",3.846038,"Difference in Maximum Temperature Relative to the Base Date 2006 for RCP 8.5 Scenario"
"geoId/72005","","Aguadilla Municipio","DifferenceRelativeToBaseDate2006_Max_Temperature_RCP85","2097-10","NASA_NEXGDDP_Subnational_AggrDiffStats","https://www.nccs.nasa.gov/services/data-collections/land-based-products/nex-gddp","","Celsius","C",4.166412,"Difference in Maximum Temperature Relative to the Base Date 2006 for RCP 8.5 Scenario"
"geoId/72005","","Aguadilla Municipio","DifferenceRelativeToBaseDate2006_Max_Temperature_RCP85","2097-11","NASA_NEXGDDP_Subnational_AggrDiffStats","https://www.nccs.nasa.gov/services/data-collections/land-based-products/nex-gddp","","Celsius","C",3.884489,"Difference in Maximum Temperature Relative to the Base Date 2006 for RCP 8.5 Scenario"
"geoId/72005","","Aguadilla Municipio","DifferenceRelativeToBaseDate2006_Max_Temperature_RCP85","2097-12","NASA_NEXGDDP_Subnational_AggrDiffStats","https://www.nccs.nasa.gov/services/data-collections/land-based-products/nex-gddp","","Celsius","C",5.312437,"Difference in Maximum Temperature Relative to the Base Date 2006 for RCP 8.5 Scenario"
"geoId/72005","","Aguadilla Municipio","DifferenceRelativeToBaseDate2006_Max_Temperature_RCP85","2098-01","NASA_NEXGDDP_Subnational_AggrDiffStats","https://www.nccs.nasa.gov/services/data-collections/land-based-products/nex-gddp","","Celsius","C",5.240629,"Difference in Maximum Temperature Relative to the Base Date 2006 for RCP 8.5 Scenario"
"geoId/72005","","Aguadilla Municipio","DifferenceRelativeToBaseDate2006_Max_Temperature_RCP85","2098-02","NASA_NEXGDDP_Subnational_AggrDiffStats","https://www.nccs.nasa.gov/services/data-collections/land-based-products/nex-gddp","","Celsius","C",5.688108,"Difference in Maximum Temperature Relative to the Base Date 2006 for RCP 8.5 Scenario"
"geoId/72005","","Aguadilla Municipio","DifferenceRelativeToBaseDate2006_Max_Temperature_RCP85","2098-03","NASA_NEXGDDP_Subnational_AggrDiffStats","https://www.nccs.nasa.gov/services/data-collections/land-based-products/nex-gddp","","Celsius","C",4.518003,"Difference in Maximum Temperature Relative to the Base Date 2006 for RCP 8.5 Scenario"
"geoId/72005","","Aguadilla Municipio","DifferenceRelativeToBaseDate2006_Max_Temperature_RCP85","2098-04","NASA_NEXGDDP_Subnational_AggrDiffStats","https://www.nccs.nasa.gov/services/data-collections/land-based-products/nex-gddp","","Celsius","C",6.126158,"Difference in Maximum Temperature Relative to the Base Date 2006 for RCP 8.5 Scenario"
"geoId/72005","","Aguadilla Municipio","DifferenceRelativeToBaseDate2006_Max_Temperature_RCP85","2098-05","NASA_NEXGDDP_Subnational_AggrDiffStats","https://www.nccs.nasa.gov/services/data-collections/land-based-products/nex-gddp","","Celsius","C",3.550537,"Difference in Maximum Temperature Relative to the Base Date 2006 for RCP 8.5 Scenario"
"geoId/72005","","Aguadilla Municipio","DifferenceRelativeToBaseDate2006_Max_Temperature_RCP85","2098-06","NASA_NEXGDDP_Subnational_AggrDiffStats","https://www.nccs.nasa.gov/services/data-collections/land-based-products/nex-gddp","","Celsius","C",2.548859,"Difference in Maximum Temperature Relative to the Base Date 2006 for RCP 8.5 Scenario"
"geoId/72005","","Aguadilla Municipio","DifferenceRelativeToBaseDate2006_Max_Temperature_RCP85","2098-07","NASA_NEXGDDP_Subnational_AggrDiffStats","https://www.nccs.nasa.gov/services/data-collections/land-based-products/nex-gddp","","Celsius","C",3.068207,"Difference in Maximum Temperature Relative to the Base Date 2006 for RCP 8.5 Scenario"
"geoId/72005","","Aguadilla Municipio","DifferenceRelativeToBaseDate2006_Max_Temperature_RCP85","2098-08","NASA_NEXGDDP_Subnational_AggrDiffStats","https://www.nccs.nasa.gov/services/data-collections/land-based-products/nex-gddp","","Celsius","C",4.483948,"Difference in Maximum Temperature Relative to the Base Date 2006 for RCP 8.5 Scenario"
"geoId/72005","","Aguadilla Municipio","DifferenceRelativeToBaseDate2006_Max_Temperature_RCP85","2098-09","NASA_NEXGDDP_Subnational_AggrDiffStats","https://www.nccs.nasa.gov/services/data-collections/land-based-products/nex-gddp","","Celsius","C",4.117706,"Difference in Maximum Temperature Relative to the Base Date 2006 for RCP 8.5 Scenario"
"geoId/72005","","Aguadilla Municipio","DifferenceRelativeToBaseDate2006_Max_Temperature_RCP85","2098-10","NASA_NEXGDDP_Subnational_AggrDiffStats","https://www.nccs.nasa.gov/services/data-collections/land-based-products/nex-gddp","","Celsius","C",5.345764,"Difference in Maximum Temperature Relative to the Base Date 2006 for RCP 8.5 Scenario"
"geoId/72005","","Aguadilla Municipio","DifferenceRelativeToBaseDate2006_Max_Temperature_RCP85","2098-11","NASA_NEXGDDP_Subnational_AggrDiffStats","https://www.nccs.nasa.gov/services/data-collections/land-based-products/nex-gddp","","Celsius","C",4.79666,"Difference in Maximum Temperature Relative to the Base Date 2006 for RCP 8.5 Scenario"
"geoId/72005","","Aguadilla Municipio","DifferenceRelativeToBaseDate2006_Max_Temperature_RCP85","2098-12","NASA_NEXGDDP_Subnational_AggrDiffStats","https://www.nccs.nasa.gov/services/data-collections/land-based-products/nex-gddp","","Celsius","C",3.874204,"Difference in Maximum Temperature Relative to the Base Date 2006 for RCP 8.5 Scenario"
"geoId/72005","","Aguadilla Municipio","DifferenceRelativeToBaseDate2006_Max_Temperature_RCP85","2099-01","NASA_NEXGDDP_Subnational_AggrDiffStats","https://www.nccs.nasa.gov/services/data-collections/land-based-products/nex-gddp","","Celsius","C",4.065183,"Difference in Maximum Temperature Relative to the Base Date 2006 for RCP 8.5 Scenario"
"geoId/72005","","Aguadilla Municipio","DifferenceRelativeToBaseDate2006_Max_Temperature_RCP85","2099-02","NASA_NEXGDDP_Subnational_AggrDiffStats","https://www.nccs.nasa.gov/services/data-collections/land-based-products/nex-gddp","","Celsius","C",4.882566,"Difference in Maximum Temperature Relative to the Base Date 2006 for RCP 8.5 Scenario"
"geoId/72005","","Aguadilla Municipio","DifferenceRelativeToBaseDate2006_Max_Temperature_RCP85","2099-03","NASA_NEXGDDP_Subnational_AggrDiffStats","https://www.nccs.nasa.gov/services/data-collections/land-based-products/nex-gddp","","Celsius","C",6.206846,"Difference in Maximum Temperature Relative to the Base Date 2006 for RCP 8.5 Scenario"
"geoId/72005","","Aguadilla Municipio","DifferenceRelativeToBaseDate2006_Max_Temperature_RCP85","2099-04","NASA_NEXGDDP_Subnational_AggrDiffStats","https://www.nccs.nasa.gov/services/data-collections/land-based-products/nex-gddp","","Celsius","C",4.81729,"Difference in Maximum Temperature Relative to the Base Date 2006 for RCP 8.5 Scenario"
"geoId/72005","","Aguadilla Municipio","DifferenceRelativeToBaseDate2006_Max_Temperature_RCP85","2099-05","NASA_NEXGDDP_Subnational_AggrDiffStats","https://www.nccs.nasa.gov/services/data-collections/land-based-products/nex-gddp","","Celsius","C",5.615448,"Difference in Maximum Temperature Relative to the Base Date 2006 for RCP 8.5 Scenario"
"geoId/72005","","Aguadilla Municipio","DifferenceRelativeToBaseDate2006_Max_Temperature_RCP85","2099-06","NASA_NEXGDDP_Subnational_AggrDiffStats","https://www.nccs.nasa.gov/services/data-collections/land-based-products/nex-gddp","","Celsius","C",3.645966,"Difference in Maximum Temperature Relative to the Base Date 2006 for RCP 8.5 Scenario"
"geoId/72005","","Aguadilla Municipio","DifferenceRelativeToBaseDate2006_Max_Temperature_RCP85","2099-07","NASA_NEXGDDP_Subnational_AggrDiffStats","https://www.nccs.nasa.gov/services/data-collections/land-based-products/nex-gddp","","Celsius","C",2.972016,"Difference in Maximum Temperature Relative to the Base Date 2006 for RCP 8.5 Scenario"
"geoId/72005","","Aguadilla Municipio","DifferenceRelativeToBaseDate2006_Max_Temperature_RCP85","2099-08","NASA_NEXGDDP_Subnational_AggrDiffStats","https://www.nccs.nasa.gov/services/data-collections/land-based-products/nex-gddp","","Celsius","C",5.336731,"Difference in Maximum Temperature Relative to the Base Date 2006 for RCP 8.5 Scenario"
"geoId/72005","","Aguadilla Municipio","DifferenceRelativeToBaseDate2006_Max_Temperature_RCP85","2099-09","NASA_NEXGDDP_Subnational_AggrDiffStats","https://www.nccs.nasa.gov/services/data-collections/land-based-products/nex-gddp","","Celsius","C",4.477966,"Difference in Maximum Temperature Relative to the Base Date 2006 for RCP 8.5 Scenario"
"geoId/72005","","Aguadilla Municipio","DifferenceRelativeToBaseDate2006_Max_Temperature_RCP85","2099-10","NASA_NEXGDDP_Subnational_AggrDiffStats","https://www.nccs.nasa.gov/services/data-collections/land-based-products/nex-gddp","","Celsius","C",3.428894,"Difference in Maximum Temperature Relative to the Base Date 2006 for RCP 8.5 Scenario"
"geoId/72005","","Aguadilla Municipio","DifferenceRelativeToBaseDate2006_Max_Temperature_RCP85","2099-11","NASA_NEXGDDP_Subnational_AggrDiffStats","https://www.nccs.nasa.gov/services/data-collections/land-based-products/nex-gddp","","Celsius","C",4.77542,"Difference in Maximum Temperature Relative to the Base Date 2006 for RCP 8.5 Scenario"
"geoId/72005","","Aguadilla Municipio","DifferenceRelativeToBaseDate2006_Max_Temperature_RCP85","2099-12","NASA_NEXGDDP_Subnational_AggrDiffStats","https://www.nccs.nasa.gov/services/data-collections/land-based-products/nex-gddp","","Celsius","C",3.207334,"Difference in Maximum Temperature Relative to the Base Date 2006 for RCP 8.5 Scenario"
"geoId/72005","","Aguadilla Municipio","DifferenceRelativeToBaseDate2006_Max_Temperature_RCP85","2100-01","NASA_NEXGDDP_Subnational_AggrDiffStats","https://www.nccs.nasa.gov/services/data-collections/land-based-products/nex-gddp","","Celsius","C",3.887754,"Difference in Maximum Temperature Relative to the Base Date 2006 for RCP 8.5 Scenario"
"geoId/72005","","Aguadilla Municipio","DifferenceRelativeToBaseDate2006_Max_Temperature_RCP85","2100-02","NASA_NEXGDDP_Subnational_AggrDiffStats","https://www.nccs.nasa.gov/services/data-collections/land-based-products/nex-gddp","","Celsius","C",3.873777,"Difference in Maximum Temperature Relative to the Base Date 2006 for RCP 8.5 Scenario"
"geoId/72005","","Aguadilla Municipio","DifferenceRelativeToBaseDate2006_Max_Temperature_RCP85","2100-03","NASA_NEXGDDP_Subnational_AggrDiffStats","https://www.nccs.nasa.gov/services/data-collections/land-based-products/nex-gddp","","Celsius","C",5.587797,"Difference in Maximum Temperature Relative to the Base Date 2006 for RCP 8.5 Scenario"
"geoId/72005","","Aguadilla Municipio","DifferenceRelativeToBaseDate2006_Max_Temperature_RCP85","2100-04","NASA_NEXGDDP_Subnational_AggrDiffStats","https://www.nccs.nasa.gov/services/data-collections/land-based-products/nex-gddp","","Celsius","C",5.227446,"Difference in Maximum Temperature Relative to the Base Date 2006 for RCP 8.5 Scenario"
"geoId/72005","","Aguadilla Municipio","DifferenceRelativeToBaseDate2006_Max_Temperature_RCP85","2100-05","NASA_NEXGDDP_Subnational_AggrDiffStats","https://www.nccs.nasa.gov/services/data-collections/land-based-products/nex-gddp","","Celsius","C",4.315155,"Difference in Maximum Temperature Relative to the Base Date 2006 for RCP 8.5 Scenario"
"geoId/72005","","Aguadilla Municipio","DifferenceRelativeToBaseDate2006_Max_Temperature_RCP85","2100-06","NASA_NEXGDDP_Subnational_AggrDiffStats","https://www.nccs.nasa.gov/services/data-collections/land-based-products/nex-gddp","","Celsius","C",3.55954000000001,"Difference in Maximum Temperature Relative to the Base Date 2006 for RCP 8.5 Scenario"
"geoId/72005","","Aguadilla Municipio","DifferenceRelativeToBaseDate2006_Max_Temperature_RCP85","2100-07","NASA_NEXGDDP_Subnational_AggrDiffStats","https://www.nccs.nasa.gov/services/data-collections/land-based-products/nex-gddp","","Celsius","C",2.966218,"Difference in Maximum Temperature Relative to the Base Date 2006 for RCP 8.5 Scenario"
"geoId/72005","","Aguadilla Municipio","DifferenceRelativeToBaseDate2006_Max_Temperature_RCP85","2100-08","NASA_NEXGDDP_Subnational_AggrDiffStats","https://www.nccs.nasa.gov/services/data-collections/land-based-products/nex-gddp","","Celsius","C",3.995911,"Difference in Maximum Temperature Relative to the Base Date 2006 for RCP 8.5 Scenario"
"geoId/72005","","Aguadilla Municipio","DifferenceRelativeToBaseDate2006_Max_Temperature_RCP85","2100-09","NASA_NEXGDDP_Subnational_AggrDiffStats","https://www.nccs.nasa.gov/services/data-collections/land-based-products/nex-gddp","","Celsius","C",4.309723,"Difference in Maximum Temperature Relative to the Base Date 2006 for RCP 8.5 Scenario"
"geoId/72005","","Aguadilla Municipio","DifferenceRelativeToBaseDate2006_Max_Temperature_RCP85","2100-10","NASA_NEXGDDP_Subnational_AggrDiffStats","https://www.nccs.nasa.gov/services/data-collections/land-based-products/nex-gddp","","Celsius","C",3.991272,"Difference in Maximum Temperature Relative to the Base Date 2006 for RCP 8.5 Scenario"
"geoId/72005","","Aguadilla Municipio","DifferenceRelativeToBaseDate2006_Max_Temperature_RCP85","2100-11","NASA_NEXGDDP_Subnational_AggrDiffStats","https://www.nccs.nasa.gov/services/data-collections/land-based-products/nex-gddp","","Celsius","C",4.474944,"Difference in Maximum Temperature Relative to the Base Date 2006 for RCP 8.5 Scenario"
"geoId/72005","","Aguadilla Municipio","DifferenceRelativeToBaseDate2006_Max_Temperature_RCP85","2100-12","NASA_NEXGDDP_Subnational_AggrDiffStats","https://www.nccs.nasa.gov/services/data-collections/land-based-products/nex-gddp","","Celsius","C",2.480161,"Difference in Maximum Temperature Relative to the Base Date 2006 for RCP 8.5 Scenario"