"Entity DCID","Entity properties isoCode","Entity properties name","Variable DCID","Variable observation date","Variable observation metadata importName","Variable observation metadata provenanceUrl","Variable observation metadata scalingFactor","Variable observation metadata unit","Variable observation metadata unitDisplayName","Variable observation value","Variable properties name"
"geoId/72005","","Aguadilla Municipio","DifferenceRelativeToBaseDate2006_Max_Temperature_RCP45","2007-01","NASA_NEXGDDP_Subnational_AggrDiffStats","https://www.nccs.nasa.gov/services/data-collections/land-based-products/nex-gddp","","Celsius","C",0.238769999999999,"Maximum Temperature Projections Compared to 2006 for the RCP 4.5 Climate Model"
"geoId/72005","","Aguadilla Municipio","DifferenceRelativeToBaseDate2006_Max_Temperature_RCP45","2007-02","NASA_NEXGDDP_Subnational_AggrDiffStats","https://www.nccs.nasa.gov/services/data-collections/land-based-products/nex-gddp","","Celsius","C",0.264923,"Maximum Temperature Projections Compared to 2006 for the RCP 4.5 Climate Model"
"geoId/72005","","Aguadilla Municipio","DifferenceRelativeToBaseDate2006_Max_Temperature_RCP45","2007-03","NASA_NEXGDDP_Subnational_AggrDiffStats","https://www.nccs.nasa.gov/services/data-collections/land-based-products/nex-gddp","","Celsius","C",0.347687000000001,"Maximum Temperature Projections Compared to 2006 for the RCP 4.5 Climate Model"
"geoId/72005","","Aguadilla Municipio","DifferenceRelativeToBaseDate2006_Max_Temperature_RCP45","2007-04","NASA_NEXGDDP_Subnational_AggrDiffStats","https://www.nccs.nasa.gov/services/data-collections/land-based-products/nex-gddp","","Celsius","C",2.95587,"Maximum Temperature Projections Compared to 2006 for the RCP 4.5 Climate Model"
"geoId/72005","","Aguadilla Municipio","DifferenceRelativeToBaseDate2006_Max_Temperature_RCP45","2007-05","NASA_NEXGDDP_Subnational_AggrDiffStats","https://www.nccs.nasa.gov/services/data-collections/land-based-products/nex-gddp","","Celsius","C",1.363889,"Maximum Temperature Projections Compared to 2006 for the RCP 4.5 Climate Model"
"geoId/72005","","Aguadilla Municipio","DifferenceRelativeToBaseDate2006_Max_Temperature_RCP45","2007-06","NASA_NEXGDDP_Subnational_AggrDiffStats","https://www.nccs.nasa.gov/services/data-collections/land-based-products/nex-gddp","","Celsius","C",1.09085,"Maximum Temperature Projections Compared to 2006 for the RCP 4.5 Climate Model"
"geoId/72005","","Aguadilla Municipio","DifferenceRelativeToBaseDate2006_Max_Temperature_RCP45","2007-07","NASA_NEXGDDP_Subnational_AggrDiffStats","https://www.nccs.nasa.gov/services/data-collections/land-based-products/nex-gddp","","Celsius","C",1.152984,"Maximum Temperature Projections Compared to 2006 for the RCP 4.5 Climate Model"
"geoId/72005","","Aguadilla Municipio","DifferenceRelativeToBaseDate2006_Max_Temperature_RCP45","2007-08","NASA_NEXGDDP_Subnational_AggrDiffStats","https://www.nccs.nasa.gov/services/data-collections/land-based-products/nex-gddp","","Celsius","C",2.20187300000001,"Maximum Temperature Projections Compared to 2006 for the RCP 4.5 Climate Model"
"geoId/72005","","Aguadilla Municipio","DifferenceRelativeToBaseDate2006_Max_Temperature_RCP45","2007-09","NASA_NEXGDDP_Subnational_AggrDiffStats","https://www.nccs.nasa.gov/services/data-collections/land-based-products/nex-gddp","","Celsius","C",-0.157530999999999,"Maximum Temperature Projections Compared to 2006 for the RCP 4.5 Climate Model"
"geoId/72005","","Aguadilla Municipio","DifferenceRelativeToBaseDate2006_Max_Temperature_RCP45","2007-10","NASA_NEXGDDP_Subnational_AggrDiffStats","https://www.nccs.nasa.gov/services/data-collections/land-based-products/nex-gddp","","Celsius","C",0.145049999999998,"Maximum Temperature Projections Compared to 2006 for the RCP 4.5 Climate Model"
"geoId/72005","","Aguadilla Municipio","DifferenceRelativeToBaseDate2006_Max_Temperature_RCP45","2007-11","NASA_NEXGDDP_Subnational_AggrDiffStats","https://www.nccs.nasa.gov/services/data-collections/land-based-products/nex-gddp","","Celsius","C",0.712155999999997,"Maximum Temperature Projections Compared to 2006 for the RCP 4.5 Climate Model"
"geoId/72005","","Aguadilla Municipio","DifferenceRelativeToBaseDate2006_Max_Temperature_RCP45","2007-12","NASA_NEXGDDP_Subnational_AggrDiffStats","https://www.nccs.nasa.gov/services/data-collections/land-based-products/nex-gddp","","Celsius","C",1.036621,"Maximum Temperature Projections Compared to 2006 for the RCP 4.5 Climate Model"
"geoId/72005","","Aguadilla Municipio","DifferenceRelativeToBaseDate2006_Max_Temperature_RCP45","2008-01","NASA_NEXGDDP_Subnational_AggrDiffStats","https://www.nccs.nasa.gov/services/data-collections/land-based-products/nex-gddp","","Celsius","C",0.851654,"Maximum Temperature Projections Compared to 2006 for the RCP 4.5 Climate Model"
"geoId/72005","","Aguadilla Municipio","DifferenceRelativeToBaseDate2006_Max_Temperature_RCP45","2008-02","NASA_NEXGDDP_Subnational_AggrDiffStats","https://www.nccs.nasa.gov/services/data-collections/land-based-products/nex-gddp","","Celsius","C",3.104337,"Maximum Temperature Projections Compared to 2006 for the RCP 4.5 Climate Model"
"geoId/72005","","Aguadilla Municipio","DifferenceRelativeToBaseDate2006_Max_Temperature_RCP45","2008-03","NASA_NEXGDDP_Subnational_AggrDiffStats","https://www.nccs.nasa.gov/services/data-collections/land-based-products/nex-gddp","","Celsius","C",1.851073,"Maximum Temperature Projections Compared to 2006 for the RCP 4.5 Climate Model"
"geoId/72005","","Aguadilla Municipio","DifferenceRelativeToBaseDate2006_Max_Temperature_RCP45","2008-04","NASA_NEXGDDP_Subnational_AggrDiffStats","https://www.nccs.nasa.gov/services/data-collections/land-based-products/nex-gddp","","Celsius","C",1.79251,"Maximum Temperature Projections Compared to 2006 for the RCP 4.5 Climate Model"
"geoId/72005","","Aguadilla Municipio","DifferenceRelativeToBaseDate2006_Max_Temperature_RCP45","2008-05","NASA_NEXGDDP_Subnational_AggrDiffStats","https://www.nccs.nasa.gov/services/data-collections/land-based-products/nex-gddp","","Celsius","C",1.563322,"Maximum Temperature Projections Compared to 2006 for the RCP 4.5 Climate Model"
"geoId/72005","","Aguadilla Municipio","DifferenceRelativeToBaseDate2006_Max_Temperature_RCP45","2008-06","NASA_NEXGDDP_Subnational_AggrDiffStats","https://www.nccs.nasa.gov/services/data-collections/land-based-products/nex-gddp","","Celsius","C",0.638793,"Maximum Temperature Projections Compared to 2006 for the RCP 4.5 Climate Model"
"geoId/72005","","Aguadilla Municipio","DifferenceRelativeToBaseDate2006_Max_Temperature_RCP45","2008-07","NASA_NEXGDDP_Subnational_AggrDiffStats","https://www.nccs.nasa.gov/services/data-collections/land-based-products/nex-gddp","","Celsius","C",0.178131,"Maximum Temperature Projections Compared to 2006 for the RCP 4.5 Climate Model"
"geoId/72005","","Aguadilla Municipio","DifferenceRelativeToBaseDate2006_Max_Temperature_RCP45","2008-08","NASA_NEXGDDP_Subnational_AggrDiffStats","https://www.nccs.nasa.gov/services/data-collections/land-based-products/nex-gddp","","Celsius","C",0.888549000000005,"Maximum Temperature Projections Compared to 2006 for the RCP 4.5 Climate Model"
"geoId/72005","","Aguadilla Municipio","DifferenceRelativeToBaseDate2006_Max_Temperature_RCP45","2008-09","NASA_NEXGDDP_Subnational_AggrDiffStats","https://www.nccs.nasa.gov/services/data-collections/land-based-products/nex-gddp","","Celsius","C",-0.797393,"Maximum Temperature Projections Compared to 2006 for the RCP 4.5 Climate Model"
"geoId/72005","","Aguadilla Municipio","DifferenceRelativeToBaseDate2006_Max_Temperature_RCP45","2008-10","NASA_NEXGDDP_Subnational_AggrDiffStats","https://www.nccs.nasa.gov/services/data-collections/land-based-products/nex-gddp","","Celsius","C",0.507477000000002,"Maximum Temperature Projections Compared to 2006 for the RCP 4.5 Climate Model"
"geoId/72005","","Aguadilla Municipio","DifferenceRelativeToBaseDate2006_Max_Temperature_RCP45","2008-11","NASA_NEXGDDP_Subnational_AggrDiffStats","https://www.nccs.nasa.gov/services/data-collections/land-based-products/nex-gddp","","Celsius","C",0.749998000000001,"Maximum Temperature Projections Compared to 2006 for the RCP 4.5 Climate Model"
"geoId/72005","","Aguadilla Municipio","DifferenceRelativeToBaseDate2006_Max_Temperature_RCP45","2008-12","NASA_NEXGDDP_Subnational_AggrDiffStats","https://www.nccs.nasa.gov/services/data-collections/land-based-products/nex-gddp","","Celsius","C",1.387388,"Maximum Temperature Projections Compared to 2006 for the RCP 4.5 Climate Model"
"geoId/72005","","Aguadilla Municipio","DifferenceRelativeToBaseDate2006_Max_Temperature_RCP45","2009-01","NASA_NEXGDDP_Subnational_AggrDiffStats","https://www.nccs.nasa.gov/services/data-collections/land-based-products/nex-gddp","","Celsius","C",0.567719,"Maximum Temperature Projections Compared to 2006 for the RCP 4.5 Climate Model"
"geoId/72005","","Aguadilla Municipio","DifferenceRelativeToBaseDate2006_Max_Temperature_RCP45","2009-02","NASA_NEXGDDP_Subnational_AggrDiffStats","https://www.nccs.nasa.gov/services/data-collections/land-based-products/nex-gddp","","Celsius","C",2.733244,"Maximum Temperature Projections Compared to 2006 for the RCP 4.5 Climate Model"
"geoId/72005","","Aguadilla Municipio","DifferenceRelativeToBaseDate2006_Max_Temperature_RCP45","2009-03","NASA_NEXGDDP_Subnational_AggrDiffStats","https://www.nccs.nasa.gov/services/data-collections/land-based-products/nex-gddp","","Celsius","C",-0.0254820000000002,"Maximum Temperature Projections Compared to 2006 for the RCP 4.5 Climate Model"
"geoId/72005","","Aguadilla Municipio","DifferenceRelativeToBaseDate2006_Max_Temperature_RCP45","2009-04","NASA_NEXGDDP_Subnational_AggrDiffStats","https://www.nccs.nasa.gov/services/data-collections/land-based-products/nex-gddp","","Celsius","C",1.437315,"Maximum Temperature Projections Compared to 2006 for the RCP 4.5 Climate Model"
"geoId/72005","","Aguadilla Municipio","DifferenceRelativeToBaseDate2006_Max_Temperature_RCP45","2009-05","NASA_NEXGDDP_Subnational_AggrDiffStats","https://www.nccs.nasa.gov/services/data-collections/land-based-products/nex-gddp","","Celsius","C",1.876951,"Maximum Temperature Projections Compared to 2006 for the RCP 4.5 Climate Model"
"geoId/72005","","Aguadilla Municipio","DifferenceRelativeToBaseDate2006_Max_Temperature_RCP45","2009-06","NASA_NEXGDDP_Subnational_AggrDiffStats","https://www.nccs.nasa.gov/services/data-collections/land-based-products/nex-gddp","","Celsius","C",0.249327999999998,"Maximum Temperature Projections Compared to 2006 for the RCP 4.5 Climate Model"
"geoId/72005","","Aguadilla Municipio","DifferenceRelativeToBaseDate2006_Max_Temperature_RCP45","2009-07","NASA_NEXGDDP_Subnational_AggrDiffStats","https://www.nccs.nasa.gov/services/data-collections/land-based-products/nex-gddp","","Celsius","C",0.00643900000000031,"Maximum Temperature Projections Compared to 2006 for the RCP 4.5 Climate Model"
"geoId/72005","","Aguadilla Municipio","DifferenceRelativeToBaseDate2006_Max_Temperature_RCP45","2009-08","NASA_NEXGDDP_Subnational_AggrDiffStats","https://www.nccs.nasa.gov/services/data-collections/land-based-products/nex-gddp","","Celsius","C",-0.539245999999999,"Maximum Temperature Projections Compared to 2006 for the RCP 4.5 Climate Model"
"geoId/72005","","Aguadilla Municipio","DifferenceRelativeToBaseDate2006_Max_Temperature_RCP45","2009-09","NASA_NEXGDDP_Subnational_AggrDiffStats","https://www.nccs.nasa.gov/services/data-collections/land-based-products/nex-gddp","","Celsius","C",-2.317321,"Maximum Temperature Projections Compared to 2006 for the RCP 4.5 Climate Model"
"geoId/72005","","Aguadilla Municipio","DifferenceRelativeToBaseDate2006_Max_Temperature_RCP45","2009-10","NASA_NEXGDDP_Subnational_AggrDiffStats","https://www.nccs.nasa.gov/services/data-collections/land-based-products/nex-gddp","","Celsius","C",-0.211731,"Maximum Temperature Projections Compared to 2006 for the RCP 4.5 Climate Model"
"geoId/72005","","Aguadilla Municipio","DifferenceRelativeToBaseDate2006_Max_Temperature_RCP45","2009-11","NASA_NEXGDDP_Subnational_AggrDiffStats","https://www.nccs.nasa.gov/services/data-collections/land-based-products/nex-gddp","","Celsius","C",1.191099,"Maximum Temperature Projections Compared to 2006 for the RCP 4.5 Climate Model"
"geoId/72005","","Aguadilla Municipio","DifferenceRelativeToBaseDate2006_Max_Temperature_RCP45","2009-12","NASA_NEXGDDP_Subnational_AggrDiffStats","https://www.nccs.nasa.gov/services/data-collections/land-based-products/nex-gddp","","Celsius","C",-1.23172,"Maximum Temperature Projections Compared to 2006 for the RCP 4.5 Climate Model"
"geoId/72005","","Aguadilla Municipio","DifferenceRelativeToBaseDate2006_Max_Temperature_RCP45","2010-01","NASA_NEXGDDP_Subnational_AggrDiffStats","https://www.nccs.nasa.gov/services/data-collections/land-based-products/nex-gddp","","Celsius","C",-0.184417,"Maximum Temperature Projections Compared to 2006 for the RCP 4.5 Climate Model"
"geoId/72005","","Aguadilla Municipio","DifferenceRelativeToBaseDate2006_Max_Temperature_RCP45","2010-02","NASA_NEXGDDP_Subnational_AggrDiffStats","https://www.nccs.nasa.gov/services/data-collections/land-based-products/nex-gddp","","Celsius","C",2.768095,"Maximum Temperature Projections Compared to 2006 for the RCP 4.5 Climate Model"
"geoId/72005","","Aguadilla Municipio","DifferenceRelativeToBaseDate2006_Max_Temperature_RCP45","2010-03","NASA_NEXGDDP_Subnational_AggrDiffStats","https://www.nccs.nasa.gov/services/data-collections/land-based-products/nex-gddp","","Celsius","C",0.408448,"Maximum Temperature Projections Compared to 2006 for the RCP 4.5 Climate Model"
"geoId/72005","","Aguadilla Municipio","DifferenceRelativeToBaseDate2006_Max_Temperature_RCP45","2010-04","NASA_NEXGDDP_Subnational_AggrDiffStats","https://www.nccs.nasa.gov/services/data-collections/land-based-products/nex-gddp","","Celsius","C",2.541869,"Maximum Temperature Projections Compared to 2006 for the RCP 4.5 Climate Model"
"geoId/72005","","Aguadilla Municipio","DifferenceRelativeToBaseDate2006_Max_Temperature_RCP45","2010-05","NASA_NEXGDDP_Subnational_AggrDiffStats","https://www.nccs.nasa.gov/services/data-collections/land-based-products/nex-gddp","","Celsius","C",1.037779,"Maximum Temperature Projections Compared to 2006 for the RCP 4.5 Climate Model"
"geoId/72005","","Aguadilla Municipio","DifferenceRelativeToBaseDate2006_Max_Temperature_RCP45","2010-06","NASA_NEXGDDP_Subnational_AggrDiffStats","https://www.nccs.nasa.gov/services/data-collections/land-based-products/nex-gddp","","Celsius","C",-0.444854999999997,"Maximum Temperature Projections Compared to 2006 for the RCP 4.5 Climate Model"
"geoId/72005","","Aguadilla Municipio","DifferenceRelativeToBaseDate2006_Max_Temperature_RCP45","2010-07","NASA_NEXGDDP_Subnational_AggrDiffStats","https://www.nccs.nasa.gov/services/data-collections/land-based-products/nex-gddp","","Celsius","C",-0.665771999999997,"Maximum Temperature Projections Compared to 2006 for the RCP 4.5 Climate Model"
"geoId/72005","","Aguadilla Municipio","DifferenceRelativeToBaseDate2006_Max_Temperature_RCP45","2010-08","NASA_NEXGDDP_Subnational_AggrDiffStats","https://www.nccs.nasa.gov/services/data-collections/land-based-products/nex-gddp","","Celsius","C",-0.442138999999997,"Maximum Temperature Projections Compared to 2006 for the RCP 4.5 Climate Model"
"geoId/72005","","Aguadilla Municipio","DifferenceRelativeToBaseDate2006_Max_Temperature_RCP45","2010-09","NASA_NEXGDDP_Subnational_AggrDiffStats","https://www.nccs.nasa.gov/services/data-collections/land-based-products/nex-gddp","","Celsius","C",-0.105102000000002,"Maximum Temperature Projections Compared to 2006 for the RCP 4.5 Climate Model"
"geoId/72005","","Aguadilla Municipio","DifferenceRelativeToBaseDate2006_Max_Temperature_RCP45","2010-10","NASA_NEXGDDP_Subnational_AggrDiffStats","https://www.nccs.nasa.gov/services/data-collections/land-based-products/nex-gddp","","Celsius","C",0.507140999999997,"Maximum Temperature Projections Compared to 2006 for the RCP 4.5 Climate Model"
"geoId/72005","","Aguadilla Municipio","DifferenceRelativeToBaseDate2006_Max_Temperature_RCP45","2010-11","NASA_NEXGDDP_Subnational_AggrDiffStats","https://www.nccs.nasa.gov/services/data-collections/land-based-products/nex-gddp","","Celsius","C",0.303372999999997,"Maximum Temperature Projections Compared to 2006 for the RCP 4.5 Climate Model"
"geoId/72005","","Aguadilla Municipio","DifferenceRelativeToBaseDate2006_Max_Temperature_RCP45","2010-12","NASA_NEXGDDP_Subnational_AggrDiffStats","https://www.nccs.nasa.gov/services/data-collections/land-based-products/nex-gddp","","Celsius","C",-0.242340000000002,"Maximum Temperature Projections Compared to 2006 for the RCP 4.5 Climate Model"
"geoId/72005","","Aguadilla Municipio","DifferenceRelativeToBaseDate2006_Max_Temperature_RCP45","2011-01","NASA_NEXGDDP_Subnational_AggrDiffStats","https://www.nccs.nasa.gov/services/data-collections/land-based-products/nex-gddp","","Celsius","C",0.173095999999997,"Maximum Temperature Projections Compared to 2006 for the RCP 4.5 Climate Model"
"geoId/72005","","Aguadilla Municipio","DifferenceRelativeToBaseDate2006_Max_Temperature_RCP45","2011-02","NASA_NEXGDDP_Subnational_AggrDiffStats","https://www.nccs.nasa.gov/services/data-collections/land-based-products/nex-gddp","","Celsius","C",0.999175999999999,"Maximum Temperature Projections Compared to 2006 for the RCP 4.5 Climate Model"
"geoId/72005","","Aguadilla Municipio","DifferenceRelativeToBaseDate2006_Max_Temperature_RCP45","2011-03","NASA_NEXGDDP_Subnational_AggrDiffStats","https://www.nccs.nasa.gov/services/data-collections/land-based-products/nex-gddp","","Celsius","C",-1.263763,"Maximum Temperature Projections Compared to 2006 for the RCP 4.5 Climate Model"
"geoId/72005","","Aguadilla Municipio","DifferenceRelativeToBaseDate2006_Max_Temperature_RCP45","2011-04","NASA_NEXGDDP_Subnational_AggrDiffStats","https://www.nccs.nasa.gov/services/data-collections/land-based-products/nex-gddp","","Celsius","C",0.0127260000000007,"Maximum Temperature Projections Compared to 2006 for the RCP 4.5 Climate Model"
"geoId/72005","","Aguadilla Municipio","DifferenceRelativeToBaseDate2006_Max_Temperature_RCP45","2011-05","NASA_NEXGDDP_Subnational_AggrDiffStats","https://www.nccs.nasa.gov/services/data-collections/land-based-products/nex-gddp","","Celsius","C",0.609983000000003,"Maximum Temperature Projections Compared to 2006 for the RCP 4.5 Climate Model"
"geoId/72005","","Aguadilla Municipio","DifferenceRelativeToBaseDate2006_Max_Temperature_RCP45","2011-06","NASA_NEXGDDP_Subnational_AggrDiffStats","https://www.nccs.nasa.gov/services/data-collections/land-based-products/nex-gddp","","Celsius","C",0.852386000000003,"Maximum Temperature Projections Compared to 2006 for the RCP 4.5 Climate Model"
"geoId/72005","","Aguadilla Municipio","DifferenceRelativeToBaseDate2006_Max_Temperature_RCP45","2011-07","NASA_NEXGDDP_Subnational_AggrDiffStats","https://www.nccs.nasa.gov/services/data-collections/land-based-products/nex-gddp","","Celsius","C",0.374907999999998,"Maximum Temperature Projections Compared to 2006 for the RCP 4.5 Climate Model"
"geoId/72005","","Aguadilla Municipio","DifferenceRelativeToBaseDate2006_Max_Temperature_RCP45","2011-08","NASA_NEXGDDP_Subnational_AggrDiffStats","https://www.nccs.nasa.gov/services/data-collections/land-based-products/nex-gddp","","Celsius","C",0.559906000000005,"Maximum Temperature Projections Compared to 2006 for the RCP 4.5 Climate Model"
"geoId/72005","","Aguadilla Municipio","DifferenceRelativeToBaseDate2006_Max_Temperature_RCP45","2011-09","NASA_NEXGDDP_Subnational_AggrDiffStats","https://www.nccs.nasa.gov/services/data-collections/land-based-products/nex-gddp","","Celsius","C",-0.826751000000002,"Maximum Temperature Projections Compared to 2006 for the RCP 4.5 Climate Model"
"geoId/72005","","Aguadilla Municipio","DifferenceRelativeToBaseDate2006_Max_Temperature_RCP45","2011-10","NASA_NEXGDDP_Subnational_AggrDiffStats","https://www.nccs.nasa.gov/services/data-collections/land-based-products/nex-gddp","","Celsius","C",0.715392999999999,"Maximum Temperature Projections Compared to 2006 for the RCP 4.5 Climate Model"
"geoId/72005","","Aguadilla Municipio","DifferenceRelativeToBaseDate2006_Max_Temperature_RCP45","2011-11","NASA_NEXGDDP_Subnational_AggrDiffStats","https://www.nccs.nasa.gov/services/data-collections/land-based-products/nex-gddp","","Celsius","C",1.042296,"Maximum Temperature Projections Compared to 2006 for the RCP 4.5 Climate Model"
"geoId/72005","","Aguadilla Municipio","DifferenceRelativeToBaseDate2006_Max_Temperature_RCP45","2011-12","NASA_NEXGDDP_Subnational_AggrDiffStats","https://www.nccs.nasa.gov/services/data-collections/land-based-products/nex-gddp","","Celsius","C",0.922149999999998,"Maximum Temperature Projections Compared to 2006 for the RCP 4.5 Climate Model"
"geoId/72005","","Aguadilla Municipio","DifferenceRelativeToBaseDate2006_Max_Temperature_RCP45","2012-01","NASA_NEXGDDP_Subnational_AggrDiffStats","https://www.nccs.nasa.gov/services/data-collections/land-based-products/nex-gddp","","Celsius","C",0.685912999999999,"Maximum Temperature Projections Compared to 2006 for the RCP 4.5 Climate Model"
"geoId/72005","","Aguadilla Municipio","DifferenceRelativeToBaseDate2006_Max_Temperature_RCP45","2012-02","NASA_NEXGDDP_Subnational_AggrDiffStats","https://www.nccs.nasa.gov/services/data-collections/land-based-products/nex-gddp","","Celsius","C",2.051391,"Maximum Temperature Projections Compared to 2006 for the RCP 4.5 Climate Model"
"geoId/72005","","Aguadilla Municipio","DifferenceRelativeToBaseDate2006_Max_Temperature_RCP45","2012-03","NASA_NEXGDDP_Subnational_AggrDiffStats","https://www.nccs.nasa.gov/services/data-collections/land-based-products/nex-gddp","","Celsius","C",0.761322,"Maximum Temperature Projections Compared to 2006 for the RCP 4.5 Climate Model"
"geoId/72005","","Aguadilla Municipio","DifferenceRelativeToBaseDate2006_Max_Temperature_RCP45","2012-04","NASA_NEXGDDP_Subnational_AggrDiffStats","https://www.nccs.nasa.gov/services/data-collections/land-based-products/nex-gddp","","Celsius","C",0.932435000000002,"Maximum Temperature Projections Compared to 2006 for the RCP 4.5 Climate Model"
"geoId/72005","","Aguadilla Municipio","DifferenceRelativeToBaseDate2006_Max_Temperature_RCP45","2012-05","NASA_NEXGDDP_Subnational_AggrDiffStats","https://www.nccs.nasa.gov/services/data-collections/land-based-products/nex-gddp","","Celsius","C",1.973905,"Maximum Temperature Projections Compared to 2006 for the RCP 4.5 Climate Model"
"geoId/72005","","Aguadilla Municipio","DifferenceRelativeToBaseDate2006_Max_Temperature_RCP45","2012-06","NASA_NEXGDDP_Subnational_AggrDiffStats","https://www.nccs.nasa.gov/services/data-collections/land-based-products/nex-gddp","","Celsius","C",0.786773000000004,"Maximum Temperature Projections Compared to 2006 for the RCP 4.5 Climate Model"
"geoId/72005","","Aguadilla Municipio","DifferenceRelativeToBaseDate2006_Max_Temperature_RCP45","2012-07","NASA_NEXGDDP_Subnational_AggrDiffStats","https://www.nccs.nasa.gov/services/data-collections/land-based-products/nex-gddp","","Celsius","C",1.137665,"Maximum Temperature Projections Compared to 2006 for the RCP 4.5 Climate Model"
"geoId/72005","","Aguadilla Municipio","DifferenceRelativeToBaseDate2006_Max_Temperature_RCP45","2012-08","NASA_NEXGDDP_Subnational_AggrDiffStats","https://www.nccs.nasa.gov/services/data-collections/land-based-products/nex-gddp","","Celsius","C",0.0548090000000059,"Maximum Temperature Projections Compared to 2006 for the RCP 4.5 Climate Model"
"geoId/72005","","Aguadilla Municipio","DifferenceRelativeToBaseDate2006_Max_Temperature_RCP45","2012-09","NASA_NEXGDDP_Subnational_AggrDiffStats","https://www.nccs.nasa.gov/services/data-collections/land-based-products/nex-gddp","","Celsius","C",-1.211151,"Maximum Temperature Projections Compared to 2006 for the RCP 4.5 Climate Model"
"geoId/72005","","Aguadilla Municipio","DifferenceRelativeToBaseDate2006_Max_Temperature_RCP45","2012-10","NASA_NEXGDDP_Subnational_AggrDiffStats","https://www.nccs.nasa.gov/services/data-collections/land-based-products/nex-gddp","","Celsius","C",1.363373,"Maximum Temperature Projections Compared to 2006 for the RCP 4.5 Climate Model"
"geoId/72005","","Aguadilla Municipio","DifferenceRelativeToBaseDate2006_Max_Temperature_RCP45","2012-11","NASA_NEXGDDP_Subnational_AggrDiffStats","https://www.nccs.nasa.gov/services/data-collections/land-based-products/nex-gddp","","Celsius","C",-0.358153999999999,"Maximum Temperature Projections Compared to 2006 for the RCP 4.5 Climate Model"
"geoId/72005","","Aguadilla Municipio","DifferenceRelativeToBaseDate2006_Max_Temperature_RCP45","2012-12","NASA_NEXGDDP_Subnational_AggrDiffStats","https://www.nccs.nasa.gov/services/data-collections/land-based-products/nex-gddp","","Celsius","C",1.047455,"Maximum Temperature Projections Compared to 2006 for the RCP 4.5 Climate Model"
"geoId/72005","","Aguadilla Municipio","DifferenceRelativeToBaseDate2006_Max_Temperature_RCP45","2013-01","NASA_NEXGDDP_Subnational_AggrDiffStats","https://www.nccs.nasa.gov/services/data-collections/land-based-products/nex-gddp","","Celsius","C",0.592742999999999,"Maximum Temperature Projections Compared to 2006 for the RCP 4.5 Climate Model"
"geoId/72005","","Aguadilla Municipio","DifferenceRelativeToBaseDate2006_Max_Temperature_RCP45","2013-02","NASA_NEXGDDP_Subnational_AggrDiffStats","https://www.nccs.nasa.gov/services/data-collections/land-based-products/nex-gddp","","Celsius","C",0.126311999999999,"Maximum Temperature Projections Compared to 2006 for the RCP 4.5 Climate Model"
"geoId/72005","","Aguadilla Municipio","DifferenceRelativeToBaseDate2006_Max_Temperature_RCP45","2013-03","NASA_NEXGDDP_Subnational_AggrDiffStats","https://www.nccs.nasa.gov/services/data-collections/land-based-products/nex-gddp","","Celsius","C",-0.186156999999998,"Maximum Temperature Projections Compared to 2006 for the RCP 4.5 Climate Model"
"geoId/72005","","Aguadilla Municipio","DifferenceRelativeToBaseDate2006_Max_Temperature_RCP45","2013-04","NASA_NEXGDDP_Subnational_AggrDiffStats","https://www.nccs.nasa.gov/services/data-collections/land-based-products/nex-gddp","","Celsius","C",-0.0272210000000008,"Maximum Temperature Projections Compared to 2006 for the RCP 4.5 Climate Model"
"geoId/72005","","Aguadilla Municipio","DifferenceRelativeToBaseDate2006_Max_Temperature_RCP45","2013-05","NASA_NEXGDDP_Subnational_AggrDiffStats","https://www.nccs.nasa.gov/services/data-collections/land-based-products/nex-gddp","","Celsius","C",-0.763244999999998,"Maximum Temperature Projections Compared to 2006 for the RCP 4.5 Climate Model"
"geoId/72005","","Aguadilla Municipio","DifferenceRelativeToBaseDate2006_Max_Temperature_RCP45","2013-06","NASA_NEXGDDP_Subnational_AggrDiffStats","https://www.nccs.nasa.gov/services/data-collections/land-based-products/nex-gddp","","Celsius","C",-0.857755999999998,"Maximum Temperature Projections Compared to 2006 for the RCP 4.5 Climate Model"
"geoId/72005","","Aguadilla Municipio","DifferenceRelativeToBaseDate2006_Max_Temperature_RCP45","2013-07","NASA_NEXGDDP_Subnational_AggrDiffStats","https://www.nccs.nasa.gov/services/data-collections/land-based-products/nex-gddp","","Celsius","C",-0.936643999999998,"Maximum Temperature Projections Compared to 2006 for the RCP 4.5 Climate Model"
"geoId/72005","","Aguadilla Municipio","DifferenceRelativeToBaseDate2006_Max_Temperature_RCP45","2013-08","NASA_NEXGDDP_Subnational_AggrDiffStats","https://www.nccs.nasa.gov/services/data-collections/land-based-products/nex-gddp","","Celsius","C",-0.197936999999996,"Maximum Temperature Projections Compared to 2006 for the RCP 4.5 Climate Model"
"geoId/72005","","Aguadilla Municipio","DifferenceRelativeToBaseDate2006_Max_Temperature_RCP45","2013-09","NASA_NEXGDDP_Subnational_AggrDiffStats","https://www.nccs.nasa.gov/services/data-collections/land-based-products/nex-gddp","","Celsius","C",-2.29071,"Maximum Temperature Projections Compared to 2006 for the RCP 4.5 Climate Model"
"geoId/72005","","Aguadilla Municipio","DifferenceRelativeToBaseDate2006_Max_Temperature_RCP45","2013-10","NASA_NEXGDDP_Subnational_AggrDiffStats","https://www.nccs.nasa.gov/services/data-collections/land-based-products/nex-gddp","","Celsius","C",-0.498840000000001,"Maximum Temperature Projections Compared to 2006 for the RCP 4.5 Climate Model"
"geoId/72005","","Aguadilla Municipio","DifferenceRelativeToBaseDate2006_Max_Temperature_RCP45","2013-11","NASA_NEXGDDP_Subnational_AggrDiffStats","https://www.nccs.nasa.gov/services/data-collections/land-based-products/nex-gddp","","Celsius","C",-0.144897,"Maximum Temperature Projections Compared to 2006 for the RCP 4.5 Climate Model"
"geoId/72005","","Aguadilla Municipio","DifferenceRelativeToBaseDate2006_Max_Temperature_RCP45","2013-12","NASA_NEXGDDP_Subnational_AggrDiffStats","https://www.nccs.nasa.gov/services/data-collections/land-based-products/nex-gddp","","Celsius","C",-0.706878,"Maximum Temperature Projections Compared to 2006 for the RCP 4.5 Climate Model"
"geoId/72005","","Aguadilla Municipio","DifferenceRelativeToBaseDate2006_Max_Temperature_RCP45","2014-01","NASA_NEXGDDP_Subnational_AggrDiffStats","https://www.nccs.nasa.gov/services/data-collections/land-based-products/nex-gddp","","Celsius","C",-0.764953000000002,"Maximum Temperature Projections Compared to 2006 for the RCP 4.5 Climate Model"
"geoId/72005","","Aguadilla Municipio","DifferenceRelativeToBaseDate2006_Max_Temperature_RCP45","2014-02","NASA_NEXGDDP_Subnational_AggrDiffStats","https://www.nccs.nasa.gov/services/data-collections/land-based-products/nex-gddp","","Celsius","C",-0.164916999999999,"Maximum Temperature Projections Compared to 2006 for the RCP 4.5 Climate Model"
"geoId/72005","","Aguadilla Municipio","DifferenceRelativeToBaseDate2006_Max_Temperature_RCP45","2014-03","NASA_NEXGDDP_Subnational_AggrDiffStats","https://www.nccs.nasa.gov/services/data-collections/land-based-products/nex-gddp","","Celsius","C",0.646454000000002,"Maximum Temperature Projections Compared to 2006 for the RCP 4.5 Climate Model"
"geoId/72005","","Aguadilla Municipio","DifferenceRelativeToBaseDate2006_Max_Temperature_RCP45","2014-04","NASA_NEXGDDP_Subnational_AggrDiffStats","https://www.nccs.nasa.gov/services/data-collections/land-based-products/nex-gddp","","Celsius","C",1.823637,"Maximum Temperature Projections Compared to 2006 for the RCP 4.5 Climate Model"
"geoId/72005","","Aguadilla Municipio","DifferenceRelativeToBaseDate2006_Max_Temperature_RCP45","2014-05","NASA_NEXGDDP_Subnational_AggrDiffStats","https://www.nccs.nasa.gov/services/data-collections/land-based-products/nex-gddp","","Celsius","C",1.23895,"Maximum Temperature Projections Compared to 2006 for the RCP 4.5 Climate Model"
"geoId/72005","","Aguadilla Municipio","DifferenceRelativeToBaseDate2006_Max_Temperature_RCP45","2014-06","NASA_NEXGDDP_Subnational_AggrDiffStats","https://www.nccs.nasa.gov/services/data-collections/land-based-products/nex-gddp","","Celsius","C",0.447051999999999,"Maximum Temperature Projections Compared to 2006 for the RCP 4.5 Climate Model"
"geoId/72005","","Aguadilla Municipio","DifferenceRelativeToBaseDate2006_Max_Temperature_RCP45","2014-07","NASA_NEXGDDP_Subnational_AggrDiffStats","https://www.nccs.nasa.gov/services/data-collections/land-based-products/nex-gddp","","Celsius","C",-0.233886999999996,"Maximum Temperature Projections Compared to 2006 for the RCP 4.5 Climate Model"
"geoId/72005","","Aguadilla Municipio","DifferenceRelativeToBaseDate2006_Max_Temperature_RCP45","2014-08","NASA_NEXGDDP_Subnational_AggrDiffStats","https://www.nccs.nasa.gov/services/data-collections/land-based-products/nex-gddp","","Celsius","C",0.212707000000002,"Maximum Temperature Projections Compared to 2006 for the RCP 4.5 Climate Model"
"geoId/72005","","Aguadilla Municipio","DifferenceRelativeToBaseDate2006_Max_Temperature_RCP45","2014-09","NASA_NEXGDDP_Subnational_AggrDiffStats","https://www.nccs.nasa.gov/services/data-collections/land-based-products/nex-gddp","","Celsius","C",-1.20169,"Maximum Temperature Projections Compared to 2006 for the RCP 4.5 Climate Model"
"geoId/72005","","Aguadilla Municipio","DifferenceRelativeToBaseDate2006_Max_Temperature_RCP45","2014-10","NASA_NEXGDDP_Subnational_AggrDiffStats","https://www.nccs.nasa.gov/services/data-collections/land-based-products/nex-gddp","","Celsius","C",-0.730162999999997,"Maximum Temperature Projections Compared to 2006 for the RCP 4.5 Climate Model"
"geoId/72005","","Aguadilla Municipio","DifferenceRelativeToBaseDate2006_Max_Temperature_RCP45","2014-11","NASA_NEXGDDP_Subnational_AggrDiffStats","https://www.nccs.nasa.gov/services/data-collections/land-based-products/nex-gddp","","Celsius","C",0.251341,"Maximum Temperature Projections Compared to 2006 for the RCP 4.5 Climate Model"
"geoId/72005","","Aguadilla Municipio","DifferenceRelativeToBaseDate2006_Max_Temperature_RCP45","2014-12","NASA_NEXGDDP_Subnational_AggrDiffStats","https://www.nccs.nasa.gov/services/data-collections/land-based-products/nex-gddp","","Celsius","C",0.540924,"Maximum Temperature Projections Compared to 2006 for the RCP 4.5 Climate Model"
"geoId/72005","","Aguadilla Municipio","DifferenceRelativeToBaseDate2006_Max_Temperature_RCP45","2015-01","NASA_NEXGDDP_Subnational_AggrDiffStats","https://www.nccs.nasa.gov/services/data-collections/land-based-products/nex-gddp","","Celsius","C",0.755462999999999,"Maximum Temperature Projections Compared to 2006 for the RCP 4.5 Climate Model"
"geoId/72005","","Aguadilla Municipio","DifferenceRelativeToBaseDate2006_Max_Temperature_RCP45","2015-02","NASA_NEXGDDP_Subnational_AggrDiffStats","https://www.nccs.nasa.gov/services/data-collections/land-based-products/nex-gddp","","Celsius","C",2.193052,"Maximum Temperature Projections Compared to 2006 for the RCP 4.5 Climate Model"
"geoId/72005","","Aguadilla Municipio","DifferenceRelativeToBaseDate2006_Max_Temperature_RCP45","2015-03","NASA_NEXGDDP_Subnational_AggrDiffStats","https://www.nccs.nasa.gov/services/data-collections/land-based-products/nex-gddp","","Celsius","C",1.347411,"Maximum Temperature Projections Compared to 2006 for the RCP 4.5 Climate Model"
"geoId/72005","","Aguadilla Municipio","DifferenceRelativeToBaseDate2006_Max_Temperature_RCP45","2015-04","NASA_NEXGDDP_Subnational_AggrDiffStats","https://www.nccs.nasa.gov/services/data-collections/land-based-products/nex-gddp","","Celsius","C",0.798767999999999,"Maximum Temperature Projections Compared to 2006 for the RCP 4.5 Climate Model"
"geoId/72005","","Aguadilla Municipio","DifferenceRelativeToBaseDate2006_Max_Temperature_RCP45","2015-05","NASA_NEXGDDP_Subnational_AggrDiffStats","https://www.nccs.nasa.gov/services/data-collections/land-based-products/nex-gddp","","Celsius","C",1.777372,"Maximum Temperature Projections Compared to 2006 for the RCP 4.5 Climate Model"
"geoId/72005","","Aguadilla Municipio","DifferenceRelativeToBaseDate2006_Max_Temperature_RCP45","2015-06","NASA_NEXGDDP_Subnational_AggrDiffStats","https://www.nccs.nasa.gov/services/data-collections/land-based-products/nex-gddp","","Celsius","C",1.445434,"Maximum Temperature Projections Compared to 2006 for the RCP 4.5 Climate Model"
"geoId/72005","","Aguadilla Municipio","DifferenceRelativeToBaseDate2006_Max_Temperature_RCP45","2015-07","NASA_NEXGDDP_Subnational_AggrDiffStats","https://www.nccs.nasa.gov/services/data-collections/land-based-products/nex-gddp","","Celsius","C",1.255646,"Maximum Temperature Projections Compared to 2006 for the RCP 4.5 Climate Model"
"geoId/72005","","Aguadilla Municipio","DifferenceRelativeToBaseDate2006_Max_Temperature_RCP45","2015-08","NASA_NEXGDDP_Subnational_AggrDiffStats","https://www.nccs.nasa.gov/services/data-collections/land-based-products/nex-gddp","","Celsius","C",1.963501,"Maximum Temperature Projections Compared to 2006 for the RCP 4.5 Climate Model"
"geoId/72005","","Aguadilla Municipio","DifferenceRelativeToBaseDate2006_Max_Temperature_RCP45","2015-09","NASA_NEXGDDP_Subnational_AggrDiffStats","https://www.nccs.nasa.gov/services/data-collections/land-based-products/nex-gddp","","Celsius","C",1.41922,"Maximum Temperature Projections Compared to 2006 for the RCP 4.5 Climate Model"
"geoId/72005","","Aguadilla Municipio","DifferenceRelativeToBaseDate2006_Max_Temperature_RCP45","2015-10","NASA_NEXGDDP_Subnational_AggrDiffStats","https://www.nccs.nasa.gov/services/data-collections/land-based-products/nex-gddp","","Celsius","C",2.438355,"Maximum Temperature Projections Compared to 2006 for the RCP 4.5 Climate Model"
"geoId/72005","","Aguadilla Municipio","DifferenceRelativeToBaseDate2006_Max_Temperature_RCP45","2015-11","NASA_NEXGDDP_Subnational_AggrDiffStats","https://www.nccs.nasa.gov/services/data-collections/land-based-products/nex-gddp","","Celsius","C",1.923521,"Maximum Temperature Projections Compared to 2006 for the RCP 4.5 Climate Model"
"geoId/72005","","Aguadilla Municipio","DifferenceRelativeToBaseDate2006_Max_Temperature_RCP45","2015-12","NASA_NEXGDDP_Subnational_AggrDiffStats","https://www.nccs.nasa.gov/services/data-collections/land-based-products/nex-gddp","","Celsius","C",2.332243,"Maximum Temperature Projections Compared to 2006 for the RCP 4.5 Climate Model"
"geoId/72005","","Aguadilla Municipio","DifferenceRelativeToBaseDate2006_Max_Temperature_RCP45","2016-01","NASA_NEXGDDP_Subnational_AggrDiffStats","https://www.nccs.nasa.gov/services/data-collections/land-based-products/nex-gddp","","Celsius","C",3.709105,"Maximum Temperature Projections Compared to 2006 for the RCP 4.5 Climate Model"
"geoId/72005","","Aguadilla Municipio","DifferenceRelativeToBaseDate2006_Max_Temperature_RCP45","2016-02","NASA_NEXGDDP_Subnational_AggrDiffStats","https://www.nccs.nasa.gov/services/data-collections/land-based-products/nex-gddp","","Celsius","C",2.84744,"Maximum Temperature Projections Compared to 2006 for the RCP 4.5 Climate Model"
"geoId/72005","","Aguadilla Municipio","DifferenceRelativeToBaseDate2006_Max_Temperature_RCP45","2016-03","NASA_NEXGDDP_Subnational_AggrDiffStats","https://www.nccs.nasa.gov/services/data-collections/land-based-products/nex-gddp","","Celsius","C",0.613403999999999,"Maximum Temperature Projections Compared to 2006 for the RCP 4.5 Climate Model"
"geoId/72005","","Aguadilla Municipio","DifferenceRelativeToBaseDate2006_Max_Temperature_RCP45","2016-04","NASA_NEXGDDP_Subnational_AggrDiffStats","https://www.nccs.nasa.gov/services/data-collections/land-based-products/nex-gddp","","Celsius","C",3.355589,"Maximum Temperature Projections Compared to 2006 for the RCP 4.5 Climate Model"
"geoId/72005","","Aguadilla Municipio","DifferenceRelativeToBaseDate2006_Max_Temperature_RCP45","2016-05","NASA_NEXGDDP_Subnational_AggrDiffStats","https://www.nccs.nasa.gov/services/data-collections/land-based-products/nex-gddp","","Celsius","C",2.485227,"Maximum Temperature Projections Compared to 2006 for the RCP 4.5 Climate Model"
"geoId/72005","","Aguadilla Municipio","DifferenceRelativeToBaseDate2006_Max_Temperature_RCP45","2016-06","NASA_NEXGDDP_Subnational_AggrDiffStats","https://www.nccs.nasa.gov/services/data-collections/land-based-products/nex-gddp","","Celsius","C",1.812255,"Maximum Temperature Projections Compared to 2006 for the RCP 4.5 Climate Model"
"geoId/72005","","Aguadilla Municipio","DifferenceRelativeToBaseDate2006_Max_Temperature_RCP45","2016-07","NASA_NEXGDDP_Subnational_AggrDiffStats","https://www.nccs.nasa.gov/services/data-collections/land-based-products/nex-gddp","","Celsius","C",1.990143,"Maximum Temperature Projections Compared to 2006 for the RCP 4.5 Climate Model"
"geoId/72005","","Aguadilla Municipio","DifferenceRelativeToBaseDate2006_Max_Temperature_RCP45","2016-08","NASA_NEXGDDP_Subnational_AggrDiffStats","https://www.nccs.nasa.gov/services/data-collections/land-based-products/nex-gddp","","Celsius","C",2.057037,"Maximum Temperature Projections Compared to 2006 for the RCP 4.5 Climate Model"
"geoId/72005","","Aguadilla Municipio","DifferenceRelativeToBaseDate2006_Max_Temperature_RCP45","2016-09","NASA_NEXGDDP_Subnational_AggrDiffStats","https://www.nccs.nasa.gov/services/data-collections/land-based-products/nex-gddp","","Celsius","C",0.494720999999998,"Maximum Temperature Projections Compared to 2006 for the RCP 4.5 Climate Model"
"geoId/72005","","Aguadilla Municipio","DifferenceRelativeToBaseDate2006_Max_Temperature_RCP45","2016-10","NASA_NEXGDDP_Subnational_AggrDiffStats","https://www.nccs.nasa.gov/services/data-collections/land-based-products/nex-gddp","","Celsius","C",0.872956000000002,"Maximum Temperature Projections Compared to 2006 for the RCP 4.5 Climate Model"
"geoId/72005","","Aguadilla Municipio","DifferenceRelativeToBaseDate2006_Max_Temperature_RCP45","2016-11","NASA_NEXGDDP_Subnational_AggrDiffStats","https://www.nccs.nasa.gov/services/data-collections/land-based-products/nex-gddp","","Celsius","C",1.942869,"Maximum Temperature Projections Compared to 2006 for the RCP 4.5 Climate Model"
"geoId/72005","","Aguadilla Municipio","DifferenceRelativeToBaseDate2006_Max_Temperature_RCP45","2016-12","NASA_NEXGDDP_Subnational_AggrDiffStats","https://www.nccs.nasa.gov/services/data-collections/land-based-products/nex-gddp","","Celsius","C",1.721831,"Maximum Temperature Projections Compared to 2006 for the RCP 4.5 Climate Model"
"geoId/72005","","Aguadilla Municipio","DifferenceRelativeToBaseDate2006_Max_Temperature_RCP45","2017-01","NASA_NEXGDDP_Subnational_AggrDiffStats","https://www.nccs.nasa.gov/services/data-collections/land-based-products/nex-gddp","","Celsius","C",0.712432999999997,"Maximum Temperature Projections Compared to 2006 for the RCP 4.5 Climate Model"
"geoId/72005","","Aguadilla Municipio","DifferenceRelativeToBaseDate2006_Max_Temperature_RCP45","2017-02","NASA_NEXGDDP_Subnational_AggrDiffStats","https://www.nccs.nasa.gov/services/data-collections/land-based-products/nex-gddp","","Celsius","C",1.663635,"Maximum Temperature Projections Compared to 2006 for the RCP 4.5 Climate Model"
"geoId/72005","","Aguadilla Municipio","DifferenceRelativeToBaseDate2006_Max_Temperature_RCP45","2017-03","NASA_NEXGDDP_Subnational_AggrDiffStats","https://www.nccs.nasa.gov/services/data-collections/land-based-products/nex-gddp","","Celsius","C",1.506285,"Maximum Temperature Projections Compared to 2006 for the RCP 4.5 Climate Model"
"geoId/72005","","Aguadilla Municipio","DifferenceRelativeToBaseDate2006_Max_Temperature_RCP45","2017-04","NASA_NEXGDDP_Subnational_AggrDiffStats","https://www.nccs.nasa.gov/services/data-collections/land-based-products/nex-gddp","","Celsius","C",1.169556,"Maximum Temperature Projections Compared to 2006 for the RCP 4.5 Climate Model"
"geoId/72005","","Aguadilla Municipio","DifferenceRelativeToBaseDate2006_Max_Temperature_RCP45","2017-05","NASA_NEXGDDP_Subnational_AggrDiffStats","https://www.nccs.nasa.gov/services/data-collections/land-based-products/nex-gddp","","Celsius","C",1.433103,"Maximum Temperature Projections Compared to 2006 for the RCP 4.5 Climate Model"
"geoId/72005","","Aguadilla Municipio","DifferenceRelativeToBaseDate2006_Max_Temperature_RCP45","2017-06","NASA_NEXGDDP_Subnational_AggrDiffStats","https://www.nccs.nasa.gov/services/data-collections/land-based-products/nex-gddp","","Celsius","C",-0.0342410000000015,"Maximum Temperature Projections Compared to 2006 for the RCP 4.5 Climate Model"
"geoId/72005","","Aguadilla Municipio","DifferenceRelativeToBaseDate2006_Max_Temperature_RCP45","2017-07","NASA_NEXGDDP_Subnational_AggrDiffStats","https://www.nccs.nasa.gov/services/data-collections/land-based-products/nex-gddp","","Celsius","C",0.950653000000003,"Maximum Temperature Projections Compared to 2006 for the RCP 4.5 Climate Model"
"geoId/72005","","Aguadilla Municipio","DifferenceRelativeToBaseDate2006_Max_Temperature_RCP45","2017-08","NASA_NEXGDDP_Subnational_AggrDiffStats","https://www.nccs.nasa.gov/services/data-collections/land-based-products/nex-gddp","","Celsius","C",0.431732000000004,"Maximum Temperature Projections Compared to 2006 for the RCP 4.5 Climate Model"
"geoId/72005","","Aguadilla Municipio","DifferenceRelativeToBaseDate2006_Max_Temperature_RCP45","2017-09","NASA_NEXGDDP_Subnational_AggrDiffStats","https://www.nccs.nasa.gov/services/data-collections/land-based-products/nex-gddp","","Celsius","C",-0.962218999999997,"Maximum Temperature Projections Compared to 2006 for the RCP 4.5 Climate Model"
"geoId/72005","","Aguadilla Municipio","DifferenceRelativeToBaseDate2006_Max_Temperature_RCP45","2017-10","NASA_NEXGDDP_Subnational_AggrDiffStats","https://www.nccs.nasa.gov/services/data-collections/land-based-products/nex-gddp","","Celsius","C",0.639037999999999,"Maximum Temperature Projections Compared to 2006 for the RCP 4.5 Climate Model"
"geoId/72005","","Aguadilla Municipio","DifferenceRelativeToBaseDate2006_Max_Temperature_RCP45","2017-11","NASA_NEXGDDP_Subnational_AggrDiffStats","https://www.nccs.nasa.gov/services/data-collections/land-based-products/nex-gddp","","Celsius","C",0.344632999999998,"Maximum Temperature Projections Compared to 2006 for the RCP 4.5 Climate Model"
"geoId/72005","","Aguadilla Municipio","DifferenceRelativeToBaseDate2006_Max_Temperature_RCP45","2017-12","NASA_NEXGDDP_Subnational_AggrDiffStats","https://www.nccs.nasa.gov/services/data-collections/land-based-products/nex-gddp","","Celsius","C",0.681763,"Maximum Temperature Projections Compared to 2006 for the RCP 4.5 Climate Model"
"geoId/72005","","Aguadilla Municipio","DifferenceRelativeToBaseDate2006_Max_Temperature_RCP45","2018-01","NASA_NEXGDDP_Subnational_AggrDiffStats","https://www.nccs.nasa.gov/services/data-collections/land-based-products/nex-gddp","","Celsius","C",0.839752000000001,"Maximum Temperature Projections Compared to 2006 for the RCP 4.5 Climate Model"
"geoId/72005","","Aguadilla Municipio","DifferenceRelativeToBaseDate2006_Max_Temperature_RCP45","2018-02","NASA_NEXGDDP_Subnational_AggrDiffStats","https://www.nccs.nasa.gov/services/data-collections/land-based-products/nex-gddp","","Celsius","C",1.341858,"Maximum Temperature Projections Compared to 2006 for the RCP 4.5 Climate Model"
"geoId/72005","","Aguadilla Municipio","DifferenceRelativeToBaseDate2006_Max_Temperature_RCP45","2018-03","NASA_NEXGDDP_Subnational_AggrDiffStats","https://www.nccs.nasa.gov/services/data-collections/land-based-products/nex-gddp","","Celsius","C",2.19055,"Maximum Temperature Projections Compared to 2006 for the RCP 4.5 Climate Model"
"geoId/72005","","Aguadilla Municipio","DifferenceRelativeToBaseDate2006_Max_Temperature_RCP45","2018-04","NASA_NEXGDDP_Subnational_AggrDiffStats","https://www.nccs.nasa.gov/services/data-collections/land-based-products/nex-gddp","","Celsius","C",1.779997,"Maximum Temperature Projections Compared to 2006 for the RCP 4.5 Climate Model"
"geoId/72005","","Aguadilla Municipio","DifferenceRelativeToBaseDate2006_Max_Temperature_RCP45","2018-05","NASA_NEXGDDP_Subnational_AggrDiffStats","https://www.nccs.nasa.gov/services/data-collections/land-based-products/nex-gddp","","Celsius","C",2.173979,"Maximum Temperature Projections Compared to 2006 for the RCP 4.5 Climate Model"
"geoId/72005","","Aguadilla Municipio","DifferenceRelativeToBaseDate2006_Max_Temperature_RCP45","2018-06","NASA_NEXGDDP_Subnational_AggrDiffStats","https://www.nccs.nasa.gov/services/data-collections/land-based-products/nex-gddp","","Celsius","C",0.0910950000000028,"Maximum Temperature Projections Compared to 2006 for the RCP 4.5 Climate Model"
"geoId/72005","","Aguadilla Municipio","DifferenceRelativeToBaseDate2006_Max_Temperature_RCP45","2018-07","NASA_NEXGDDP_Subnational_AggrDiffStats","https://www.nccs.nasa.gov/services/data-collections/land-based-products/nex-gddp","","Celsius","C",0.196655,"Maximum Temperature Projections Compared to 2006 for the RCP 4.5 Climate Model"
"geoId/72005","","Aguadilla Municipio","DifferenceRelativeToBaseDate2006_Max_Temperature_RCP45","2018-08","NASA_NEXGDDP_Subnational_AggrDiffStats","https://www.nccs.nasa.gov/services/data-collections/land-based-products/nex-gddp","","Celsius","C",0.581421000000006,"Maximum Temperature Projections Compared to 2006 for the RCP 4.5 Climate Model"
"geoId/72005","","Aguadilla Municipio","DifferenceRelativeToBaseDate2006_Max_Temperature_RCP45","2018-09","NASA_NEXGDDP_Subnational_AggrDiffStats","https://www.nccs.nasa.gov/services/data-collections/land-based-products/nex-gddp","","Celsius","C",-0.168639999999996,"Maximum Temperature Projections Compared to 2006 for the RCP 4.5 Climate Model"
"geoId/72005","","Aguadilla Municipio","DifferenceRelativeToBaseDate2006_Max_Temperature_RCP45","2018-10","NASA_NEXGDDP_Subnational_AggrDiffStats","https://www.nccs.nasa.gov/services/data-collections/land-based-products/nex-gddp","","Celsius","C",0.822876000000001,"Maximum Temperature Projections Compared to 2006 for the RCP 4.5 Climate Model"
"geoId/72005","","Aguadilla Municipio","DifferenceRelativeToBaseDate2006_Max_Temperature_RCP45","2018-11","NASA_NEXGDDP_Subnational_AggrDiffStats","https://www.nccs.nasa.gov/services/data-collections/land-based-products/nex-gddp","","Celsius","C",1.424559,"Maximum Temperature Projections Compared to 2006 for the RCP 4.5 Climate Model"
"geoId/72005","","Aguadilla Municipio","DifferenceRelativeToBaseDate2006_Max_Temperature_RCP45","2018-12","NASA_NEXGDDP_Subnational_AggrDiffStats","https://www.nccs.nasa.gov/services/data-collections/land-based-products/nex-gddp","","Celsius","C",1.386961,"Maximum Temperature Projections Compared to 2006 for the RCP 4.5 Climate Model"
"geoId/72005","","Aguadilla Municipio","DifferenceRelativeToBaseDate2006_Max_Temperature_RCP45","2019-01","NASA_NEXGDDP_Subnational_AggrDiffStats","https://www.nccs.nasa.gov/services/data-collections/land-based-products/nex-gddp","","Celsius","C",0.508178999999998,"Maximum Temperature Projections Compared to 2006 for the RCP 4.5 Climate Model"
"geoId/72005","","Aguadilla Municipio","DifferenceRelativeToBaseDate2006_Max_Temperature_RCP45","2019-02","NASA_NEXGDDP_Subnational_AggrDiffStats","https://www.nccs.nasa.gov/services/data-collections/land-based-products/nex-gddp","","Celsius","C",3.102018,"Maximum Temperature Projections Compared to 2006 for the RCP 4.5 Climate Model"
"geoId/72005","","Aguadilla Municipio","DifferenceRelativeToBaseDate2006_Max_Temperature_RCP45","2019-03","NASA_NEXGDDP_Subnational_AggrDiffStats","https://www.nccs.nasa.gov/services/data-collections/land-based-products/nex-gddp","","Celsius","C",4.355955,"Maximum Temperature Projections Compared to 2006 for the RCP 4.5 Climate Model"
"geoId/72005","","Aguadilla Municipio","DifferenceRelativeToBaseDate2006_Max_Temperature_RCP45","2019-04","NASA_NEXGDDP_Subnational_AggrDiffStats","https://www.nccs.nasa.gov/services/data-collections/land-based-products/nex-gddp","","Celsius","C",2.843901,"Maximum Temperature Projections Compared to 2006 for the RCP 4.5 Climate Model"
"geoId/72005","","Aguadilla Municipio","DifferenceRelativeToBaseDate2006_Max_Temperature_RCP45","2019-05","NASA_NEXGDDP_Subnational_AggrDiffStats","https://www.nccs.nasa.gov/services/data-collections/land-based-products/nex-gddp","","Celsius","C",1.985441,"Maximum Temperature Projections Compared to 2006 for the RCP 4.5 Climate Model"
"geoId/72005","","Aguadilla Municipio","DifferenceRelativeToBaseDate2006_Max_Temperature_RCP45","2019-06","NASA_NEXGDDP_Subnational_AggrDiffStats","https://www.nccs.nasa.gov/services/data-collections/land-based-products/nex-gddp","","Celsius","C",0.76773,"Maximum Temperature Projections Compared to 2006 for the RCP 4.5 Climate Model"
"geoId/72005","","Aguadilla Municipio","DifferenceRelativeToBaseDate2006_Max_Temperature_RCP45","2019-07","NASA_NEXGDDP_Subnational_AggrDiffStats","https://www.nccs.nasa.gov/services/data-collections/land-based-products/nex-gddp","","Celsius","C",1.594665,"Maximum Temperature Projections Compared to 2006 for the RCP 4.5 Climate Model"
"geoId/72005","","Aguadilla Municipio","DifferenceRelativeToBaseDate2006_Max_Temperature_RCP45","2019-08","NASA_NEXGDDP_Subnational_AggrDiffStats","https://www.nccs.nasa.gov/services/data-collections/land-based-products/nex-gddp","","Celsius","C",1.17767300000001,"Maximum Temperature Projections Compared to 2006 for the RCP 4.5 Climate Model"
"geoId/72005","","Aguadilla Municipio","DifferenceRelativeToBaseDate2006_Max_Temperature_RCP45","2019-09","NASA_NEXGDDP_Subnational_AggrDiffStats","https://www.nccs.nasa.gov/services/data-collections/land-based-products/nex-gddp","","Celsius","C",-0.334167000000001,"Maximum Temperature Projections Compared to 2006 for the RCP 4.5 Climate Model"
"geoId/72005","","Aguadilla Municipio","DifferenceRelativeToBaseDate2006_Max_Temperature_RCP45","2019-10","NASA_NEXGDDP_Subnational_AggrDiffStats","https://www.nccs.nasa.gov/services/data-collections/land-based-products/nex-gddp","","Celsius","C",0.971069999999997,"Maximum Temperature Projections Compared to 2006 for the RCP 4.5 Climate Model"
"geoId/72005","","Aguadilla Municipio","DifferenceRelativeToBaseDate2006_Max_Temperature_RCP45","2019-11","NASA_NEXGDDP_Subnational_AggrDiffStats","https://www.nccs.nasa.gov/services/data-collections/land-based-products/nex-gddp","","Celsius","C",1.968504,"Maximum Temperature Projections Compared to 2006 for the RCP 4.5 Climate Model"
"geoId/72005","","Aguadilla Municipio","DifferenceRelativeToBaseDate2006_Max_Temperature_RCP45","2019-12","NASA_NEXGDDP_Subnational_AggrDiffStats","https://www.nccs.nasa.gov/services/data-collections/land-based-products/nex-gddp","","Celsius","C",0.811920000000001,"Maximum Temperature Projections Compared to 2006 for the RCP 4.5 Climate Model"
"geoId/72005","","Aguadilla Municipio","DifferenceRelativeToBaseDate2006_Max_Temperature_RCP45","2020-01","NASA_NEXGDDP_Subnational_AggrDiffStats","https://www.nccs.nasa.gov/services/data-collections/land-based-products/nex-gddp","","Celsius","C",1.089203,"Maximum Temperature Projections Compared to 2006 for the RCP 4.5 Climate Model"
"geoId/72005","","Aguadilla Municipio","DifferenceRelativeToBaseDate2006_Max_Temperature_RCP45","2020-02","NASA_NEXGDDP_Subnational_AggrDiffStats","https://www.nccs.nasa.gov/services/data-collections/land-based-products/nex-gddp","","Celsius","C",0.256378000000002,"Maximum Temperature Projections Compared to 2006 for the RCP 4.5 Climate Model"
"geoId/72005","","Aguadilla Municipio","DifferenceRelativeToBaseDate2006_Max_Temperature_RCP45","2020-03","NASA_NEXGDDP_Subnational_AggrDiffStats","https://www.nccs.nasa.gov/services/data-collections/land-based-products/nex-gddp","","Celsius","C",2.413725,"Maximum Temperature Projections Compared to 2006 for the RCP 4.5 Climate Model"
"geoId/72005","","Aguadilla Municipio","DifferenceRelativeToBaseDate2006_Max_Temperature_RCP45","2020-04","NASA_NEXGDDP_Subnational_AggrDiffStats","https://www.nccs.nasa.gov/services/data-collections/land-based-products/nex-gddp","","Celsius","C",1.735655,"Maximum Temperature Projections Compared to 2006 for the RCP 4.5 Climate Model"
"geoId/72005","","Aguadilla Municipio","DifferenceRelativeToBaseDate2006_Max_Temperature_RCP45","2020-05","NASA_NEXGDDP_Subnational_AggrDiffStats","https://www.nccs.nasa.gov/services/data-collections/land-based-products/nex-gddp","","Celsius","C",0.573758999999999,"Maximum Temperature Projections Compared to 2006 for the RCP 4.5 Climate Model"
"geoId/72005","","Aguadilla Municipio","DifferenceRelativeToBaseDate2006_Max_Temperature_RCP45","2020-06","NASA_NEXGDDP_Subnational_AggrDiffStats","https://www.nccs.nasa.gov/services/data-collections/land-based-products/nex-gddp","","Celsius","C",-0.247589999999995,"Maximum Temperature Projections Compared to 2006 for the RCP 4.5 Climate Model"
"geoId/72005","","Aguadilla Municipio","DifferenceRelativeToBaseDate2006_Max_Temperature_RCP45","2020-07","NASA_NEXGDDP_Subnational_AggrDiffStats","https://www.nccs.nasa.gov/services/data-collections/land-based-products/nex-gddp","","Celsius","C",0.439911000000002,"Maximum Temperature Projections Compared to 2006 for the RCP 4.5 Climate Model"
"geoId/72005","","Aguadilla Municipio","DifferenceRelativeToBaseDate2006_Max_Temperature_RCP45","2020-08","NASA_NEXGDDP_Subnational_AggrDiffStats","https://www.nccs.nasa.gov/services/data-collections/land-based-products/nex-gddp","","Celsius","C",0.351532000000006,"Maximum Temperature Projections Compared to 2006 for the RCP 4.5 Climate Model"
"geoId/72005","","Aguadilla Municipio","DifferenceRelativeToBaseDate2006_Max_Temperature_RCP45","2020-09","NASA_NEXGDDP_Subnational_AggrDiffStats","https://www.nccs.nasa.gov/services/data-collections/land-based-products/nex-gddp","","Celsius","C",-0.545715000000001,"Maximum Temperature Projections Compared to 2006 for the RCP 4.5 Climate Model"
"geoId/72005","","Aguadilla Municipio","DifferenceRelativeToBaseDate2006_Max_Temperature_RCP45","2020-10","NASA_NEXGDDP_Subnational_AggrDiffStats","https://www.nccs.nasa.gov/services/data-collections/land-based-products/nex-gddp","","Celsius","C",-0.0446469999999977,"Maximum Temperature Projections Compared to 2006 for the RCP 4.5 Climate Model"
"geoId/72005","","Aguadilla Municipio","DifferenceRelativeToBaseDate2006_Max_Temperature_RCP45","2020-11","NASA_NEXGDDP_Subnational_AggrDiffStats","https://www.nccs.nasa.gov/services/data-collections/land-based-products/nex-gddp","","Celsius","C",-0.430237000000002,"Maximum Temperature Projections Compared to 2006 for the RCP 4.5 Climate Model"
"geoId/72005","","Aguadilla Municipio","DifferenceRelativeToBaseDate2006_Max_Temperature_RCP45","2020-12","NASA_NEXGDDP_Subnational_AggrDiffStats","https://www.nccs.nasa.gov/services/data-collections/land-based-products/nex-gddp","","Celsius","C",-0.174469000000002,"Maximum Temperature Projections Compared to 2006 for the RCP 4.5 Climate Model"
"geoId/72005","","Aguadilla Municipio","DifferenceRelativeToBaseDate2006_Max_Temperature_RCP45","2021-01","NASA_NEXGDDP_Subnational_AggrDiffStats","https://www.nccs.nasa.gov/services/data-collections/land-based-products/nex-gddp","","Celsius","C",0.268523999999999,"Maximum Temperature Projections Compared to 2006 for the RCP 4.5 Climate Model"
"geoId/72005","","Aguadilla Municipio","DifferenceRelativeToBaseDate2006_Max_Temperature_RCP45","2021-02","NASA_NEXGDDP_Subnational_AggrDiffStats","https://www.nccs.nasa.gov/services/data-collections/land-based-products/nex-gddp","","Celsius","C",1.302459,"Maximum Temperature Projections Compared to 2006 for the RCP 4.5 Climate Model"
"geoId/72005","","Aguadilla Municipio","DifferenceRelativeToBaseDate2006_Max_Temperature_RCP45","2021-03","NASA_NEXGDDP_Subnational_AggrDiffStats","https://www.nccs.nasa.gov/services/data-collections/land-based-products/nex-gddp","","Celsius","C",0.961182000000001,"Maximum Temperature Projections Compared to 2006 for the RCP 4.5 Climate Model"
"geoId/72005","","Aguadilla Municipio","DifferenceRelativeToBaseDate2006_Max_Temperature_RCP45","2021-04","NASA_NEXGDDP_Subnational_AggrDiffStats","https://www.nccs.nasa.gov/services/data-collections/land-based-products/nex-gddp","","Celsius","C",1.528594,"Maximum Temperature Projections Compared to 2006 for the RCP 4.5 Climate Model"
"geoId/72005","","Aguadilla Municipio","DifferenceRelativeToBaseDate2006_Max_Temperature_RCP45","2021-05","NASA_NEXGDDP_Subnational_AggrDiffStats","https://www.nccs.nasa.gov/services/data-collections/land-based-products/nex-gddp","","Celsius","C",1.114713,"Maximum Temperature Projections Compared to 2006 for the RCP 4.5 Climate Model"
"geoId/72005","","Aguadilla Municipio","DifferenceRelativeToBaseDate2006_Max_Temperature_RCP45","2021-06","NASA_NEXGDDP_Subnational_AggrDiffStats","https://www.nccs.nasa.gov/services/data-collections/land-based-products/nex-gddp","","Celsius","C",-1.000487,"Maximum Temperature Projections Compared to 2006 for the RCP 4.5 Climate Model"
"geoId/72005","","Aguadilla Municipio","DifferenceRelativeToBaseDate2006_Max_Temperature_RCP45","2021-07","NASA_NEXGDDP_Subnational_AggrDiffStats","https://www.nccs.nasa.gov/services/data-collections/land-based-products/nex-gddp","","Celsius","C",-1.126616,"Maximum Temperature Projections Compared to 2006 for the RCP 4.5 Climate Model"
"geoId/72005","","Aguadilla Municipio","DifferenceRelativeToBaseDate2006_Max_Temperature_RCP45","2021-08","NASA_NEXGDDP_Subnational_AggrDiffStats","https://www.nccs.nasa.gov/services/data-collections/land-based-products/nex-gddp","","Celsius","C",-0.255523999999994,"Maximum Temperature Projections Compared to 2006 for the RCP 4.5 Climate Model"
"geoId/72005","","Aguadilla Municipio","DifferenceRelativeToBaseDate2006_Max_Temperature_RCP45","2021-09","NASA_NEXGDDP_Subnational_AggrDiffStats","https://www.nccs.nasa.gov/services/data-collections/land-based-products/nex-gddp","","Celsius","C",-1.724273,"Maximum Temperature Projections Compared to 2006 for the RCP 4.5 Climate Model"
"geoId/72005","","Aguadilla Municipio","DifferenceRelativeToBaseDate2006_Max_Temperature_RCP45","2021-10","NASA_NEXGDDP_Subnational_AggrDiffStats","https://www.nccs.nasa.gov/services/data-collections/land-based-products/nex-gddp","","Celsius","C",-0.345367000000003,"Maximum Temperature Projections Compared to 2006 for the RCP 4.5 Climate Model"
"geoId/72005","","Aguadilla Municipio","DifferenceRelativeToBaseDate2006_Max_Temperature_RCP45","2021-11","NASA_NEXGDDP_Subnational_AggrDiffStats","https://www.nccs.nasa.gov/services/data-collections/land-based-products/nex-gddp","","Celsius","C",0.196439999999999,"Maximum Temperature Projections Compared to 2006 for the RCP 4.5 Climate Model"
"geoId/72005","","Aguadilla Municipio","DifferenceRelativeToBaseDate2006_Max_Temperature_RCP45","2021-12","NASA_NEXGDDP_Subnational_AggrDiffStats","https://www.nccs.nasa.gov/services/data-collections/land-based-products/nex-gddp","","Celsius","C",0.379058999999998,"Maximum Temperature Projections Compared to 2006 for the RCP 4.5 Climate Model"
"geoId/72005","","Aguadilla Municipio","DifferenceRelativeToBaseDate2006_Max_Temperature_RCP45","2022-01","NASA_NEXGDDP_Subnational_AggrDiffStats","https://www.nccs.nasa.gov/services/data-collections/land-based-products/nex-gddp","","Celsius","C",0.366485999999998,"Maximum Temperature Projections Compared to 2006 for the RCP 4.5 Climate Model"
"geoId/72005","","Aguadilla Municipio","DifferenceRelativeToBaseDate2006_Max_Temperature_RCP45","2022-02","NASA_NEXGDDP_Subnational_AggrDiffStats","https://www.nccs.nasa.gov/services/data-collections/land-based-products/nex-gddp","","Celsius","C",2.664732,"Maximum Temperature Projections Compared to 2006 for the RCP 4.5 Climate Model"
"geoId/72005","","Aguadilla Municipio","DifferenceRelativeToBaseDate2006_Max_Temperature_RCP45","2022-03","NASA_NEXGDDP_Subnational_AggrDiffStats","https://www.nccs.nasa.gov/services/data-collections/land-based-products/nex-gddp","","Celsius","C",0.354676000000001,"Maximum Temperature Projections Compared to 2006 for the RCP 4.5 Climate Model"
"geoId/72005","","Aguadilla Municipio","DifferenceRelativeToBaseDate2006_Max_Temperature_RCP45","2022-04","NASA_NEXGDDP_Subnational_AggrDiffStats","https://www.nccs.nasa.gov/services/data-collections/land-based-products/nex-gddp","","Celsius","C",0.291535,"Maximum Temperature Projections Compared to 2006 for the RCP 4.5 Climate Model"
"geoId/72005","","Aguadilla Municipio","DifferenceRelativeToBaseDate2006_Max_Temperature_RCP45","2022-05","NASA_NEXGDDP_Subnational_AggrDiffStats","https://www.nccs.nasa.gov/services/data-collections/land-based-products/nex-gddp","","Celsius","C",4.134367,"Maximum Temperature Projections Compared to 2006 for the RCP 4.5 Climate Model"
"geoId/72005","","Aguadilla Municipio","DifferenceRelativeToBaseDate2006_Max_Temperature_RCP45","2022-06","NASA_NEXGDDP_Subnational_AggrDiffStats","https://www.nccs.nasa.gov/services/data-collections/land-based-products/nex-gddp","","Celsius","C",2.436309,"Maximum Temperature Projections Compared to 2006 for the RCP 4.5 Climate Model"
"geoId/72005","","Aguadilla Municipio","DifferenceRelativeToBaseDate2006_Max_Temperature_RCP45","2022-07","NASA_NEXGDDP_Subnational_AggrDiffStats","https://www.nccs.nasa.gov/services/data-collections/land-based-products/nex-gddp","","Celsius","C",2.877228,"Maximum Temperature Projections Compared to 2006 for the RCP 4.5 Climate Model"
"geoId/72005","","Aguadilla Municipio","DifferenceRelativeToBaseDate2006_Max_Temperature_RCP45","2022-08","NASA_NEXGDDP_Subnational_AggrDiffStats","https://www.nccs.nasa.gov/services/data-collections/land-based-products/nex-gddp","","Celsius","C",1.53430100000001,"Maximum Temperature Projections Compared to 2006 for the RCP 4.5 Climate Model"
"geoId/72005","","Aguadilla Municipio","DifferenceRelativeToBaseDate2006_Max_Temperature_RCP45","2022-09","NASA_NEXGDDP_Subnational_AggrDiffStats","https://www.nccs.nasa.gov/services/data-collections/land-based-products/nex-gddp","","Celsius","C",-0.741790000000002,"Maximum Temperature Projections Compared to 2006 for the RCP 4.5 Climate Model"
"geoId/72005","","Aguadilla Municipio","DifferenceRelativeToBaseDate2006_Max_Temperature_RCP45","2022-10","NASA_NEXGDDP_Subnational_AggrDiffStats","https://www.nccs.nasa.gov/services/data-collections/land-based-products/nex-gddp","","Celsius","C",2.850983,"Maximum Temperature Projections Compared to 2006 for the RCP 4.5 Climate Model"
"geoId/72005","","Aguadilla Municipio","DifferenceRelativeToBaseDate2006_Max_Temperature_RCP45","2022-11","NASA_NEXGDDP_Subnational_AggrDiffStats","https://www.nccs.nasa.gov/services/data-collections/land-based-products/nex-gddp","","Celsius","C",1.387633,"Maximum Temperature Projections Compared to 2006 for the RCP 4.5 Climate Model"
"geoId/72005","","Aguadilla Municipio","DifferenceRelativeToBaseDate2006_Max_Temperature_RCP45","2022-12","NASA_NEXGDDP_Subnational_AggrDiffStats","https://www.nccs.nasa.gov/services/data-collections/land-based-products/nex-gddp","","Celsius","C",1.097504,"Maximum Temperature Projections Compared to 2006 for the RCP 4.5 Climate Model"
"geoId/72005","","Aguadilla Municipio","DifferenceRelativeToBaseDate2006_Max_Temperature_RCP45","2023-01","NASA_NEXGDDP_Subnational_AggrDiffStats","https://www.nccs.nasa.gov/services/data-collections/land-based-products/nex-gddp","","Celsius","C",2.377562,"Maximum Temperature Projections Compared to 2006 for the RCP 4.5 Climate Model"
"geoId/72005","","Aguadilla Municipio","DifferenceRelativeToBaseDate2006_Max_Temperature_RCP45","2023-02","NASA_NEXGDDP_Subnational_AggrDiffStats","https://www.nccs.nasa.gov/services/data-collections/land-based-products/nex-gddp","","Celsius","C",2.742918,"Maximum Temperature Projections Compared to 2006 for the RCP 4.5 Climate Model"
"geoId/72005","","Aguadilla Municipio","DifferenceRelativeToBaseDate2006_Max_Temperature_RCP45","2023-03","NASA_NEXGDDP_Subnational_AggrDiffStats","https://www.nccs.nasa.gov/services/data-collections/land-based-products/nex-gddp","","Celsius","C",2.571593,"Maximum Temperature Projections Compared to 2006 for the RCP 4.5 Climate Model"
"geoId/72005","","Aguadilla Municipio","DifferenceRelativeToBaseDate2006_Max_Temperature_RCP45","2023-04","NASA_NEXGDDP_Subnational_AggrDiffStats","https://www.nccs.nasa.gov/services/data-collections/land-based-products/nex-gddp","","Celsius","C",1.596251,"Maximum Temperature Projections Compared to 2006 for the RCP 4.5 Climate Model"
"geoId/72005","","Aguadilla Municipio","DifferenceRelativeToBaseDate2006_Max_Temperature_RCP45","2023-05","NASA_NEXGDDP_Subnational_AggrDiffStats","https://www.nccs.nasa.gov/services/data-collections/land-based-products/nex-gddp","","Celsius","C",3.640226,"Maximum Temperature Projections Compared to 2006 for the RCP 4.5 Climate Model"
"geoId/72005","","Aguadilla Municipio","DifferenceRelativeToBaseDate2006_Max_Temperature_RCP45","2023-06","NASA_NEXGDDP_Subnational_AggrDiffStats","https://www.nccs.nasa.gov/services/data-collections/land-based-products/nex-gddp","","Celsius","C",1.235717,"Maximum Temperature Projections Compared to 2006 for the RCP 4.5 Climate Model"
"geoId/72005","","Aguadilla Municipio","DifferenceRelativeToBaseDate2006_Max_Temperature_RCP45","2023-07","NASA_NEXGDDP_Subnational_AggrDiffStats","https://www.nccs.nasa.gov/services/data-collections/land-based-products/nex-gddp","","Celsius","C",2.301117,"Maximum Temperature Projections Compared to 2006 for the RCP 4.5 Climate Model"
"geoId/72005","","Aguadilla Municipio","DifferenceRelativeToBaseDate2006_Max_Temperature_RCP45","2023-08","NASA_NEXGDDP_Subnational_AggrDiffStats","https://www.nccs.nasa.gov/services/data-collections/land-based-products/nex-gddp","","Celsius","C",1.510559,"Maximum Temperature Projections Compared to 2006 for the RCP 4.5 Climate Model"
"geoId/72005","","Aguadilla Municipio","DifferenceRelativeToBaseDate2006_Max_Temperature_RCP45","2023-09","NASA_NEXGDDP_Subnational_AggrDiffStats","https://www.nccs.nasa.gov/services/data-collections/land-based-products/nex-gddp","","Celsius","C",0.343688999999998,"Maximum Temperature Projections Compared to 2006 for the RCP 4.5 Climate Model"
"geoId/72005","","Aguadilla Municipio","DifferenceRelativeToBaseDate2006_Max_Temperature_RCP45","2023-10","NASA_NEXGDDP_Subnational_AggrDiffStats","https://www.nccs.nasa.gov/services/data-collections/land-based-products/nex-gddp","","Celsius","C",2.07193,"Maximum Temperature Projections Compared to 2006 for the RCP 4.5 Climate Model"
"geoId/72005","","Aguadilla Municipio","DifferenceRelativeToBaseDate2006_Max_Temperature_RCP45","2023-11","NASA_NEXGDDP_Subnational_AggrDiffStats","https://www.nccs.nasa.gov/services/data-collections/land-based-products/nex-gddp","","Celsius","C",0.915251000000001,"Maximum Temperature Projections Compared to 2006 for the RCP 4.5 Climate Model"
"geoId/72005","","Aguadilla Municipio","DifferenceRelativeToBaseDate2006_Max_Temperature_RCP45","2023-12","NASA_NEXGDDP_Subnational_AggrDiffStats","https://www.nccs.nasa.gov/services/data-collections/land-based-products/nex-gddp","","Celsius","C",0.526855999999999,"Maximum Temperature Projections Compared to 2006 for the RCP 4.5 Climate Model"
"geoId/72005","","Aguadilla Municipio","DifferenceRelativeToBaseDate2006_Max_Temperature_RCP45","2024-01","NASA_NEXGDDP_Subnational_AggrDiffStats","https://www.nccs.nasa.gov/services/data-collections/land-based-products/nex-gddp","","Celsius","C",0.0599670000000003,"Maximum Temperature Projections Compared to 2006 for the RCP 4.5 Climate Model"
"geoId/72005","","Aguadilla Municipio","DifferenceRelativeToBaseDate2006_Max_Temperature_RCP45","2024-02","NASA_NEXGDDP_Subnational_AggrDiffStats","https://www.nccs.nasa.gov/services/data-collections/land-based-products/nex-gddp","","Celsius","C",2.757322,"Maximum Temperature Projections Compared to 2006 for the RCP 4.5 Climate Model"
"geoId/72005","","Aguadilla Municipio","DifferenceRelativeToBaseDate2006_Max_Temperature_RCP45","2024-03","NASA_NEXGDDP_Subnational_AggrDiffStats","https://www.nccs.nasa.gov/services/data-collections/land-based-products/nex-gddp","","Celsius","C",0.207245,"Maximum Temperature Projections Compared to 2006 for the RCP 4.5 Climate Model"
"geoId/72005","","Aguadilla Municipio","DifferenceRelativeToBaseDate2006_Max_Temperature_RCP45","2024-04","NASA_NEXGDDP_Subnational_AggrDiffStats","https://www.nccs.nasa.gov/services/data-collections/land-based-products/nex-gddp","","Celsius","C",1.290465,"Maximum Temperature Projections Compared to 2006 for the RCP 4.5 Climate Model"
"geoId/72005","","Aguadilla Municipio","DifferenceRelativeToBaseDate2006_Max_Temperature_RCP45","2024-05","NASA_NEXGDDP_Subnational_AggrDiffStats","https://www.nccs.nasa.gov/services/data-collections/land-based-products/nex-gddp","","Celsius","C",1.825956,"Maximum Temperature Projections Compared to 2006 for the RCP 4.5 Climate Model"
"geoId/72005","","Aguadilla Municipio","DifferenceRelativeToBaseDate2006_Max_Temperature_RCP45","2024-06","NASA_NEXGDDP_Subnational_AggrDiffStats","https://www.nccs.nasa.gov/services/data-collections/land-based-products/nex-gddp","","Celsius","C",-0.000183999999997297,"Maximum Temperature Projections Compared to 2006 for the RCP 4.5 Climate Model"
"geoId/72005","","Aguadilla Municipio","DifferenceRelativeToBaseDate2006_Max_Temperature_RCP45","2024-07","NASA_NEXGDDP_Subnational_AggrDiffStats","https://www.nccs.nasa.gov/services/data-collections/land-based-products/nex-gddp","","Celsius","C",-0.127228000000002,"Maximum Temperature Projections Compared to 2006 for the RCP 4.5 Climate Model"
"geoId/72005","","Aguadilla Municipio","DifferenceRelativeToBaseDate2006_Max_Temperature_RCP45","2024-08","NASA_NEXGDDP_Subnational_AggrDiffStats","https://www.nccs.nasa.gov/services/data-collections/land-based-products/nex-gddp","","Celsius","C",0.0683590000000009,"Maximum Temperature Projections Compared to 2006 for the RCP 4.5 Climate Model"
"geoId/72005","","Aguadilla Municipio","DifferenceRelativeToBaseDate2006_Max_Temperature_RCP45","2024-09","NASA_NEXGDDP_Subnational_AggrDiffStats","https://www.nccs.nasa.gov/services/data-collections/land-based-products/nex-gddp","","Celsius","C",-1.184753,"Maximum Temperature Projections Compared to 2006 for the RCP 4.5 Climate Model"
"geoId/72005","","Aguadilla Municipio","DifferenceRelativeToBaseDate2006_Max_Temperature_RCP45","2024-10","NASA_NEXGDDP_Subnational_AggrDiffStats","https://www.nccs.nasa.gov/services/data-collections/land-based-products/nex-gddp","","Celsius","C",0.145049999999998,"Maximum Temperature Projections Compared to 2006 for the RCP 4.5 Climate Model"
"geoId/72005","","Aguadilla Municipio","DifferenceRelativeToBaseDate2006_Max_Temperature_RCP45","2024-11","NASA_NEXGDDP_Subnational_AggrDiffStats","https://www.nccs.nasa.gov/services/data-collections/land-based-products/nex-gddp","","Celsius","C",0.933103999999997,"Maximum Temperature Projections Compared to 2006 for the RCP 4.5 Climate Model"
"geoId/72005","","Aguadilla Municipio","DifferenceRelativeToBaseDate2006_Max_Temperature_RCP45","2024-12","NASA_NEXGDDP_Subnational_AggrDiffStats","https://www.nccs.nasa.gov/services/data-collections/land-based-products/nex-gddp","","Celsius","C",1.147398,"Maximum Temperature Projections Compared to 2006 for the RCP 4.5 Climate Model"
"geoId/72005","","Aguadilla Municipio","DifferenceRelativeToBaseDate2006_Max_Temperature_RCP45","2025-01","NASA_NEXGDDP_Subnational_AggrDiffStats","https://www.nccs.nasa.gov/services/data-collections/land-based-products/nex-gddp","","Celsius","C",-0.341186,"Maximum Temperature Projections Compared to 2006 for the RCP 4.5 Climate Model"
"geoId/72005","","Aguadilla Municipio","DifferenceRelativeToBaseDate2006_Max_Temperature_RCP45","2025-02","NASA_NEXGDDP_Subnational_AggrDiffStats","https://www.nccs.nasa.gov/services/data-collections/land-based-products/nex-gddp","","Celsius","C",-0.249054000000001,"Maximum Temperature Projections Compared to 2006 for the RCP 4.5 Climate Model"
"geoId/72005","","Aguadilla Municipio","DifferenceRelativeToBaseDate2006_Max_Temperature_RCP45","2025-03","NASA_NEXGDDP_Subnational_AggrDiffStats","https://www.nccs.nasa.gov/services/data-collections/land-based-products/nex-gddp","","Celsius","C",0.120484000000001,"Maximum Temperature Projections Compared to 2006 for the RCP 4.5 Climate Model"
"geoId/72005","","Aguadilla Municipio","DifferenceRelativeToBaseDate2006_Max_Temperature_RCP45","2025-04","NASA_NEXGDDP_Subnational_AggrDiffStats","https://www.nccs.nasa.gov/services/data-collections/land-based-products/nex-gddp","","Celsius","C",1.341002,"Maximum Temperature Projections Compared to 2006 for the RCP 4.5 Climate Model"
"geoId/72005","","Aguadilla Municipio","DifferenceRelativeToBaseDate2006_Max_Temperature_RCP45","2025-05","NASA_NEXGDDP_Subnational_AggrDiffStats","https://www.nccs.nasa.gov/services/data-collections/land-based-products/nex-gddp","","Celsius","C",1.430448,"Maximum Temperature Projections Compared to 2006 for the RCP 4.5 Climate Model"
"geoId/72005","","Aguadilla Municipio","DifferenceRelativeToBaseDate2006_Max_Temperature_RCP45","2025-06","NASA_NEXGDDP_Subnational_AggrDiffStats","https://www.nccs.nasa.gov/services/data-collections/land-based-products/nex-gddp","","Celsius","C",0.904571000000004,"Maximum Temperature Projections Compared to 2006 for the RCP 4.5 Climate Model"
"geoId/72005","","Aguadilla Municipio","DifferenceRelativeToBaseDate2006_Max_Temperature_RCP45","2025-07","NASA_NEXGDDP_Subnational_AggrDiffStats","https://www.nccs.nasa.gov/services/data-collections/land-based-products/nex-gddp","","Celsius","C",0.122833,"Maximum Temperature Projections Compared to 2006 for the RCP 4.5 Climate Model"
"geoId/72005","","Aguadilla Municipio","DifferenceRelativeToBaseDate2006_Max_Temperature_RCP45","2025-08","NASA_NEXGDDP_Subnational_AggrDiffStats","https://www.nccs.nasa.gov/services/data-collections/land-based-products/nex-gddp","","Celsius","C",0.448974000000007,"Maximum Temperature Projections Compared to 2006 for the RCP 4.5 Climate Model"
"geoId/72005","","Aguadilla Municipio","DifferenceRelativeToBaseDate2006_Max_Temperature_RCP45","2025-09","NASA_NEXGDDP_Subnational_AggrDiffStats","https://www.nccs.nasa.gov/services/data-collections/land-based-products/nex-gddp","","Celsius","C",-0.951445999999997,"Maximum Temperature Projections Compared to 2006 for the RCP 4.5 Climate Model"
"geoId/72005","","Aguadilla Municipio","DifferenceRelativeToBaseDate2006_Max_Temperature_RCP45","2025-10","NASA_NEXGDDP_Subnational_AggrDiffStats","https://www.nccs.nasa.gov/services/data-collections/land-based-products/nex-gddp","","Celsius","C",0.808228,"Maximum Temperature Projections Compared to 2006 for the RCP 4.5 Climate Model"
"geoId/72005","","Aguadilla Municipio","DifferenceRelativeToBaseDate2006_Max_Temperature_RCP45","2025-11","NASA_NEXGDDP_Subnational_AggrDiffStats","https://www.nccs.nasa.gov/services/data-collections/land-based-products/nex-gddp","","Celsius","C",0.0560299999999998,"Maximum Temperature Projections Compared to 2006 for the RCP 4.5 Climate Model"
"geoId/72005","","Aguadilla Municipio","DifferenceRelativeToBaseDate2006_Max_Temperature_RCP45","2025-12","NASA_NEXGDDP_Subnational_AggrDiffStats","https://www.nccs.nasa.gov/services/data-collections/land-based-products/nex-gddp","","Celsius","C",2.137327,"Maximum Temperature Projections Compared to 2006 for the RCP 4.5 Climate Model"
"geoId/72005","","Aguadilla Municipio","DifferenceRelativeToBaseDate2006_Max_Temperature_RCP45","2026-01","NASA_NEXGDDP_Subnational_AggrDiffStats","https://www.nccs.nasa.gov/services/data-collections/land-based-products/nex-gddp","","Celsius","C",0.671723,"Maximum Temperature Projections Compared to 2006 for the RCP 4.5 Climate Model"
"geoId/72005","","Aguadilla Municipio","DifferenceRelativeToBaseDate2006_Max_Temperature_RCP45","2026-02","NASA_NEXGDDP_Subnational_AggrDiffStats","https://www.nccs.nasa.gov/services/data-collections/land-based-products/nex-gddp","","Celsius","C",1.613342,"Maximum Temperature Projections Compared to 2006 for the RCP 4.5 Climate Model"
"geoId/72005","","Aguadilla Municipio","DifferenceRelativeToBaseDate2006_Max_Temperature_RCP45","2026-03","NASA_NEXGDDP_Subnational_AggrDiffStats","https://www.nccs.nasa.gov/services/data-collections/land-based-products/nex-gddp","","Celsius","C",2.740569,"Maximum Temperature Projections Compared to 2006 for the RCP 4.5 Climate Model"
"geoId/72005","","Aguadilla Municipio","DifferenceRelativeToBaseDate2006_Max_Temperature_RCP45","2026-04","NASA_NEXGDDP_Subnational_AggrDiffStats","https://www.nccs.nasa.gov/services/data-collections/land-based-products/nex-gddp","","Celsius","C",3.309447,"Maximum Temperature Projections Compared to 2006 for the RCP 4.5 Climate Model"
"geoId/72005","","Aguadilla Municipio","DifferenceRelativeToBaseDate2006_Max_Temperature_RCP45","2026-05","NASA_NEXGDDP_Subnational_AggrDiffStats","https://www.nccs.nasa.gov/services/data-collections/land-based-products/nex-gddp","","Celsius","C",1.431944,"Maximum Temperature Projections Compared to 2006 for the RCP 4.5 Climate Model"
"geoId/72005","","Aguadilla Municipio","DifferenceRelativeToBaseDate2006_Max_Temperature_RCP45","2026-06","NASA_NEXGDDP_Subnational_AggrDiffStats","https://www.nccs.nasa.gov/services/data-collections/land-based-products/nex-gddp","","Celsius","C",0.317474000000004,"Maximum Temperature Projections Compared to 2006 for the RCP 4.5 Climate Model"
"geoId/72005","","Aguadilla Municipio","DifferenceRelativeToBaseDate2006_Max_Temperature_RCP45","2026-07","NASA_NEXGDDP_Subnational_AggrDiffStats","https://www.nccs.nasa.gov/services/data-collections/land-based-products/nex-gddp","","Celsius","C",0.344269000000004,"Maximum Temperature Projections Compared to 2006 for the RCP 4.5 Climate Model"
"geoId/72005","","Aguadilla Municipio","DifferenceRelativeToBaseDate2006_Max_Temperature_RCP45","2026-08","NASA_NEXGDDP_Subnational_AggrDiffStats","https://www.nccs.nasa.gov/services/data-collections/land-based-products/nex-gddp","","Celsius","C",0.736084000000005,"Maximum Temperature Projections Compared to 2006 for the RCP 4.5 Climate Model"
"geoId/72005","","Aguadilla Municipio","DifferenceRelativeToBaseDate2006_Max_Temperature_RCP45","2026-09","NASA_NEXGDDP_Subnational_AggrDiffStats","https://www.nccs.nasa.gov/services/data-collections/land-based-products/nex-gddp","","Celsius","C",-1.008392,"Maximum Temperature Projections Compared to 2006 for the RCP 4.5 Climate Model"
"geoId/72005","","Aguadilla Municipio","DifferenceRelativeToBaseDate2006_Max_Temperature_RCP45","2026-10","NASA_NEXGDDP_Subnational_AggrDiffStats","https://www.nccs.nasa.gov/services/data-collections/land-based-products/nex-gddp","","Celsius","C",0.436309999999999,"Maximum Temperature Projections Compared to 2006 for the RCP 4.5 Climate Model"
"geoId/72005","","Aguadilla Municipio","DifferenceRelativeToBaseDate2006_Max_Temperature_RCP45","2026-11","NASA_NEXGDDP_Subnational_AggrDiffStats","https://www.nccs.nasa.gov/services/data-collections/land-based-products/nex-gddp","","Celsius","C",1.121214,"Maximum Temperature Projections Compared to 2006 for the RCP 4.5 Climate Model"
"geoId/72005","","Aguadilla Municipio","DifferenceRelativeToBaseDate2006_Max_Temperature_RCP45","2026-12","NASA_NEXGDDP_Subnational_AggrDiffStats","https://www.nccs.nasa.gov/services/data-collections/land-based-products/nex-gddp","","Celsius","C",1.289519,"Maximum Temperature Projections Compared to 2006 for the RCP 4.5 Climate Model"
"geoId/72005","","Aguadilla Municipio","DifferenceRelativeToBaseDate2006_Max_Temperature_RCP45","2027-01","NASA_NEXGDDP_Subnational_AggrDiffStats","https://www.nccs.nasa.gov/services/data-collections/land-based-products/nex-gddp","","Celsius","C",0.721893999999999,"Maximum Temperature Projections Compared to 2006 for the RCP 4.5 Climate Model"
"geoId/72005","","Aguadilla Municipio","DifferenceRelativeToBaseDate2006_Max_Temperature_RCP45","2027-02","NASA_NEXGDDP_Subnational_AggrDiffStats","https://www.nccs.nasa.gov/services/data-collections/land-based-products/nex-gddp","","Celsius","C",1.647674,"Maximum Temperature Projections Compared to 2006 for the RCP 4.5 Climate Model"
"geoId/72005","","Aguadilla Municipio","DifferenceRelativeToBaseDate2006_Max_Temperature_RCP45","2027-03","NASA_NEXGDDP_Subnational_AggrDiffStats","https://www.nccs.nasa.gov/services/data-collections/land-based-products/nex-gddp","","Celsius","C",1.999724,"Maximum Temperature Projections Compared to 2006 for the RCP 4.5 Climate Model"
"geoId/72005","","Aguadilla Municipio","DifferenceRelativeToBaseDate2006_Max_Temperature_RCP45","2027-04","NASA_NEXGDDP_Subnational_AggrDiffStats","https://www.nccs.nasa.gov/services/data-collections/land-based-products/nex-gddp","","Celsius","C",4.244383,"Maximum Temperature Projections Compared to 2006 for the RCP 4.5 Climate Model"
"geoId/72005","","Aguadilla Municipio","DifferenceRelativeToBaseDate2006_Max_Temperature_RCP45","2027-05","NASA_NEXGDDP_Subnational_AggrDiffStats","https://www.nccs.nasa.gov/services/data-collections/land-based-products/nex-gddp","","Celsius","C",2.091581,"Maximum Temperature Projections Compared to 2006 for the RCP 4.5 Climate Model"
"geoId/72005","","Aguadilla Municipio","DifferenceRelativeToBaseDate2006_Max_Temperature_RCP45","2027-06","NASA_NEXGDDP_Subnational_AggrDiffStats","https://www.nccs.nasa.gov/services/data-collections/land-based-products/nex-gddp","","Celsius","C",0.777404000000004,"Maximum Temperature Projections Compared to 2006 for the RCP 4.5 Climate Model"
"geoId/72005","","Aguadilla Municipio","DifferenceRelativeToBaseDate2006_Max_Temperature_RCP45","2027-07","NASA_NEXGDDP_Subnational_AggrDiffStats","https://www.nccs.nasa.gov/services/data-collections/land-based-products/nex-gddp","","Celsius","C",0.0205990000000043,"Maximum Temperature Projections Compared to 2006 for the RCP 4.5 Climate Model"
"geoId/72005","","Aguadilla Municipio","DifferenceRelativeToBaseDate2006_Max_Temperature_RCP45","2027-08","NASA_NEXGDDP_Subnational_AggrDiffStats","https://www.nccs.nasa.gov/services/data-collections/land-based-products/nex-gddp","","Celsius","C",1.399902,"Maximum Temperature Projections Compared to 2006 for the RCP 4.5 Climate Model"
"geoId/72005","","Aguadilla Municipio","DifferenceRelativeToBaseDate2006_Max_Temperature_RCP45","2027-09","NASA_NEXGDDP_Subnational_AggrDiffStats","https://www.nccs.nasa.gov/services/data-collections/land-based-products/nex-gddp","","Celsius","C",0.284821000000001,"Maximum Temperature Projections Compared to 2006 for the RCP 4.5 Climate Model"
"geoId/72005","","Aguadilla Municipio","DifferenceRelativeToBaseDate2006_Max_Temperature_RCP45","2027-10","NASA_NEXGDDP_Subnational_AggrDiffStats","https://www.nccs.nasa.gov/services/data-collections/land-based-products/nex-gddp","","Celsius","C",2.33548,"Maximum Temperature Projections Compared to 2006 for the RCP 4.5 Climate Model"
"geoId/72005","","Aguadilla Municipio","DifferenceRelativeToBaseDate2006_Max_Temperature_RCP45","2027-11","NASA_NEXGDDP_Subnational_AggrDiffStats","https://www.nccs.nasa.gov/services/data-collections/land-based-products/nex-gddp","","Celsius","C",3.074949,"Maximum Temperature Projections Compared to 2006 for the RCP 4.5 Climate Model"
"geoId/72005","","Aguadilla Municipio","DifferenceRelativeToBaseDate2006_Max_Temperature_RCP45","2027-12","NASA_NEXGDDP_Subnational_AggrDiffStats","https://www.nccs.nasa.gov/services/data-collections/land-based-products/nex-gddp","","Celsius","C",1.231962,"Maximum Temperature Projections Compared to 2006 for the RCP 4.5 Climate Model"
"geoId/72005","","Aguadilla Municipio","DifferenceRelativeToBaseDate2006_Max_Temperature_RCP45","2028-01","NASA_NEXGDDP_Subnational_AggrDiffStats","https://www.nccs.nasa.gov/services/data-collections/land-based-products/nex-gddp","","Celsius","C",1.066498,"Maximum Temperature Projections Compared to 2006 for the RCP 4.5 Climate Model"
"geoId/72005","","Aguadilla Municipio","DifferenceRelativeToBaseDate2006_Max_Temperature_RCP45","2028-02","NASA_NEXGDDP_Subnational_AggrDiffStats","https://www.nccs.nasa.gov/services/data-collections/land-based-products/nex-gddp","","Celsius","C",0.762573,"Maximum Temperature Projections Compared to 2006 for the RCP 4.5 Climate Model"
"geoId/72005","","Aguadilla Municipio","DifferenceRelativeToBaseDate2006_Max_Temperature_RCP45","2028-03","NASA_NEXGDDP_Subnational_AggrDiffStats","https://www.nccs.nasa.gov/services/data-collections/land-based-products/nex-gddp","","Celsius","C",1.946196,"Maximum Temperature Projections Compared to 2006 for the RCP 4.5 Climate Model"
"geoId/72005","","Aguadilla Municipio","DifferenceRelativeToBaseDate2006_Max_Temperature_RCP45","2028-04","NASA_NEXGDDP_Subnational_AggrDiffStats","https://www.nccs.nasa.gov/services/data-collections/land-based-products/nex-gddp","","Celsius","C",3.599364,"Maximum Temperature Projections Compared to 2006 for the RCP 4.5 Climate Model"
"geoId/72005","","Aguadilla Municipio","DifferenceRelativeToBaseDate2006_Max_Temperature_RCP45","2028-05","NASA_NEXGDDP_Subnational_AggrDiffStats","https://www.nccs.nasa.gov/services/data-collections/land-based-products/nex-gddp","","Celsius","C",1.613188,"Maximum Temperature Projections Compared to 2006 for the RCP 4.5 Climate Model"
"geoId/72005","","Aguadilla Municipio","DifferenceRelativeToBaseDate2006_Max_Temperature_RCP45","2028-06","NASA_NEXGDDP_Subnational_AggrDiffStats","https://www.nccs.nasa.gov/services/data-collections/land-based-products/nex-gddp","","Celsius","C",0.180267000000001,"Maximum Temperature Projections Compared to 2006 for the RCP 4.5 Climate Model"
"geoId/72005","","Aguadilla Municipio","DifferenceRelativeToBaseDate2006_Max_Temperature_RCP45","2028-07","NASA_NEXGDDP_Subnational_AggrDiffStats","https://www.nccs.nasa.gov/services/data-collections/land-based-products/nex-gddp","","Celsius","C",0.902954000000001,"Maximum Temperature Projections Compared to 2006 for the RCP 4.5 Climate Model"
"geoId/72005","","Aguadilla Municipio","DifferenceRelativeToBaseDate2006_Max_Temperature_RCP45","2028-08","NASA_NEXGDDP_Subnational_AggrDiffStats","https://www.nccs.nasa.gov/services/data-collections/land-based-products/nex-gddp","","Celsius","C",0.258209000000001,"Maximum Temperature Projections Compared to 2006 for the RCP 4.5 Climate Model"
"geoId/72005","","Aguadilla Municipio","DifferenceRelativeToBaseDate2006_Max_Temperature_RCP45","2028-09","NASA_NEXGDDP_Subnational_AggrDiffStats","https://www.nccs.nasa.gov/services/data-collections/land-based-products/nex-gddp","","Celsius","C",-0.588194999999999,"Maximum Temperature Projections Compared to 2006 for the RCP 4.5 Climate Model"
"geoId/72005","","Aguadilla Municipio","DifferenceRelativeToBaseDate2006_Max_Temperature_RCP45","2028-10","NASA_NEXGDDP_Subnational_AggrDiffStats","https://www.nccs.nasa.gov/services/data-collections/land-based-products/nex-gddp","","Celsius","C",0.971924000000001,"Maximum Temperature Projections Compared to 2006 for the RCP 4.5 Climate Model"
"geoId/72005","","Aguadilla Municipio","DifferenceRelativeToBaseDate2006_Max_Temperature_RCP45","2028-11","NASA_NEXGDDP_Subnational_AggrDiffStats","https://www.nccs.nasa.gov/services/data-collections/land-based-products/nex-gddp","","Celsius","C",1.597227,"Maximum Temperature Projections Compared to 2006 for the RCP 4.5 Climate Model"
"geoId/72005","","Aguadilla Municipio","DifferenceRelativeToBaseDate2006_Max_Temperature_RCP45","2028-12","NASA_NEXGDDP_Subnational_AggrDiffStats","https://www.nccs.nasa.gov/services/data-collections/land-based-products/nex-gddp","","Celsius","C",1.391325,"Maximum Temperature Projections Compared to 2006 for the RCP 4.5 Climate Model"
"geoId/72005","","Aguadilla Municipio","DifferenceRelativeToBaseDate2006_Max_Temperature_RCP45","2029-01","NASA_NEXGDDP_Subnational_AggrDiffStats","https://www.nccs.nasa.gov/services/data-collections/land-based-products/nex-gddp","","Celsius","C",0.507629999999999,"Maximum Temperature Projections Compared to 2006 for the RCP 4.5 Climate Model"
"geoId/72005","","Aguadilla Municipio","DifferenceRelativeToBaseDate2006_Max_Temperature_RCP45","2029-02","NASA_NEXGDDP_Subnational_AggrDiffStats","https://www.nccs.nasa.gov/services/data-collections/land-based-products/nex-gddp","","Celsius","C",2.461607,"Maximum Temperature Projections Compared to 2006 for the RCP 4.5 Climate Model"
"geoId/72005","","Aguadilla Municipio","DifferenceRelativeToBaseDate2006_Max_Temperature_RCP45","2029-03","NASA_NEXGDDP_Subnational_AggrDiffStats","https://www.nccs.nasa.gov/services/data-collections/land-based-products/nex-gddp","","Celsius","C",1.935484,"Maximum Temperature Projections Compared to 2006 for the RCP 4.5 Climate Model"
"geoId/72005","","Aguadilla Municipio","DifferenceRelativeToBaseDate2006_Max_Temperature_RCP45","2029-04","NASA_NEXGDDP_Subnational_AggrDiffStats","https://www.nccs.nasa.gov/services/data-collections/land-based-products/nex-gddp","","Celsius","C",1.437285,"Maximum Temperature Projections Compared to 2006 for the RCP 4.5 Climate Model"
"geoId/72005","","Aguadilla Municipio","DifferenceRelativeToBaseDate2006_Max_Temperature_RCP45","2029-05","NASA_NEXGDDP_Subnational_AggrDiffStats","https://www.nccs.nasa.gov/services/data-collections/land-based-products/nex-gddp","","Celsius","C",0.895872000000001,"Maximum Temperature Projections Compared to 2006 for the RCP 4.5 Climate Model"
"geoId/72005","","Aguadilla Municipio","DifferenceRelativeToBaseDate2006_Max_Temperature_RCP45","2029-06","NASA_NEXGDDP_Subnational_AggrDiffStats","https://www.nccs.nasa.gov/services/data-collections/land-based-products/nex-gddp","","Celsius","C",0.345733000000003,"Maximum Temperature Projections Compared to 2006 for the RCP 4.5 Climate Model"
"geoId/72005","","Aguadilla Municipio","DifferenceRelativeToBaseDate2006_Max_Temperature_RCP45","2029-07","NASA_NEXGDDP_Subnational_AggrDiffStats","https://www.nccs.nasa.gov/services/data-collections/land-based-products/nex-gddp","","Celsius","C",1.017517,"Maximum Temperature Projections Compared to 2006 for the RCP 4.5 Climate Model"
"geoId/72005","","Aguadilla Municipio","DifferenceRelativeToBaseDate2006_Max_Temperature_RCP45","2029-08","NASA_NEXGDDP_Subnational_AggrDiffStats","https://www.nccs.nasa.gov/services/data-collections/land-based-products/nex-gddp","","Celsius","C",1.83493,"Maximum Temperature Projections Compared to 2006 for the RCP 4.5 Climate Model"
"geoId/72005","","Aguadilla Municipio","DifferenceRelativeToBaseDate2006_Max_Temperature_RCP45","2029-09","NASA_NEXGDDP_Subnational_AggrDiffStats","https://www.nccs.nasa.gov/services/data-collections/land-based-products/nex-gddp","","Celsius","C",-0.523680999999996,"Maximum Temperature Projections Compared to 2006 for the RCP 4.5 Climate Model"
"geoId/72005","","Aguadilla Municipio","DifferenceRelativeToBaseDate2006_Max_Temperature_RCP45","2029-10","NASA_NEXGDDP_Subnational_AggrDiffStats","https://www.nccs.nasa.gov/services/data-collections/land-based-products/nex-gddp","","Celsius","C",0.150787999999999,"Maximum Temperature Projections Compared to 2006 for the RCP 4.5 Climate Model"
"geoId/72005","","Aguadilla Municipio","DifferenceRelativeToBaseDate2006_Max_Temperature_RCP45","2029-11","NASA_NEXGDDP_Subnational_AggrDiffStats","https://www.nccs.nasa.gov/services/data-collections/land-based-products/nex-gddp","","Celsius","C",1.027647,"Maximum Temperature Projections Compared to 2006 for the RCP 4.5 Climate Model"
"geoId/72005","","Aguadilla Municipio","DifferenceRelativeToBaseDate2006_Max_Temperature_RCP45","2029-12","NASA_NEXGDDP_Subnational_AggrDiffStats","https://www.nccs.nasa.gov/services/data-collections/land-based-products/nex-gddp","","Celsius","C",0.815093999999998,"Maximum Temperature Projections Compared to 2006 for the RCP 4.5 Climate Model"
"geoId/72005","","Aguadilla Municipio","DifferenceRelativeToBaseDate2006_Max_Temperature_RCP45","2030-01","NASA_NEXGDDP_Subnational_AggrDiffStats","https://www.nccs.nasa.gov/services/data-collections/land-based-products/nex-gddp","","Celsius","C",-0.145630000000001,"Maximum Temperature Projections Compared to 2006 for the RCP 4.5 Climate Model"
"geoId/72005","","Aguadilla Municipio","DifferenceRelativeToBaseDate2006_Max_Temperature_RCP45","2030-02","NASA_NEXGDDP_Subnational_AggrDiffStats","https://www.nccs.nasa.gov/services/data-collections/land-based-products/nex-gddp","","Celsius","C",0.705321999999999,"Maximum Temperature Projections Compared to 2006 for the RCP 4.5 Climate Model"
"geoId/72005","","Aguadilla Municipio","DifferenceRelativeToBaseDate2006_Max_Temperature_RCP45","2030-03","NASA_NEXGDDP_Subnational_AggrDiffStats","https://www.nccs.nasa.gov/services/data-collections/land-based-products/nex-gddp","","Celsius","C",0.063721000000001,"Maximum Temperature Projections Compared to 2006 for the RCP 4.5 Climate Model"
"geoId/72005","","Aguadilla Municipio","DifferenceRelativeToBaseDate2006_Max_Temperature_RCP45","2030-04","NASA_NEXGDDP_Subnational_AggrDiffStats","https://www.nccs.nasa.gov/services/data-collections/land-based-products/nex-gddp","","Celsius","C",1.485533,"Maximum Temperature Projections Compared to 2006 for the RCP 4.5 Climate Model"
"geoId/72005","","Aguadilla Municipio","DifferenceRelativeToBaseDate2006_Max_Temperature_RCP45","2030-05","NASA_NEXGDDP_Subnational_AggrDiffStats","https://www.nccs.nasa.gov/services/data-collections/land-based-products/nex-gddp","","Celsius","C",0.903471,"Maximum Temperature Projections Compared to 2006 for the RCP 4.5 Climate Model"
"geoId/72005","","Aguadilla Municipio","DifferenceRelativeToBaseDate2006_Max_Temperature_RCP45","2030-06","NASA_NEXGDDP_Subnational_AggrDiffStats","https://www.nccs.nasa.gov/services/data-collections/land-based-products/nex-gddp","","Celsius","C",0.832977,"Maximum Temperature Projections Compared to 2006 for the RCP 4.5 Climate Model"
"geoId/72005","","Aguadilla Municipio","DifferenceRelativeToBaseDate2006_Max_Temperature_RCP45","2030-07","NASA_NEXGDDP_Subnational_AggrDiffStats","https://www.nccs.nasa.gov/services/data-collections/land-based-products/nex-gddp","","Celsius","C",0.604950000000002,"Maximum Temperature Projections Compared to 2006 for the RCP 4.5 Climate Model"
"geoId/72005","","Aguadilla Municipio","DifferenceRelativeToBaseDate2006_Max_Temperature_RCP45","2030-08","NASA_NEXGDDP_Subnational_AggrDiffStats","https://www.nccs.nasa.gov/services/data-collections/land-based-products/nex-gddp","","Celsius","C",0.530182000000003,"Maximum Temperature Projections Compared to 2006 for the RCP 4.5 Climate Model"
"geoId/72005","","Aguadilla Municipio","DifferenceRelativeToBaseDate2006_Max_Temperature_RCP45","2030-09","NASA_NEXGDDP_Subnational_AggrDiffStats","https://www.nccs.nasa.gov/services/data-collections/land-based-products/nex-gddp","","Celsius","C",-1.222503,"Maximum Temperature Projections Compared to 2006 for the RCP 4.5 Climate Model"
"geoId/72005","","Aguadilla Municipio","DifferenceRelativeToBaseDate2006_Max_Temperature_RCP45","2030-10","NASA_NEXGDDP_Subnational_AggrDiffStats","https://www.nccs.nasa.gov/services/data-collections/land-based-products/nex-gddp","","Celsius","C",-1.429563,"Maximum Temperature Projections Compared to 2006 for the RCP 4.5 Climate Model"
"geoId/72005","","Aguadilla Municipio","DifferenceRelativeToBaseDate2006_Max_Temperature_RCP45","2030-11","NASA_NEXGDDP_Subnational_AggrDiffStats","https://www.nccs.nasa.gov/services/data-collections/land-based-products/nex-gddp","","Celsius","C",-0.923736000000002,"Maximum Temperature Projections Compared to 2006 for the RCP 4.5 Climate Model"
"geoId/72005","","Aguadilla Municipio","DifferenceRelativeToBaseDate2006_Max_Temperature_RCP45","2030-12","NASA_NEXGDDP_Subnational_AggrDiffStats","https://www.nccs.nasa.gov/services/data-collections/land-based-products/nex-gddp","","Celsius","C",-0.161743000000001,"Maximum Temperature Projections Compared to 2006 for the RCP 4.5 Climate Model"
"geoId/72005","","Aguadilla Municipio","DifferenceRelativeToBaseDate2006_Max_Temperature_RCP45","2031-01","NASA_NEXGDDP_Subnational_AggrDiffStats","https://www.nccs.nasa.gov/services/data-collections/land-based-products/nex-gddp","","Celsius","C",0.136748999999998,"Maximum Temperature Projections Compared to 2006 for the RCP 4.5 Climate Model"
"geoId/72005","","Aguadilla Municipio","DifferenceRelativeToBaseDate2006_Max_Temperature_RCP45","2031-02","NASA_NEXGDDP_Subnational_AggrDiffStats","https://www.nccs.nasa.gov/services/data-collections/land-based-products/nex-gddp","","Celsius","C",3.071806,"Maximum Temperature Projections Compared to 2006 for the RCP 4.5 Climate Model"
"geoId/72005","","Aguadilla Municipio","DifferenceRelativeToBaseDate2006_Max_Temperature_RCP45","2031-03","NASA_NEXGDDP_Subnational_AggrDiffStats","https://www.nccs.nasa.gov/services/data-collections/land-based-products/nex-gddp","","Celsius","C",1.261992,"Maximum Temperature Projections Compared to 2006 for the RCP 4.5 Climate Model"
"geoId/72005","","Aguadilla Municipio","DifferenceRelativeToBaseDate2006_Max_Temperature_RCP45","2031-04","NASA_NEXGDDP_Subnational_AggrDiffStats","https://www.nccs.nasa.gov/services/data-collections/land-based-products/nex-gddp","","Celsius","C",1.012604,"Maximum Temperature Projections Compared to 2006 for the RCP 4.5 Climate Model"
"geoId/72005","","Aguadilla Municipio","DifferenceRelativeToBaseDate2006_Max_Temperature_RCP45","2031-05","NASA_NEXGDDP_Subnational_AggrDiffStats","https://www.nccs.nasa.gov/services/data-collections/land-based-products/nex-gddp","","Celsius","C",1.063413,"Maximum Temperature Projections Compared to 2006 for the RCP 4.5 Climate Model"
"geoId/72005","","Aguadilla Municipio","DifferenceRelativeToBaseDate2006_Max_Temperature_RCP45","2031-06","NASA_NEXGDDP_Subnational_AggrDiffStats","https://www.nccs.nasa.gov/services/data-collections/land-based-products/nex-gddp","","Celsius","C",-0.625974999999997,"Maximum Temperature Projections Compared to 2006 for the RCP 4.5 Climate Model"
"geoId/72005","","Aguadilla Municipio","DifferenceRelativeToBaseDate2006_Max_Temperature_RCP45","2031-07","NASA_NEXGDDP_Subnational_AggrDiffStats","https://www.nccs.nasa.gov/services/data-collections/land-based-products/nex-gddp","","Celsius","C",1.008911,"Maximum Temperature Projections Compared to 2006 for the RCP 4.5 Climate Model"
"geoId/72005","","Aguadilla Municipio","DifferenceRelativeToBaseDate2006_Max_Temperature_RCP45","2031-08","NASA_NEXGDDP_Subnational_AggrDiffStats","https://www.nccs.nasa.gov/services/data-collections/land-based-products/nex-gddp","","Celsius","C",0.930572000000005,"Maximum Temperature Projections Compared to 2006 for the RCP 4.5 Climate Model"
"geoId/72005","","Aguadilla Municipio","DifferenceRelativeToBaseDate2006_Max_Temperature_RCP45","2031-09","NASA_NEXGDDP_Subnational_AggrDiffStats","https://www.nccs.nasa.gov/services/data-collections/land-based-products/nex-gddp","","Celsius","C",-0.113861,"Maximum Temperature Projections Compared to 2006 for the RCP 4.5 Climate Model"
"geoId/72005","","Aguadilla Municipio","DifferenceRelativeToBaseDate2006_Max_Temperature_RCP45","2031-10","NASA_NEXGDDP_Subnational_AggrDiffStats","https://www.nccs.nasa.gov/services/data-collections/land-based-products/nex-gddp","","Celsius","C",1.002655,"Maximum Temperature Projections Compared to 2006 for the RCP 4.5 Climate Model"
"geoId/72005","","Aguadilla Municipio","DifferenceRelativeToBaseDate2006_Max_Temperature_RCP45","2031-11","NASA_NEXGDDP_Subnational_AggrDiffStats","https://www.nccs.nasa.gov/services/data-collections/land-based-products/nex-gddp","","Celsius","C",1.320128,"Maximum Temperature Projections Compared to 2006 for the RCP 4.5 Climate Model"
"geoId/72005","","Aguadilla Municipio","DifferenceRelativeToBaseDate2006_Max_Temperature_RCP45","2031-12","NASA_NEXGDDP_Subnational_AggrDiffStats","https://www.nccs.nasa.gov/services/data-collections/land-based-products/nex-gddp","","Celsius","C",1.015259,"Maximum Temperature Projections Compared to 2006 for the RCP 4.5 Climate Model"
"geoId/72005","","Aguadilla Municipio","DifferenceRelativeToBaseDate2006_Max_Temperature_RCP45","2032-01","NASA_NEXGDDP_Subnational_AggrDiffStats","https://www.nccs.nasa.gov/services/data-collections/land-based-products/nex-gddp","","Celsius","C",0.539368,"Maximum Temperature Projections Compared to 2006 for the RCP 4.5 Climate Model"
"geoId/72005","","Aguadilla Municipio","DifferenceRelativeToBaseDate2006_Max_Temperature_RCP45","2032-02","NASA_NEXGDDP_Subnational_AggrDiffStats","https://www.nccs.nasa.gov/services/data-collections/land-based-products/nex-gddp","","Celsius","C",0.365112,"Maximum Temperature Projections Compared to 2006 for the RCP 4.5 Climate Model"
"geoId/72005","","Aguadilla Municipio","DifferenceRelativeToBaseDate2006_Max_Temperature_RCP45","2032-03","NASA_NEXGDDP_Subnational_AggrDiffStats","https://www.nccs.nasa.gov/services/data-collections/land-based-products/nex-gddp","","Celsius","C",0.70044,"Maximum Temperature Projections Compared to 2006 for the RCP 4.5 Climate Model"
"geoId/72005","","Aguadilla Municipio","DifferenceRelativeToBaseDate2006_Max_Temperature_RCP45","2032-04","NASA_NEXGDDP_Subnational_AggrDiffStats","https://www.nccs.nasa.gov/services/data-collections/land-based-products/nex-gddp","","Celsius","C",3.865965,"Maximum Temperature Projections Compared to 2006 for the RCP 4.5 Climate Model"
"geoId/72005","","Aguadilla Municipio","DifferenceRelativeToBaseDate2006_Max_Temperature_RCP45","2032-05","NASA_NEXGDDP_Subnational_AggrDiffStats","https://www.nccs.nasa.gov/services/data-collections/land-based-products/nex-gddp","","Celsius","C",2.81793,"Maximum Temperature Projections Compared to 2006 for the RCP 4.5 Climate Model"
"geoId/72005","","Aguadilla Municipio","DifferenceRelativeToBaseDate2006_Max_Temperature_RCP45","2032-06","NASA_NEXGDDP_Subnational_AggrDiffStats","https://www.nccs.nasa.gov/services/data-collections/land-based-products/nex-gddp","","Celsius","C",-0.302551999999999,"Maximum Temperature Projections Compared to 2006 for the RCP 4.5 Climate Model"
"geoId/72005","","Aguadilla Municipio","DifferenceRelativeToBaseDate2006_Max_Temperature_RCP45","2032-07","NASA_NEXGDDP_Subnational_AggrDiffStats","https://www.nccs.nasa.gov/services/data-collections/land-based-products/nex-gddp","","Celsius","C",-0.243865999999997,"Maximum Temperature Projections Compared to 2006 for the RCP 4.5 Climate Model"
"geoId/72005","","Aguadilla Municipio","DifferenceRelativeToBaseDate2006_Max_Temperature_RCP45","2032-08","NASA_NEXGDDP_Subnational_AggrDiffStats","https://www.nccs.nasa.gov/services/data-collections/land-based-products/nex-gddp","","Celsius","C",1.613617,"Maximum Temperature Projections Compared to 2006 for the RCP 4.5 Climate Model"
"geoId/72005","","Aguadilla Municipio","DifferenceRelativeToBaseDate2006_Max_Temperature_RCP45","2032-09","NASA_NEXGDDP_Subnational_AggrDiffStats","https://www.nccs.nasa.gov/services/data-collections/land-based-products/nex-gddp","","Celsius","C",0.735810000000001,"Maximum Temperature Projections Compared to 2006 for the RCP 4.5 Climate Model"
"geoId/72005","","Aguadilla Municipio","DifferenceRelativeToBaseDate2006_Max_Temperature_RCP45","2032-10","NASA_NEXGDDP_Subnational_AggrDiffStats","https://www.nccs.nasa.gov/services/data-collections/land-based-products/nex-gddp","","Celsius","C",1.853272,"Maximum Temperature Projections Compared to 2006 for the RCP 4.5 Climate Model"
"geoId/72005","","Aguadilla Municipio","DifferenceRelativeToBaseDate2006_Max_Temperature_RCP45","2032-11","NASA_NEXGDDP_Subnational_AggrDiffStats","https://www.nccs.nasa.gov/services/data-collections/land-based-products/nex-gddp","","Celsius","C",2.985319,"Maximum Temperature Projections Compared to 2006 for the RCP 4.5 Climate Model"
"geoId/72005","","Aguadilla Municipio","DifferenceRelativeToBaseDate2006_Max_Temperature_RCP45","2032-12","NASA_NEXGDDP_Subnational_AggrDiffStats","https://www.nccs.nasa.gov/services/data-collections/land-based-products/nex-gddp","","Celsius","C",1.474608,"Maximum Temperature Projections Compared to 2006 for the RCP 4.5 Climate Model"
"geoId/72005","","Aguadilla Municipio","DifferenceRelativeToBaseDate2006_Max_Temperature_RCP45","2033-01","NASA_NEXGDDP_Subnational_AggrDiffStats","https://www.nccs.nasa.gov/services/data-collections/land-based-products/nex-gddp","","Celsius","C",1.048279,"Maximum Temperature Projections Compared to 2006 for the RCP 4.5 Climate Model"
"geoId/72005","","Aguadilla Municipio","DifferenceRelativeToBaseDate2006_Max_Temperature_RCP45","2033-02","NASA_NEXGDDP_Subnational_AggrDiffStats","https://www.nccs.nasa.gov/services/data-collections/land-based-products/nex-gddp","","Celsius","C",1.572143,"Maximum Temperature Projections Compared to 2006 for the RCP 4.5 Climate Model"
"geoId/72005","","Aguadilla Municipio","DifferenceRelativeToBaseDate2006_Max_Temperature_RCP45","2033-03","NASA_NEXGDDP_Subnational_AggrDiffStats","https://www.nccs.nasa.gov/services/data-collections/land-based-products/nex-gddp","","Celsius","C",0.796112000000001,"Maximum Temperature Projections Compared to 2006 for the RCP 4.5 Climate Model"
"geoId/72005","","Aguadilla Municipio","DifferenceRelativeToBaseDate2006_Max_Temperature_RCP45","2033-04","NASA_NEXGDDP_Subnational_AggrDiffStats","https://www.nccs.nasa.gov/services/data-collections/land-based-products/nex-gddp","","Celsius","C",1.200928,"Maximum Temperature Projections Compared to 2006 for the RCP 4.5 Climate Model"
"geoId/72005","","Aguadilla Municipio","DifferenceRelativeToBaseDate2006_Max_Temperature_RCP45","2033-05","NASA_NEXGDDP_Subnational_AggrDiffStats","https://www.nccs.nasa.gov/services/data-collections/land-based-products/nex-gddp","","Celsius","C",2.242765,"Maximum Temperature Projections Compared to 2006 for the RCP 4.5 Climate Model"
"geoId/72005","","Aguadilla Municipio","DifferenceRelativeToBaseDate2006_Max_Temperature_RCP45","2033-06","NASA_NEXGDDP_Subnational_AggrDiffStats","https://www.nccs.nasa.gov/services/data-collections/land-based-products/nex-gddp","","Celsius","C",0.974853000000003,"Maximum Temperature Projections Compared to 2006 for the RCP 4.5 Climate Model"
"geoId/72005","","Aguadilla Municipio","DifferenceRelativeToBaseDate2006_Max_Temperature_RCP45","2033-07","NASA_NEXGDDP_Subnational_AggrDiffStats","https://www.nccs.nasa.gov/services/data-collections/land-based-products/nex-gddp","","Celsius","C",0.843353,"Maximum Temperature Projections Compared to 2006 for the RCP 4.5 Climate Model"
"geoId/72005","","Aguadilla Municipio","DifferenceRelativeToBaseDate2006_Max_Temperature_RCP45","2033-08","NASA_NEXGDDP_Subnational_AggrDiffStats","https://www.nccs.nasa.gov/services/data-collections/land-based-products/nex-gddp","","Celsius","C",0.443084000000006,"Maximum Temperature Projections Compared to 2006 for the RCP 4.5 Climate Model"
"geoId/72005","","Aguadilla Municipio","DifferenceRelativeToBaseDate2006_Max_Temperature_RCP45","2033-09","NASA_NEXGDDP_Subnational_AggrDiffStats","https://www.nccs.nasa.gov/services/data-collections/land-based-products/nex-gddp","","Celsius","C",-0.612609999999997,"Maximum Temperature Projections Compared to 2006 for the RCP 4.5 Climate Model"
"geoId/72005","","Aguadilla Municipio","DifferenceRelativeToBaseDate2006_Max_Temperature_RCP45","2033-10","NASA_NEXGDDP_Subnational_AggrDiffStats","https://www.nccs.nasa.gov/services/data-collections/land-based-products/nex-gddp","","Celsius","C",0.564484,"Maximum Temperature Projections Compared to 2006 for the RCP 4.5 Climate Model"
"geoId/72005","","Aguadilla Municipio","DifferenceRelativeToBaseDate2006_Max_Temperature_RCP45","2033-11","NASA_NEXGDDP_Subnational_AggrDiffStats","https://www.nccs.nasa.gov/services/data-collections/land-based-products/nex-gddp","","Celsius","C",1.227598,"Maximum Temperature Projections Compared to 2006 for the RCP 4.5 Climate Model"
"geoId/72005","","Aguadilla Municipio","DifferenceRelativeToBaseDate2006_Max_Temperature_RCP45","2033-12","NASA_NEXGDDP_Subnational_AggrDiffStats","https://www.nccs.nasa.gov/services/data-collections/land-based-products/nex-gddp","","Celsius","C",1.478087,"Maximum Temperature Projections Compared to 2006 for the RCP 4.5 Climate Model"
"geoId/72005","","Aguadilla Municipio","DifferenceRelativeToBaseDate2006_Max_Temperature_RCP45","2034-01","NASA_NEXGDDP_Subnational_AggrDiffStats","https://www.nccs.nasa.gov/services/data-collections/land-based-products/nex-gddp","","Celsius","C",2.261534,"Maximum Temperature Projections Compared to 2006 for the RCP 4.5 Climate Model"
"geoId/72005","","Aguadilla Municipio","DifferenceRelativeToBaseDate2006_Max_Temperature_RCP45","2034-02","NASA_NEXGDDP_Subnational_AggrDiffStats","https://www.nccs.nasa.gov/services/data-collections/land-based-products/nex-gddp","","Celsius","C",1.341369,"Maximum Temperature Projections Compared to 2006 for the RCP 4.5 Climate Model"
"geoId/72005","","Aguadilla Municipio","DifferenceRelativeToBaseDate2006_Max_Temperature_RCP45","2034-03","NASA_NEXGDDP_Subnational_AggrDiffStats","https://www.nccs.nasa.gov/services/data-collections/land-based-products/nex-gddp","","Celsius","C",0.774291999999999,"Maximum Temperature Projections Compared to 2006 for the RCP 4.5 Climate Model"
"geoId/72005","","Aguadilla Municipio","DifferenceRelativeToBaseDate2006_Max_Temperature_RCP45","2034-04","NASA_NEXGDDP_Subnational_AggrDiffStats","https://www.nccs.nasa.gov/services/data-collections/land-based-products/nex-gddp","","Celsius","C",1.55966,"Maximum Temperature Projections Compared to 2006 for the RCP 4.5 Climate Model"
"geoId/72005","","Aguadilla Municipio","DifferenceRelativeToBaseDate2006_Max_Temperature_RCP45","2034-05","NASA_NEXGDDP_Subnational_AggrDiffStats","https://www.nccs.nasa.gov/services/data-collections/land-based-products/nex-gddp","","Celsius","C",1.859403,"Maximum Temperature Projections Compared to 2006 for the RCP 4.5 Climate Model"
"geoId/72005","","Aguadilla Municipio","DifferenceRelativeToBaseDate2006_Max_Temperature_RCP45","2034-06","NASA_NEXGDDP_Subnational_AggrDiffStats","https://www.nccs.nasa.gov/services/data-collections/land-based-products/nex-gddp","","Celsius","C",0.451720999999999,"Maximum Temperature Projections Compared to 2006 for the RCP 4.5 Climate Model"
"geoId/72005","","Aguadilla Municipio","DifferenceRelativeToBaseDate2006_Max_Temperature_RCP45","2034-07","NASA_NEXGDDP_Subnational_AggrDiffStats","https://www.nccs.nasa.gov/services/data-collections/land-based-products/nex-gddp","","Celsius","C",-0.0702209999999965,"Maximum Temperature Projections Compared to 2006 for the RCP 4.5 Climate Model"
"geoId/72005","","Aguadilla Municipio","DifferenceRelativeToBaseDate2006_Max_Temperature_RCP45","2034-08","NASA_NEXGDDP_Subnational_AggrDiffStats","https://www.nccs.nasa.gov/services/data-collections/land-based-products/nex-gddp","","Celsius","C",0.297302000000002,"Maximum Temperature Projections Compared to 2006 for the RCP 4.5 Climate Model"
"geoId/72005","","Aguadilla Municipio","DifferenceRelativeToBaseDate2006_Max_Temperature_RCP45","2034-09","NASA_NEXGDDP_Subnational_AggrDiffStats","https://www.nccs.nasa.gov/services/data-collections/land-based-products/nex-gddp","","Celsius","C",-0.349669999999996,"Maximum Temperature Projections Compared to 2006 for the RCP 4.5 Climate Model"
"geoId/72005","","Aguadilla Municipio","DifferenceRelativeToBaseDate2006_Max_Temperature_RCP45","2034-10","NASA_NEXGDDP_Subnational_AggrDiffStats","https://www.nccs.nasa.gov/services/data-collections/land-based-products/nex-gddp","","Celsius","C",0.212342,"Maximum Temperature Projections Compared to 2006 for the RCP 4.5 Climate Model"
"geoId/72005","","Aguadilla Municipio","DifferenceRelativeToBaseDate2006_Max_Temperature_RCP45","2034-11","NASA_NEXGDDP_Subnational_AggrDiffStats","https://www.nccs.nasa.gov/services/data-collections/land-based-products/nex-gddp","","Celsius","C",-0.0529779999999995,"Maximum Temperature Projections Compared to 2006 for the RCP 4.5 Climate Model"
"geoId/72005","","Aguadilla Municipio","DifferenceRelativeToBaseDate2006_Max_Temperature_RCP45","2034-12","NASA_NEXGDDP_Subnational_AggrDiffStats","https://www.nccs.nasa.gov/services/data-collections/land-based-products/nex-gddp","","Celsius","C",-0.177520999999999,"Maximum Temperature Projections Compared to 2006 for the RCP 4.5 Climate Model"
"geoId/72005","","Aguadilla Municipio","DifferenceRelativeToBaseDate2006_Max_Temperature_RCP45","2035-01","NASA_NEXGDDP_Subnational_AggrDiffStats","https://www.nccs.nasa.gov/services/data-collections/land-based-products/nex-gddp","","Celsius","C",1.558777,"Maximum Temperature Projections Compared to 2006 for the RCP 4.5 Climate Model"
"geoId/72005","","Aguadilla Municipio","DifferenceRelativeToBaseDate2006_Max_Temperature_RCP45","2035-02","NASA_NEXGDDP_Subnational_AggrDiffStats","https://www.nccs.nasa.gov/services/data-collections/land-based-products/nex-gddp","","Celsius","C",1.65097,"Maximum Temperature Projections Compared to 2006 for the RCP 4.5 Climate Model"
"geoId/72005","","Aguadilla Municipio","DifferenceRelativeToBaseDate2006_Max_Temperature_RCP45","2035-03","NASA_NEXGDDP_Subnational_AggrDiffStats","https://www.nccs.nasa.gov/services/data-collections/land-based-products/nex-gddp","","Celsius","C",0.623139000000002,"Maximum Temperature Projections Compared to 2006 for the RCP 4.5 Climate Model"
"geoId/72005","","Aguadilla Municipio","DifferenceRelativeToBaseDate2006_Max_Temperature_RCP45","2035-04","NASA_NEXGDDP_Subnational_AggrDiffStats","https://www.nccs.nasa.gov/services/data-collections/land-based-products/nex-gddp","","Celsius","C",1.108124,"Maximum Temperature Projections Compared to 2006 for the RCP 4.5 Climate Model"
"geoId/72005","","Aguadilla Municipio","DifferenceRelativeToBaseDate2006_Max_Temperature_RCP45","2035-05","NASA_NEXGDDP_Subnational_AggrDiffStats","https://www.nccs.nasa.gov/services/data-collections/land-based-products/nex-gddp","","Celsius","C",1.878538,"Maximum Temperature Projections Compared to 2006 for the RCP 4.5 Climate Model"
"geoId/72005","","Aguadilla Municipio","DifferenceRelativeToBaseDate2006_Max_Temperature_RCP45","2035-06","NASA_NEXGDDP_Subnational_AggrDiffStats","https://www.nccs.nasa.gov/services/data-collections/land-based-products/nex-gddp","","Celsius","C",0.291870000000003,"Maximum Temperature Projections Compared to 2006 for the RCP 4.5 Climate Model"
"geoId/72005","","Aguadilla Municipio","DifferenceRelativeToBaseDate2006_Max_Temperature_RCP45","2035-07","NASA_NEXGDDP_Subnational_AggrDiffStats","https://www.nccs.nasa.gov/services/data-collections/land-based-products/nex-gddp","","Celsius","C",0.330932000000004,"Maximum Temperature Projections Compared to 2006 for the RCP 4.5 Climate Model"
"geoId/72005","","Aguadilla Municipio","DifferenceRelativeToBaseDate2006_Max_Temperature_RCP45","2035-08","NASA_NEXGDDP_Subnational_AggrDiffStats","https://www.nccs.nasa.gov/services/data-collections/land-based-products/nex-gddp","","Celsius","C",0.984771000000002,"Maximum Temperature Projections Compared to 2006 for the RCP 4.5 Climate Model"
"geoId/72005","","Aguadilla Municipio","DifferenceRelativeToBaseDate2006_Max_Temperature_RCP45","2035-09","NASA_NEXGDDP_Subnational_AggrDiffStats","https://www.nccs.nasa.gov/services/data-collections/land-based-products/nex-gddp","","Celsius","C",-0.847533999999996,"Maximum Temperature Projections Compared to 2006 for the RCP 4.5 Climate Model"
"geoId/72005","","Aguadilla Municipio","DifferenceRelativeToBaseDate2006_Max_Temperature_RCP45","2035-10","NASA_NEXGDDP_Subnational_AggrDiffStats","https://www.nccs.nasa.gov/services/data-collections/land-based-products/nex-gddp","","Celsius","C",0.931579999999997,"Maximum Temperature Projections Compared to 2006 for the RCP 4.5 Climate Model"
"geoId/72005","","Aguadilla Municipio","DifferenceRelativeToBaseDate2006_Max_Temperature_RCP45","2035-11","NASA_NEXGDDP_Subnational_AggrDiffStats","https://www.nccs.nasa.gov/services/data-collections/land-based-products/nex-gddp","","Celsius","C",0.813109000000001,"Maximum Temperature Projections Compared to 2006 for the RCP 4.5 Climate Model"
"geoId/72005","","Aguadilla Municipio","DifferenceRelativeToBaseDate2006_Max_Temperature_RCP45","2035-12","NASA_NEXGDDP_Subnational_AggrDiffStats","https://www.nccs.nasa.gov/services/data-collections/land-based-products/nex-gddp","","Celsius","C",1.063049,"Maximum Temperature Projections Compared to 2006 for the RCP 4.5 Climate Model"
"geoId/72005","","Aguadilla Municipio","DifferenceRelativeToBaseDate2006_Max_Temperature_RCP45","2036-01","NASA_NEXGDDP_Subnational_AggrDiffStats","https://www.nccs.nasa.gov/services/data-collections/land-based-products/nex-gddp","","Celsius","C",0.174285999999999,"Maximum Temperature Projections Compared to 2006 for the RCP 4.5 Climate Model"
"geoId/72005","","Aguadilla Municipio","DifferenceRelativeToBaseDate2006_Max_Temperature_RCP45","2036-02","NASA_NEXGDDP_Subnational_AggrDiffStats","https://www.nccs.nasa.gov/services/data-collections/land-based-products/nex-gddp","","Celsius","C",1.763763,"Maximum Temperature Projections Compared to 2006 for the RCP 4.5 Climate Model"
"geoId/72005","","Aguadilla Municipio","DifferenceRelativeToBaseDate2006_Max_Temperature_RCP45","2036-03","NASA_NEXGDDP_Subnational_AggrDiffStats","https://www.nccs.nasa.gov/services/data-collections/land-based-products/nex-gddp","","Celsius","C",1.293059,"Maximum Temperature Projections Compared to 2006 for the RCP 4.5 Climate Model"
"geoId/72005","","Aguadilla Municipio","DifferenceRelativeToBaseDate2006_Max_Temperature_RCP45","2036-04","NASA_NEXGDDP_Subnational_AggrDiffStats","https://www.nccs.nasa.gov/services/data-collections/land-based-products/nex-gddp","","Celsius","C",1.567503,"Maximum Temperature Projections Compared to 2006 for the RCP 4.5 Climate Model"
"geoId/72005","","Aguadilla Municipio","DifferenceRelativeToBaseDate2006_Max_Temperature_RCP45","2036-05","NASA_NEXGDDP_Subnational_AggrDiffStats","https://www.nccs.nasa.gov/services/data-collections/land-based-products/nex-gddp","","Celsius","C",0.356445000000001,"Maximum Temperature Projections Compared to 2006 for the RCP 4.5 Climate Model"
"geoId/72005","","Aguadilla Municipio","DifferenceRelativeToBaseDate2006_Max_Temperature_RCP45","2036-06","NASA_NEXGDDP_Subnational_AggrDiffStats","https://www.nccs.nasa.gov/services/data-collections/land-based-products/nex-gddp","","Celsius","C",2.14746,"Maximum Temperature Projections Compared to 2006 for the RCP 4.5 Climate Model"
"geoId/72005","","Aguadilla Municipio","DifferenceRelativeToBaseDate2006_Max_Temperature_RCP45","2036-07","NASA_NEXGDDP_Subnational_AggrDiffStats","https://www.nccs.nasa.gov/services/data-collections/land-based-products/nex-gddp","","Celsius","C",0.742462000000003,"Maximum Temperature Projections Compared to 2006 for the RCP 4.5 Climate Model"
"geoId/72005","","Aguadilla Municipio","DifferenceRelativeToBaseDate2006_Max_Temperature_RCP45","2036-08","NASA_NEXGDDP_Subnational_AggrDiffStats","https://www.nccs.nasa.gov/services/data-collections/land-based-products/nex-gddp","","Celsius","C",1.28836,"Maximum Temperature Projections Compared to 2006 for the RCP 4.5 Climate Model"
"geoId/72005","","Aguadilla Municipio","DifferenceRelativeToBaseDate2006_Max_Temperature_RCP45","2036-09","NASA_NEXGDDP_Subnational_AggrDiffStats","https://www.nccs.nasa.gov/services/data-collections/land-based-products/nex-gddp","","Celsius","C",0.0498660000000015,"Maximum Temperature Projections Compared to 2006 for the RCP 4.5 Climate Model"
"geoId/72005","","Aguadilla Municipio","DifferenceRelativeToBaseDate2006_Max_Temperature_RCP45","2036-10","NASA_NEXGDDP_Subnational_AggrDiffStats","https://www.nccs.nasa.gov/services/data-collections/land-based-products/nex-gddp","","Celsius","C",1.046326,"Maximum Temperature Projections Compared to 2006 for the RCP 4.5 Climate Model"
"geoId/72005","","Aguadilla Municipio","DifferenceRelativeToBaseDate2006_Max_Temperature_RCP45","2036-11","NASA_NEXGDDP_Subnational_AggrDiffStats","https://www.nccs.nasa.gov/services/data-collections/land-based-products/nex-gddp","","Celsius","C",0.736478999999999,"Maximum Temperature Projections Compared to 2006 for the RCP 4.5 Climate Model"
"geoId/72005","","Aguadilla Municipio","DifferenceRelativeToBaseDate2006_Max_Temperature_RCP45","2036-12","NASA_NEXGDDP_Subnational_AggrDiffStats","https://www.nccs.nasa.gov/services/data-collections/land-based-products/nex-gddp","","Celsius","C",-0.317046999999999,"Maximum Temperature Projections Compared to 2006 for the RCP 4.5 Climate Model"
"geoId/72005","","Aguadilla Municipio","DifferenceRelativeToBaseDate2006_Max_Temperature_RCP45","2037-01","NASA_NEXGDDP_Subnational_AggrDiffStats","https://www.nccs.nasa.gov/services/data-collections/land-based-products/nex-gddp","","Celsius","C",0.468993999999999,"Maximum Temperature Projections Compared to 2006 for the RCP 4.5 Climate Model"
"geoId/72005","","Aguadilla Municipio","DifferenceRelativeToBaseDate2006_Max_Temperature_RCP45","2037-02","NASA_NEXGDDP_Subnational_AggrDiffStats","https://www.nccs.nasa.gov/services/data-collections/land-based-products/nex-gddp","","Celsius","C",1.520813,"Maximum Temperature Projections Compared to 2006 for the RCP 4.5 Climate Model"
"geoId/72005","","Aguadilla Municipio","DifferenceRelativeToBaseDate2006_Max_Temperature_RCP45","2037-03","NASA_NEXGDDP_Subnational_AggrDiffStats","https://www.nccs.nasa.gov/services/data-collections/land-based-products/nex-gddp","","Celsius","C",1.956847,"Maximum Temperature Projections Compared to 2006 for the RCP 4.5 Climate Model"
"geoId/72005","","Aguadilla Municipio","DifferenceRelativeToBaseDate2006_Max_Temperature_RCP45","2037-04","NASA_NEXGDDP_Subnational_AggrDiffStats","https://www.nccs.nasa.gov/services/data-collections/land-based-products/nex-gddp","","Celsius","C",1.042786,"Maximum Temperature Projections Compared to 2006 for the RCP 4.5 Climate Model"
"geoId/72005","","Aguadilla Municipio","DifferenceRelativeToBaseDate2006_Max_Temperature_RCP45","2037-05","NASA_NEXGDDP_Subnational_AggrDiffStats","https://www.nccs.nasa.gov/services/data-collections/land-based-products/nex-gddp","","Celsius","C",3.639799,"Maximum Temperature Projections Compared to 2006 for the RCP 4.5 Climate Model"
"geoId/72005","","Aguadilla Municipio","DifferenceRelativeToBaseDate2006_Max_Temperature_RCP45","2037-06","NASA_NEXGDDP_Subnational_AggrDiffStats","https://www.nccs.nasa.gov/services/data-collections/land-based-products/nex-gddp","","Celsius","C",0.165100000000002,"Maximum Temperature Projections Compared to 2006 for the RCP 4.5 Climate Model"
"geoId/72005","","Aguadilla Municipio","DifferenceRelativeToBaseDate2006_Max_Temperature_RCP45","2037-07","NASA_NEXGDDP_Subnational_AggrDiffStats","https://www.nccs.nasa.gov/services/data-collections/land-based-products/nex-gddp","","Celsius","C",1.632385,"Maximum Temperature Projections Compared to 2006 for the RCP 4.5 Climate Model"
"geoId/72005","","Aguadilla Municipio","DifferenceRelativeToBaseDate2006_Max_Temperature_RCP45","2037-08","NASA_NEXGDDP_Subnational_AggrDiffStats","https://www.nccs.nasa.gov/services/data-collections/land-based-products/nex-gddp","","Celsius","C",1.603393,"Maximum Temperature Projections Compared to 2006 for the RCP 4.5 Climate Model"
"geoId/72005","","Aguadilla Municipio","DifferenceRelativeToBaseDate2006_Max_Temperature_RCP45","2037-09","NASA_NEXGDDP_Subnational_AggrDiffStats","https://www.nccs.nasa.gov/services/data-collections/land-based-products/nex-gddp","","Celsius","C",0.0589909999999989,"Maximum Temperature Projections Compared to 2006 for the RCP 4.5 Climate Model"
"geoId/72005","","Aguadilla Municipio","DifferenceRelativeToBaseDate2006_Max_Temperature_RCP45","2037-10","NASA_NEXGDDP_Subnational_AggrDiffStats","https://www.nccs.nasa.gov/services/data-collections/land-based-products/nex-gddp","","Celsius","C",0.836945,"Maximum Temperature Projections Compared to 2006 for the RCP 4.5 Climate Model"
"geoId/72005","","Aguadilla Municipio","DifferenceRelativeToBaseDate2006_Max_Temperature_RCP45","2037-11","NASA_NEXGDDP_Subnational_AggrDiffStats","https://www.nccs.nasa.gov/services/data-collections/land-based-products/nex-gddp","","Celsius","C",3.480864,"Maximum Temperature Projections Compared to 2006 for the RCP 4.5 Climate Model"
"geoId/72005","","Aguadilla Municipio","DifferenceRelativeToBaseDate2006_Max_Temperature_RCP45","2037-12","NASA_NEXGDDP_Subnational_AggrDiffStats","https://www.nccs.nasa.gov/services/data-collections/land-based-products/nex-gddp","","Celsius","C",2.606993,"Maximum Temperature Projections Compared to 2006 for the RCP 4.5 Climate Model"
"geoId/72005","","Aguadilla Municipio","DifferenceRelativeToBaseDate2006_Max_Temperature_RCP45","2038-01","NASA_NEXGDDP_Subnational_AggrDiffStats","https://www.nccs.nasa.gov/services/data-collections/land-based-products/nex-gddp","","Celsius","C",2.13983,"Maximum Temperature Projections Compared to 2006 for the RCP 4.5 Climate Model"
"geoId/72005","","Aguadilla Municipio","DifferenceRelativeToBaseDate2006_Max_Temperature_RCP45","2038-02","NASA_NEXGDDP_Subnational_AggrDiffStats","https://www.nccs.nasa.gov/services/data-collections/land-based-products/nex-gddp","","Celsius","C",4.264738,"Maximum Temperature Projections Compared to 2006 for the RCP 4.5 Climate Model"
"geoId/72005","","Aguadilla Municipio","DifferenceRelativeToBaseDate2006_Max_Temperature_RCP45","2038-03","NASA_NEXGDDP_Subnational_AggrDiffStats","https://www.nccs.nasa.gov/services/data-collections/land-based-products/nex-gddp","","Celsius","C",1.822142,"Maximum Temperature Projections Compared to 2006 for the RCP 4.5 Climate Model"
"geoId/72005","","Aguadilla Municipio","DifferenceRelativeToBaseDate2006_Max_Temperature_RCP45","2038-04","NASA_NEXGDDP_Subnational_AggrDiffStats","https://www.nccs.nasa.gov/services/data-collections/land-based-products/nex-gddp","","Celsius","C",4.396117,"Maximum Temperature Projections Compared to 2006 for the RCP 4.5 Climate Model"
"geoId/72005","","Aguadilla Municipio","DifferenceRelativeToBaseDate2006_Max_Temperature_RCP45","2038-05","NASA_NEXGDDP_Subnational_AggrDiffStats","https://www.nccs.nasa.gov/services/data-collections/land-based-products/nex-gddp","","Celsius","C",3.199827,"Maximum Temperature Projections Compared to 2006 for the RCP 4.5 Climate Model"
"geoId/72005","","Aguadilla Municipio","DifferenceRelativeToBaseDate2006_Max_Temperature_RCP45","2038-06","NASA_NEXGDDP_Subnational_AggrDiffStats","https://www.nccs.nasa.gov/services/data-collections/land-based-products/nex-gddp","","Celsius","C",1.960571,"Maximum Temperature Projections Compared to 2006 for the RCP 4.5 Climate Model"
"geoId/72005","","Aguadilla Municipio","DifferenceRelativeToBaseDate2006_Max_Temperature_RCP45","2038-07","NASA_NEXGDDP_Subnational_AggrDiffStats","https://www.nccs.nasa.gov/services/data-collections/land-based-products/nex-gddp","","Celsius","C",1.513183,"Maximum Temperature Projections Compared to 2006 for the RCP 4.5 Climate Model"
"geoId/72005","","Aguadilla Municipio","DifferenceRelativeToBaseDate2006_Max_Temperature_RCP45","2038-08","NASA_NEXGDDP_Subnational_AggrDiffStats","https://www.nccs.nasa.gov/services/data-collections/land-based-products/nex-gddp","","Celsius","C",2.94308400000001,"Maximum Temperature Projections Compared to 2006 for the RCP 4.5 Climate Model"
"geoId/72005","","Aguadilla Municipio","DifferenceRelativeToBaseDate2006_Max_Temperature_RCP45","2038-09","NASA_NEXGDDP_Subnational_AggrDiffStats","https://www.nccs.nasa.gov/services/data-collections/land-based-products/nex-gddp","","Celsius","C",0.541443000000001,"Maximum Temperature Projections Compared to 2006 for the RCP 4.5 Climate Model"
"geoId/72005","","Aguadilla Municipio","DifferenceRelativeToBaseDate2006_Max_Temperature_RCP45","2038-10","NASA_NEXGDDP_Subnational_AggrDiffStats","https://www.nccs.nasa.gov/services/data-collections/land-based-products/nex-gddp","","Celsius","C",1.546082,"Maximum Temperature Projections Compared to 2006 for the RCP 4.5 Climate Model"
"geoId/72005","","Aguadilla Municipio","DifferenceRelativeToBaseDate2006_Max_Temperature_RCP45","2038-11","NASA_NEXGDDP_Subnational_AggrDiffStats","https://www.nccs.nasa.gov/services/data-collections/land-based-products/nex-gddp","","Celsius","C",1.518492,"Maximum Temperature Projections Compared to 2006 for the RCP 4.5 Climate Model"
"geoId/72005","","Aguadilla Municipio","DifferenceRelativeToBaseDate2006_Max_Temperature_RCP45","2038-12","NASA_NEXGDDP_Subnational_AggrDiffStats","https://www.nccs.nasa.gov/services/data-collections/land-based-products/nex-gddp","","Celsius","C",2.277159,"Maximum Temperature Projections Compared to 2006 for the RCP 4.5 Climate Model"
"geoId/72005","","Aguadilla Municipio","DifferenceRelativeToBaseDate2006_Max_Temperature_RCP45","2039-01","NASA_NEXGDDP_Subnational_AggrDiffStats","https://www.nccs.nasa.gov/services/data-collections/land-based-products/nex-gddp","","Celsius","C",3.022307,"Maximum Temperature Projections Compared to 2006 for the RCP 4.5 Climate Model"
"geoId/72005","","Aguadilla Municipio","DifferenceRelativeToBaseDate2006_Max_Temperature_RCP45","2039-02","NASA_NEXGDDP_Subnational_AggrDiffStats","https://www.nccs.nasa.gov/services/data-collections/land-based-products/nex-gddp","","Celsius","C",1.836059,"Maximum Temperature Projections Compared to 2006 for the RCP 4.5 Climate Model"
"geoId/72005","","Aguadilla Municipio","DifferenceRelativeToBaseDate2006_Max_Temperature_RCP45","2039-03","NASA_NEXGDDP_Subnational_AggrDiffStats","https://www.nccs.nasa.gov/services/data-collections/land-based-products/nex-gddp","","Celsius","C",1.106596,"Maximum Temperature Projections Compared to 2006 for the RCP 4.5 Climate Model"
"geoId/72005","","Aguadilla Municipio","DifferenceRelativeToBaseDate2006_Max_Temperature_RCP45","2039-04","NASA_NEXGDDP_Subnational_AggrDiffStats","https://www.nccs.nasa.gov/services/data-collections/land-based-products/nex-gddp","","Celsius","C",2.760954,"Maximum Temperature Projections Compared to 2006 for the RCP 4.5 Climate Model"
"geoId/72005","","Aguadilla Municipio","DifferenceRelativeToBaseDate2006_Max_Temperature_RCP45","2039-05","NASA_NEXGDDP_Subnational_AggrDiffStats","https://www.nccs.nasa.gov/services/data-collections/land-based-products/nex-gddp","","Celsius","C",2.980741,"Maximum Temperature Projections Compared to 2006 for the RCP 4.5 Climate Model"
"geoId/72005","","Aguadilla Municipio","DifferenceRelativeToBaseDate2006_Max_Temperature_RCP45","2039-06","NASA_NEXGDDP_Subnational_AggrDiffStats","https://www.nccs.nasa.gov/services/data-collections/land-based-products/nex-gddp","","Celsius","C",1.969726,"Maximum Temperature Projections Compared to 2006 for the RCP 4.5 Climate Model"
"geoId/72005","","Aguadilla Municipio","DifferenceRelativeToBaseDate2006_Max_Temperature_RCP45","2039-07","NASA_NEXGDDP_Subnational_AggrDiffStats","https://www.nccs.nasa.gov/services/data-collections/land-based-products/nex-gddp","","Celsius","C",1.595581,"Maximum Temperature Projections Compared to 2006 for the RCP 4.5 Climate Model"
"geoId/72005","","Aguadilla Municipio","DifferenceRelativeToBaseDate2006_Max_Temperature_RCP45","2039-08","NASA_NEXGDDP_Subnational_AggrDiffStats","https://www.nccs.nasa.gov/services/data-collections/land-based-products/nex-gddp","","Celsius","C",1.93920900000001,"Maximum Temperature Projections Compared to 2006 for the RCP 4.5 Climate Model"
"geoId/72005","","Aguadilla Municipio","DifferenceRelativeToBaseDate2006_Max_Temperature_RCP45","2039-09","NASA_NEXGDDP_Subnational_AggrDiffStats","https://www.nccs.nasa.gov/services/data-collections/land-based-products/nex-gddp","","Celsius","C",0.784607000000001,"Maximum Temperature Projections Compared to 2006 for the RCP 4.5 Climate Model"
"geoId/72005","","Aguadilla Municipio","DifferenceRelativeToBaseDate2006_Max_Temperature_RCP45","2039-10","NASA_NEXGDDP_Subnational_AggrDiffStats","https://www.nccs.nasa.gov/services/data-collections/land-based-products/nex-gddp","","Celsius","C",0.391601999999999,"Maximum Temperature Projections Compared to 2006 for the RCP 4.5 Climate Model"
"geoId/72005","","Aguadilla Municipio","DifferenceRelativeToBaseDate2006_Max_Temperature_RCP45","2039-11","NASA_NEXGDDP_Subnational_AggrDiffStats","https://www.nccs.nasa.gov/services/data-collections/land-based-products/nex-gddp","","Celsius","C",0.788084000000001,"Maximum Temperature Projections Compared to 2006 for the RCP 4.5 Climate Model"
"geoId/72005","","Aguadilla Municipio","DifferenceRelativeToBaseDate2006_Max_Temperature_RCP45","2039-12","NASA_NEXGDDP_Subnational_AggrDiffStats","https://www.nccs.nasa.gov/services/data-collections/land-based-products/nex-gddp","","Celsius","C",0.183959999999999,"Maximum Temperature Projections Compared to 2006 for the RCP 4.5 Climate Model"
"geoId/72005","","Aguadilla Municipio","DifferenceRelativeToBaseDate2006_Max_Temperature_RCP45","2040-01","NASA_NEXGDDP_Subnational_AggrDiffStats","https://www.nccs.nasa.gov/services/data-collections/land-based-products/nex-gddp","","Celsius","C",0.296143000000001,"Maximum Temperature Projections Compared to 2006 for the RCP 4.5 Climate Model"
"geoId/72005","","Aguadilla Municipio","DifferenceRelativeToBaseDate2006_Max_Temperature_RCP45","2040-02","NASA_NEXGDDP_Subnational_AggrDiffStats","https://www.nccs.nasa.gov/services/data-collections/land-based-products/nex-gddp","","Celsius","C",0.411407000000001,"Maximum Temperature Projections Compared to 2006 for the RCP 4.5 Climate Model"
"geoId/72005","","Aguadilla Municipio","DifferenceRelativeToBaseDate2006_Max_Temperature_RCP45","2040-03","NASA_NEXGDDP_Subnational_AggrDiffStats","https://www.nccs.nasa.gov/services/data-collections/land-based-products/nex-gddp","","Celsius","C",0.545318999999999,"Maximum Temperature Projections Compared to 2006 for the RCP 4.5 Climate Model"
"geoId/72005","","Aguadilla Municipio","DifferenceRelativeToBaseDate2006_Max_Temperature_RCP45","2040-04","NASA_NEXGDDP_Subnational_AggrDiffStats","https://www.nccs.nasa.gov/services/data-collections/land-based-products/nex-gddp","","Celsius","C",0.225097999999999,"Maximum Temperature Projections Compared to 2006 for the RCP 4.5 Climate Model"
"geoId/72005","","Aguadilla Municipio","DifferenceRelativeToBaseDate2006_Max_Temperature_RCP45","2040-05","NASA_NEXGDDP_Subnational_AggrDiffStats","https://www.nccs.nasa.gov/services/data-collections/land-based-products/nex-gddp","","Celsius","C",1.181974,"Maximum Temperature Projections Compared to 2006 for the RCP 4.5 Climate Model"
"geoId/72005","","Aguadilla Municipio","DifferenceRelativeToBaseDate2006_Max_Temperature_RCP45","2040-06","NASA_NEXGDDP_Subnational_AggrDiffStats","https://www.nccs.nasa.gov/services/data-collections/land-based-products/nex-gddp","","Celsius","C",0.696899000000002,"Maximum Temperature Projections Compared to 2006 for the RCP 4.5 Climate Model"
"geoId/72005","","Aguadilla Municipio","DifferenceRelativeToBaseDate2006_Max_Temperature_RCP45","2040-07","NASA_NEXGDDP_Subnational_AggrDiffStats","https://www.nccs.nasa.gov/services/data-collections/land-based-products/nex-gddp","","Celsius","C",-0.121612999999996,"Maximum Temperature Projections Compared to 2006 for the RCP 4.5 Climate Model"
"geoId/72005","","Aguadilla Municipio","DifferenceRelativeToBaseDate2006_Max_Temperature_RCP45","2040-08","NASA_NEXGDDP_Subnational_AggrDiffStats","https://www.nccs.nasa.gov/services/data-collections/land-based-products/nex-gddp","","Celsius","C",0.578582000000004,"Maximum Temperature Projections Compared to 2006 for the RCP 4.5 Climate Model"
"geoId/72005","","Aguadilla Municipio","DifferenceRelativeToBaseDate2006_Max_Temperature_RCP45","2040-09","NASA_NEXGDDP_Subnational_AggrDiffStats","https://www.nccs.nasa.gov/services/data-collections/land-based-products/nex-gddp","","Celsius","C",-0.179991999999999,"Maximum Temperature Projections Compared to 2006 for the RCP 4.5 Climate Model"
"geoId/72005","","Aguadilla Municipio","DifferenceRelativeToBaseDate2006_Max_Temperature_RCP45","2040-10","NASA_NEXGDDP_Subnational_AggrDiffStats","https://www.nccs.nasa.gov/services/data-collections/land-based-products/nex-gddp","","Celsius","C",0.839568999999997,"Maximum Temperature Projections Compared to 2006 for the RCP 4.5 Climate Model"
"geoId/72005","","Aguadilla Municipio","DifferenceRelativeToBaseDate2006_Max_Temperature_RCP45","2040-11","NASA_NEXGDDP_Subnational_AggrDiffStats","https://www.nccs.nasa.gov/services/data-collections/land-based-products/nex-gddp","","Celsius","C",1.015593,"Maximum Temperature Projections Compared to 2006 for the RCP 4.5 Climate Model"
"geoId/72005","","Aguadilla Municipio","DifferenceRelativeToBaseDate2006_Max_Temperature_RCP45","2040-12","NASA_NEXGDDP_Subnational_AggrDiffStats","https://www.nccs.nasa.gov/services/data-collections/land-based-products/nex-gddp","","Celsius","C",0.351012999999998,"Maximum Temperature Projections Compared to 2006 for the RCP 4.5 Climate Model"
"geoId/72005","","Aguadilla Municipio","DifferenceRelativeToBaseDate2006_Max_Temperature_RCP45","2041-01","NASA_NEXGDDP_Subnational_AggrDiffStats","https://www.nccs.nasa.gov/services/data-collections/land-based-products/nex-gddp","","Celsius","C",-0.425415000000001,"Maximum Temperature Projections Compared to 2006 for the RCP 4.5 Climate Model"
"geoId/72005","","Aguadilla Municipio","DifferenceRelativeToBaseDate2006_Max_Temperature_RCP45","2041-02","NASA_NEXGDDP_Subnational_AggrDiffStats","https://www.nccs.nasa.gov/services/data-collections/land-based-products/nex-gddp","","Celsius","C",-0.283204000000001,"Maximum Temperature Projections Compared to 2006 for the RCP 4.5 Climate Model"
"geoId/72005","","Aguadilla Municipio","DifferenceRelativeToBaseDate2006_Max_Temperature_RCP45","2041-03","NASA_NEXGDDP_Subnational_AggrDiffStats","https://www.nccs.nasa.gov/services/data-collections/land-based-products/nex-gddp","","Celsius","C",0.187867000000001,"Maximum Temperature Projections Compared to 2006 for the RCP 4.5 Climate Model"
"geoId/72005","","Aguadilla Municipio","DifferenceRelativeToBaseDate2006_Max_Temperature_RCP45","2041-04","NASA_NEXGDDP_Subnational_AggrDiffStats","https://www.nccs.nasa.gov/services/data-collections/land-based-products/nex-gddp","","Celsius","C",1.258971,"Maximum Temperature Projections Compared to 2006 for the RCP 4.5 Climate Model"
"geoId/72005","","Aguadilla Municipio","DifferenceRelativeToBaseDate2006_Max_Temperature_RCP45","2041-05","NASA_NEXGDDP_Subnational_AggrDiffStats","https://www.nccs.nasa.gov/services/data-collections/land-based-products/nex-gddp","","Celsius","C",0.0625610000000023,"Maximum Temperature Projections Compared to 2006 for the RCP 4.5 Climate Model"
"geoId/72005","","Aguadilla Municipio","DifferenceRelativeToBaseDate2006_Max_Temperature_RCP45","2041-06","NASA_NEXGDDP_Subnational_AggrDiffStats","https://www.nccs.nasa.gov/services/data-collections/land-based-products/nex-gddp","","Celsius","C",-0.0443119999999979,"Maximum Temperature Projections Compared to 2006 for the RCP 4.5 Climate Model"
"geoId/72005","","Aguadilla Municipio","DifferenceRelativeToBaseDate2006_Max_Temperature_RCP45","2041-07","NASA_NEXGDDP_Subnational_AggrDiffStats","https://www.nccs.nasa.gov/services/data-collections/land-based-products/nex-gddp","","Celsius","C",-0.275298999999997,"Maximum Temperature Projections Compared to 2006 for the RCP 4.5 Climate Model"
"geoId/72005","","Aguadilla Municipio","DifferenceRelativeToBaseDate2006_Max_Temperature_RCP45","2041-08","NASA_NEXGDDP_Subnational_AggrDiffStats","https://www.nccs.nasa.gov/services/data-collections/land-based-products/nex-gddp","","Celsius","C",-0.0940249999999949,"Maximum Temperature Projections Compared to 2006 for the RCP 4.5 Climate Model"
"geoId/72005","","Aguadilla Municipio","DifferenceRelativeToBaseDate2006_Max_Temperature_RCP45","2041-09","NASA_NEXGDDP_Subnational_AggrDiffStats","https://www.nccs.nasa.gov/services/data-collections/land-based-products/nex-gddp","","Celsius","C",-1.252838,"Maximum Temperature Projections Compared to 2006 for the RCP 4.5 Climate Model"
"geoId/72005","","Aguadilla Municipio","DifferenceRelativeToBaseDate2006_Max_Temperature_RCP45","2041-10","NASA_NEXGDDP_Subnational_AggrDiffStats","https://www.nccs.nasa.gov/services/data-collections/land-based-products/nex-gddp","","Celsius","C",-0.694519,"Maximum Temperature Projections Compared to 2006 for the RCP 4.5 Climate Model"
"geoId/72005","","Aguadilla Municipio","DifferenceRelativeToBaseDate2006_Max_Temperature_RCP45","2041-11","NASA_NEXGDDP_Subnational_AggrDiffStats","https://www.nccs.nasa.gov/services/data-collections/land-based-products/nex-gddp","","Celsius","C",-0.103241000000001,"Maximum Temperature Projections Compared to 2006 for the RCP 4.5 Climate Model"
"geoId/72005","","Aguadilla Municipio","DifferenceRelativeToBaseDate2006_Max_Temperature_RCP45","2041-12","NASA_NEXGDDP_Subnational_AggrDiffStats","https://www.nccs.nasa.gov/services/data-collections/land-based-products/nex-gddp","","Celsius","C",0.334198000000001,"Maximum Temperature Projections Compared to 2006 for the RCP 4.5 Climate Model"
"geoId/72005","","Aguadilla Municipio","DifferenceRelativeToBaseDate2006_Max_Temperature_RCP45","2042-01","NASA_NEXGDDP_Subnational_AggrDiffStats","https://www.nccs.nasa.gov/services/data-collections/land-based-products/nex-gddp","","Celsius","C",0.138092,"Maximum Temperature Projections Compared to 2006 for the RCP 4.5 Climate Model"
"geoId/72005","","Aguadilla Municipio","DifferenceRelativeToBaseDate2006_Max_Temperature_RCP45","2042-02","NASA_NEXGDDP_Subnational_AggrDiffStats","https://www.nccs.nasa.gov/services/data-collections/land-based-products/nex-gddp","","Celsius","C",1.170013,"Maximum Temperature Projections Compared to 2006 for the RCP 4.5 Climate Model"
"geoId/72005","","Aguadilla Municipio","DifferenceRelativeToBaseDate2006_Max_Temperature_RCP45","2042-03","NASA_NEXGDDP_Subnational_AggrDiffStats","https://www.nccs.nasa.gov/services/data-collections/land-based-products/nex-gddp","","Celsius","C",1.79901,"Maximum Temperature Projections Compared to 2006 for the RCP 4.5 Climate Model"
"geoId/72005","","Aguadilla Municipio","DifferenceRelativeToBaseDate2006_Max_Temperature_RCP45","2042-04","NASA_NEXGDDP_Subnational_AggrDiffStats","https://www.nccs.nasa.gov/services/data-collections/land-based-products/nex-gddp","","Celsius","C",1.477355,"Maximum Temperature Projections Compared to 2006 for the RCP 4.5 Climate Model"
"geoId/72005","","Aguadilla Municipio","DifferenceRelativeToBaseDate2006_Max_Temperature_RCP45","2042-05","NASA_NEXGDDP_Subnational_AggrDiffStats","https://www.nccs.nasa.gov/services/data-collections/land-based-products/nex-gddp","","Celsius","C",1.059904,"Maximum Temperature Projections Compared to 2006 for the RCP 4.5 Climate Model"
"geoId/72005","","Aguadilla Municipio","DifferenceRelativeToBaseDate2006_Max_Temperature_RCP45","2042-06","NASA_NEXGDDP_Subnational_AggrDiffStats","https://www.nccs.nasa.gov/services/data-collections/land-based-products/nex-gddp","","Celsius","C",1.004699,"Maximum Temperature Projections Compared to 2006 for the RCP 4.5 Climate Model"
"geoId/72005","","Aguadilla Municipio","DifferenceRelativeToBaseDate2006_Max_Temperature_RCP45","2042-07","NASA_NEXGDDP_Subnational_AggrDiffStats","https://www.nccs.nasa.gov/services/data-collections/land-based-products/nex-gddp","","Celsius","C",0.389831000000001,"Maximum Temperature Projections Compared to 2006 for the RCP 4.5 Climate Model"
"geoId/72005","","Aguadilla Municipio","DifferenceRelativeToBaseDate2006_Max_Temperature_RCP45","2042-08","NASA_NEXGDDP_Subnational_AggrDiffStats","https://www.nccs.nasa.gov/services/data-collections/land-based-products/nex-gddp","","Celsius","C",0.511749000000002,"Maximum Temperature Projections Compared to 2006 for the RCP 4.5 Climate Model"
"geoId/72005","","Aguadilla Municipio","DifferenceRelativeToBaseDate2006_Max_Temperature_RCP45","2042-09","NASA_NEXGDDP_Subnational_AggrDiffStats","https://www.nccs.nasa.gov/services/data-collections/land-based-products/nex-gddp","","Celsius","C",-0.986388999999996,"Maximum Temperature Projections Compared to 2006 for the RCP 4.5 Climate Model"
"geoId/72005","","Aguadilla Municipio","DifferenceRelativeToBaseDate2006_Max_Temperature_RCP45","2042-10","NASA_NEXGDDP_Subnational_AggrDiffStats","https://www.nccs.nasa.gov/services/data-collections/land-based-products/nex-gddp","","Celsius","C",0.0430610000000016,"Maximum Temperature Projections Compared to 2006 for the RCP 4.5 Climate Model"
"geoId/72005","","Aguadilla Municipio","DifferenceRelativeToBaseDate2006_Max_Temperature_RCP45","2042-11","NASA_NEXGDDP_Subnational_AggrDiffStats","https://www.nccs.nasa.gov/services/data-collections/land-based-products/nex-gddp","","Celsius","C",0.406186999999999,"Maximum Temperature Projections Compared to 2006 for the RCP 4.5 Climate Model"
"geoId/72005","","Aguadilla Municipio","DifferenceRelativeToBaseDate2006_Max_Temperature_RCP45","2042-12","NASA_NEXGDDP_Subnational_AggrDiffStats","https://www.nccs.nasa.gov/services/data-collections/land-based-products/nex-gddp","","Celsius","C",0.389588,"Maximum Temperature Projections Compared to 2006 for the RCP 4.5 Climate Model"
"geoId/72005","","Aguadilla Municipio","DifferenceRelativeToBaseDate2006_Max_Temperature_RCP45","2043-01","NASA_NEXGDDP_Subnational_AggrDiffStats","https://www.nccs.nasa.gov/services/data-collections/land-based-products/nex-gddp","","Celsius","C",0.116821999999999,"Maximum Temperature Projections Compared to 2006 for the RCP 4.5 Climate Model"
"geoId/72005","","Aguadilla Municipio","DifferenceRelativeToBaseDate2006_Max_Temperature_RCP45","2043-02","NASA_NEXGDDP_Subnational_AggrDiffStats","https://www.nccs.nasa.gov/services/data-collections/land-based-products/nex-gddp","","Celsius","C",2.41992,"Maximum Temperature Projections Compared to 2006 for the RCP 4.5 Climate Model"
"geoId/72005","","Aguadilla Municipio","DifferenceRelativeToBaseDate2006_Max_Temperature_RCP45","2043-03","NASA_NEXGDDP_Subnational_AggrDiffStats","https://www.nccs.nasa.gov/services/data-collections/land-based-products/nex-gddp","","Celsius","C",0.710723999999999,"Maximum Temperature Projections Compared to 2006 for the RCP 4.5 Climate Model"
"geoId/72005","","Aguadilla Municipio","DifferenceRelativeToBaseDate2006_Max_Temperature_RCP45","2043-04","NASA_NEXGDDP_Subnational_AggrDiffStats","https://www.nccs.nasa.gov/services/data-collections/land-based-products/nex-gddp","","Celsius","C",1.419066,"Maximum Temperature Projections Compared to 2006 for the RCP 4.5 Climate Model"
"geoId/72005","","Aguadilla Municipio","DifferenceRelativeToBaseDate2006_Max_Temperature_RCP45","2043-05","NASA_NEXGDDP_Subnational_AggrDiffStats","https://www.nccs.nasa.gov/services/data-collections/land-based-products/nex-gddp","","Celsius","C",1.221922,"Maximum Temperature Projections Compared to 2006 for the RCP 4.5 Climate Model"
"geoId/72005","","Aguadilla Municipio","DifferenceRelativeToBaseDate2006_Max_Temperature_RCP45","2043-06","NASA_NEXGDDP_Subnational_AggrDiffStats","https://www.nccs.nasa.gov/services/data-collections/land-based-products/nex-gddp","","Celsius","C",0.156066000000003,"Maximum Temperature Projections Compared to 2006 for the RCP 4.5 Climate Model"
"geoId/72005","","Aguadilla Municipio","DifferenceRelativeToBaseDate2006_Max_Temperature_RCP45","2043-07","NASA_NEXGDDP_Subnational_AggrDiffStats","https://www.nccs.nasa.gov/services/data-collections/land-based-products/nex-gddp","","Celsius","C",0.110289999999999,"Maximum Temperature Projections Compared to 2006 for the RCP 4.5 Climate Model"
"geoId/72005","","Aguadilla Municipio","DifferenceRelativeToBaseDate2006_Max_Temperature_RCP45","2043-08","NASA_NEXGDDP_Subnational_AggrDiffStats","https://www.nccs.nasa.gov/services/data-collections/land-based-products/nex-gddp","","Celsius","C",0.159301000000006,"Maximum Temperature Projections Compared to 2006 for the RCP 4.5 Climate Model"
"geoId/72005","","Aguadilla Municipio","DifferenceRelativeToBaseDate2006_Max_Temperature_RCP45","2043-09","NASA_NEXGDDP_Subnational_AggrDiffStats","https://www.nccs.nasa.gov/services/data-collections/land-based-products/nex-gddp","","Celsius","C",-0.484068999999998,"Maximum Temperature Projections Compared to 2006 for the RCP 4.5 Climate Model"
"geoId/72005","","Aguadilla Municipio","DifferenceRelativeToBaseDate2006_Max_Temperature_RCP45","2043-10","NASA_NEXGDDP_Subnational_AggrDiffStats","https://www.nccs.nasa.gov/services/data-collections/land-based-products/nex-gddp","","Celsius","C",0.291351999999996,"Maximum Temperature Projections Compared to 2006 for the RCP 4.5 Climate Model"
"geoId/72005","","Aguadilla Municipio","DifferenceRelativeToBaseDate2006_Max_Temperature_RCP45","2043-11","NASA_NEXGDDP_Subnational_AggrDiffStats","https://www.nccs.nasa.gov/services/data-collections/land-based-products/nex-gddp","","Celsius","C",0.974791,"Maximum Temperature Projections Compared to 2006 for the RCP 4.5 Climate Model"
"geoId/72005","","Aguadilla Municipio","DifferenceRelativeToBaseDate2006_Max_Temperature_RCP45","2043-12","NASA_NEXGDDP_Subnational_AggrDiffStats","https://www.nccs.nasa.gov/services/data-collections/land-based-products/nex-gddp","","Celsius","C",1.512236,"Maximum Temperature Projections Compared to 2006 for the RCP 4.5 Climate Model"
"geoId/72005","","Aguadilla Municipio","DifferenceRelativeToBaseDate2006_Max_Temperature_RCP45","2044-01","NASA_NEXGDDP_Subnational_AggrDiffStats","https://www.nccs.nasa.gov/services/data-collections/land-based-products/nex-gddp","","Celsius","C",4.623137,"Maximum Temperature Projections Compared to 2006 for the RCP 4.5 Climate Model"
"geoId/72005","","Aguadilla Municipio","DifferenceRelativeToBaseDate2006_Max_Temperature_RCP45","2044-02","NASA_NEXGDDP_Subnational_AggrDiffStats","https://www.nccs.nasa.gov/services/data-collections/land-based-products/nex-gddp","","Celsius","C",4.368833,"Maximum Temperature Projections Compared to 2006 for the RCP 4.5 Climate Model"
"geoId/72005","","Aguadilla Municipio","DifferenceRelativeToBaseDate2006_Max_Temperature_RCP45","2044-03","NASA_NEXGDDP_Subnational_AggrDiffStats","https://www.nccs.nasa.gov/services/data-collections/land-based-products/nex-gddp","","Celsius","C",1.685332,"Maximum Temperature Projections Compared to 2006 for the RCP 4.5 Climate Model"
"geoId/72005","","Aguadilla Municipio","DifferenceRelativeToBaseDate2006_Max_Temperature_RCP45","2044-04","NASA_NEXGDDP_Subnational_AggrDiffStats","https://www.nccs.nasa.gov/services/data-collections/land-based-products/nex-gddp","","Celsius","C",2.121001,"Maximum Temperature Projections Compared to 2006 for the RCP 4.5 Climate Model"
"geoId/72005","","Aguadilla Municipio","DifferenceRelativeToBaseDate2006_Max_Temperature_RCP45","2044-05","NASA_NEXGDDP_Subnational_AggrDiffStats","https://www.nccs.nasa.gov/services/data-collections/land-based-products/nex-gddp","","Celsius","C",3.040037,"Maximum Temperature Projections Compared to 2006 for the RCP 4.5 Climate Model"
"geoId/72005","","Aguadilla Municipio","DifferenceRelativeToBaseDate2006_Max_Temperature_RCP45","2044-06","NASA_NEXGDDP_Subnational_AggrDiffStats","https://www.nccs.nasa.gov/services/data-collections/land-based-products/nex-gddp","","Celsius","C",0.875061000000002,"Maximum Temperature Projections Compared to 2006 for the RCP 4.5 Climate Model"
"geoId/72005","","Aguadilla Municipio","DifferenceRelativeToBaseDate2006_Max_Temperature_RCP45","2044-07","NASA_NEXGDDP_Subnational_AggrDiffStats","https://www.nccs.nasa.gov/services/data-collections/land-based-products/nex-gddp","","Celsius","C",2.754455,"Maximum Temperature Projections Compared to 2006 for the RCP 4.5 Climate Model"
"geoId/72005","","Aguadilla Municipio","DifferenceRelativeToBaseDate2006_Max_Temperature_RCP45","2044-08","NASA_NEXGDDP_Subnational_AggrDiffStats","https://www.nccs.nasa.gov/services/data-collections/land-based-products/nex-gddp","","Celsius","C",0.700073000000003,"Maximum Temperature Projections Compared to 2006 for the RCP 4.5 Climate Model"
"geoId/72005","","Aguadilla Municipio","DifferenceRelativeToBaseDate2006_Max_Temperature_RCP45","2044-09","NASA_NEXGDDP_Subnational_AggrDiffStats","https://www.nccs.nasa.gov/services/data-collections/land-based-products/nex-gddp","","Celsius","C",-0.384307999999997,"Maximum Temperature Projections Compared to 2006 for the RCP 4.5 Climate Model"
"geoId/72005","","Aguadilla Municipio","DifferenceRelativeToBaseDate2006_Max_Temperature_RCP45","2044-10","NASA_NEXGDDP_Subnational_AggrDiffStats","https://www.nccs.nasa.gov/services/data-collections/land-based-products/nex-gddp","","Celsius","C",0.228119,"Maximum Temperature Projections Compared to 2006 for the RCP 4.5 Climate Model"
"geoId/72005","","Aguadilla Municipio","DifferenceRelativeToBaseDate2006_Max_Temperature_RCP45","2044-11","NASA_NEXGDDP_Subnational_AggrDiffStats","https://www.nccs.nasa.gov/services/data-collections/land-based-products/nex-gddp","","Celsius","C",1.028441,"Maximum Temperature Projections Compared to 2006 for the RCP 4.5 Climate Model"
"geoId/72005","","Aguadilla Municipio","DifferenceRelativeToBaseDate2006_Max_Temperature_RCP45","2044-12","NASA_NEXGDDP_Subnational_AggrDiffStats","https://www.nccs.nasa.gov/services/data-collections/land-based-products/nex-gddp","","Celsius","C",1.647612,"Maximum Temperature Projections Compared to 2006 for the RCP 4.5 Climate Model"
"geoId/72005","","Aguadilla Municipio","DifferenceRelativeToBaseDate2006_Max_Temperature_RCP45","2045-01","NASA_NEXGDDP_Subnational_AggrDiffStats","https://www.nccs.nasa.gov/services/data-collections/land-based-products/nex-gddp","","Celsius","C",1.356598,"Maximum Temperature Projections Compared to 2006 for the RCP 4.5 Climate Model"
"geoId/72005","","Aguadilla Municipio","DifferenceRelativeToBaseDate2006_Max_Temperature_RCP45","2045-02","NASA_NEXGDDP_Subnational_AggrDiffStats","https://www.nccs.nasa.gov/services/data-collections/land-based-products/nex-gddp","","Celsius","C",1.446502,"Maximum Temperature Projections Compared to 2006 for the RCP 4.5 Climate Model"
"geoId/72005","","Aguadilla Municipio","DifferenceRelativeToBaseDate2006_Max_Temperature_RCP45","2045-03","NASA_NEXGDDP_Subnational_AggrDiffStats","https://www.nccs.nasa.gov/services/data-collections/land-based-products/nex-gddp","","Celsius","C",0.142151000000002,"Maximum Temperature Projections Compared to 2006 for the RCP 4.5 Climate Model"
"geoId/72005","","Aguadilla Municipio","DifferenceRelativeToBaseDate2006_Max_Temperature_RCP45","2045-04","NASA_NEXGDDP_Subnational_AggrDiffStats","https://www.nccs.nasa.gov/services/data-collections/land-based-products/nex-gddp","","Celsius","C",1.9924,"Maximum Temperature Projections Compared to 2006 for the RCP 4.5 Climate Model"
"geoId/72005","","Aguadilla Municipio","DifferenceRelativeToBaseDate2006_Max_Temperature_RCP45","2045-05","NASA_NEXGDDP_Subnational_AggrDiffStats","https://www.nccs.nasa.gov/services/data-collections/land-based-products/nex-gddp","","Celsius","C",1.428983,"Maximum Temperature Projections Compared to 2006 for the RCP 4.5 Climate Model"
"geoId/72005","","Aguadilla Municipio","DifferenceRelativeToBaseDate2006_Max_Temperature_RCP45","2045-06","NASA_NEXGDDP_Subnational_AggrDiffStats","https://www.nccs.nasa.gov/services/data-collections/land-based-products/nex-gddp","","Celsius","C",0.143829000000004,"Maximum Temperature Projections Compared to 2006 for the RCP 4.5 Climate Model"
"geoId/72005","","Aguadilla Municipio","DifferenceRelativeToBaseDate2006_Max_Temperature_RCP45","2045-07","NASA_NEXGDDP_Subnational_AggrDiffStats","https://www.nccs.nasa.gov/services/data-collections/land-based-products/nex-gddp","","Celsius","C",0.0705560000000034,"Maximum Temperature Projections Compared to 2006 for the RCP 4.5 Climate Model"
"geoId/72005","","Aguadilla Municipio","DifferenceRelativeToBaseDate2006_Max_Temperature_RCP45","2045-08","NASA_NEXGDDP_Subnational_AggrDiffStats","https://www.nccs.nasa.gov/services/data-collections/land-based-products/nex-gddp","","Celsius","C",1.710968,"Maximum Temperature Projections Compared to 2006 for the RCP 4.5 Climate Model"
"geoId/72005","","Aguadilla Municipio","DifferenceRelativeToBaseDate2006_Max_Temperature_RCP45","2045-09","NASA_NEXGDDP_Subnational_AggrDiffStats","https://www.nccs.nasa.gov/services/data-collections/land-based-products/nex-gddp","","Celsius","C",0.321656000000004,"Maximum Temperature Projections Compared to 2006 for the RCP 4.5 Climate Model"
"geoId/72005","","Aguadilla Municipio","DifferenceRelativeToBaseDate2006_Max_Temperature_RCP45","2045-10","NASA_NEXGDDP_Subnational_AggrDiffStats","https://www.nccs.nasa.gov/services/data-collections/land-based-products/nex-gddp","","Celsius","C",1.688843,"Maximum Temperature Projections Compared to 2006 for the RCP 4.5 Climate Model"
"geoId/72005","","Aguadilla Municipio","DifferenceRelativeToBaseDate2006_Max_Temperature_RCP45","2045-11","NASA_NEXGDDP_Subnational_AggrDiffStats","https://www.nccs.nasa.gov/services/data-collections/land-based-products/nex-gddp","","Celsius","C",1.424528,"Maximum Temperature Projections Compared to 2006 for the RCP 4.5 Climate Model"
"geoId/72005","","Aguadilla Municipio","DifferenceRelativeToBaseDate2006_Max_Temperature_RCP45","2045-12","NASA_NEXGDDP_Subnational_AggrDiffStats","https://www.nccs.nasa.gov/services/data-collections/land-based-products/nex-gddp","","Celsius","C",1.925627,"Maximum Temperature Projections Compared to 2006 for the RCP 4.5 Climate Model"
"geoId/72005","","Aguadilla Municipio","DifferenceRelativeToBaseDate2006_Max_Temperature_RCP45","2046-01","NASA_NEXGDDP_Subnational_AggrDiffStats","https://www.nccs.nasa.gov/services/data-collections/land-based-products/nex-gddp","","Celsius","C",0.680083999999997,"Maximum Temperature Projections Compared to 2006 for the RCP 4.5 Climate Model"
"geoId/72005","","Aguadilla Municipio","DifferenceRelativeToBaseDate2006_Max_Temperature_RCP45","2046-02","NASA_NEXGDDP_Subnational_AggrDiffStats","https://www.nccs.nasa.gov/services/data-collections/land-based-products/nex-gddp","","Celsius","C",0.637176,"Maximum Temperature Projections Compared to 2006 for the RCP 4.5 Climate Model"
"geoId/72005","","Aguadilla Municipio","DifferenceRelativeToBaseDate2006_Max_Temperature_RCP45","2046-03","NASA_NEXGDDP_Subnational_AggrDiffStats","https://www.nccs.nasa.gov/services/data-collections/land-based-products/nex-gddp","","Celsius","C",0.630860000000002,"Maximum Temperature Projections Compared to 2006 for the RCP 4.5 Climate Model"
"geoId/72005","","Aguadilla Municipio","DifferenceRelativeToBaseDate2006_Max_Temperature_RCP45","2046-04","NASA_NEXGDDP_Subnational_AggrDiffStats","https://www.nccs.nasa.gov/services/data-collections/land-based-products/nex-gddp","","Celsius","C",2.759825,"Maximum Temperature Projections Compared to 2006 for the RCP 4.5 Climate Model"
"geoId/72005","","Aguadilla Municipio","DifferenceRelativeToBaseDate2006_Max_Temperature_RCP45","2046-05","NASA_NEXGDDP_Subnational_AggrDiffStats","https://www.nccs.nasa.gov/services/data-collections/land-based-products/nex-gddp","","Celsius","C",1.670347,"Maximum Temperature Projections Compared to 2006 for the RCP 4.5 Climate Model"
"geoId/72005","","Aguadilla Municipio","DifferenceRelativeToBaseDate2006_Max_Temperature_RCP45","2046-06","NASA_NEXGDDP_Subnational_AggrDiffStats","https://www.nccs.nasa.gov/services/data-collections/land-based-products/nex-gddp","","Celsius","C",0.819091,"Maximum Temperature Projections Compared to 2006 for the RCP 4.5 Climate Model"
"geoId/72005","","Aguadilla Municipio","DifferenceRelativeToBaseDate2006_Max_Temperature_RCP45","2046-07","NASA_NEXGDDP_Subnational_AggrDiffStats","https://www.nccs.nasa.gov/services/data-collections/land-based-products/nex-gddp","","Celsius","C",1.896362,"Maximum Temperature Projections Compared to 2006 for the RCP 4.5 Climate Model"
"geoId/72005","","Aguadilla Municipio","DifferenceRelativeToBaseDate2006_Max_Temperature_RCP45","2046-08","NASA_NEXGDDP_Subnational_AggrDiffStats","https://www.nccs.nasa.gov/services/data-collections/land-based-products/nex-gddp","","Celsius","C",1.323517,"Maximum Temperature Projections Compared to 2006 for the RCP 4.5 Climate Model"
"geoId/72005","","Aguadilla Municipio","DifferenceRelativeToBaseDate2006_Max_Temperature_RCP45","2046-09","NASA_NEXGDDP_Subnational_AggrDiffStats","https://www.nccs.nasa.gov/services/data-collections/land-based-products/nex-gddp","","Celsius","C",0.192292000000002,"Maximum Temperature Projections Compared to 2006 for the RCP 4.5 Climate Model"
"geoId/72005","","Aguadilla Municipio","DifferenceRelativeToBaseDate2006_Max_Temperature_RCP45","2046-10","NASA_NEXGDDP_Subnational_AggrDiffStats","https://www.nccs.nasa.gov/services/data-collections/land-based-products/nex-gddp","","Celsius","C",0.190429999999999,"Maximum Temperature Projections Compared to 2006 for the RCP 4.5 Climate Model"
"geoId/72005","","Aguadilla Municipio","DifferenceRelativeToBaseDate2006_Max_Temperature_RCP45","2046-11","NASA_NEXGDDP_Subnational_AggrDiffStats","https://www.nccs.nasa.gov/services/data-collections/land-based-products/nex-gddp","","Celsius","C",1.198668,"Maximum Temperature Projections Compared to 2006 for the RCP 4.5 Climate Model"
"geoId/72005","","Aguadilla Municipio","DifferenceRelativeToBaseDate2006_Max_Temperature_RCP45","2046-12","NASA_NEXGDDP_Subnational_AggrDiffStats","https://www.nccs.nasa.gov/services/data-collections/land-based-products/nex-gddp","","Celsius","C",0.481902999999999,"Maximum Temperature Projections Compared to 2006 for the RCP 4.5 Climate Model"
"geoId/72005","","Aguadilla Municipio","DifferenceRelativeToBaseDate2006_Max_Temperature_RCP45","2047-01","NASA_NEXGDDP_Subnational_AggrDiffStats","https://www.nccs.nasa.gov/services/data-collections/land-based-products/nex-gddp","","Celsius","C",0.851868,"Maximum Temperature Projections Compared to 2006 for the RCP 4.5 Climate Model"
"geoId/72005","","Aguadilla Municipio","DifferenceRelativeToBaseDate2006_Max_Temperature_RCP45","2047-02","NASA_NEXGDDP_Subnational_AggrDiffStats","https://www.nccs.nasa.gov/services/data-collections/land-based-products/nex-gddp","","Celsius","C",5.265226,"Maximum Temperature Projections Compared to 2006 for the RCP 4.5 Climate Model"
"geoId/72005","","Aguadilla Municipio","DifferenceRelativeToBaseDate2006_Max_Temperature_RCP45","2047-03","NASA_NEXGDDP_Subnational_AggrDiffStats","https://www.nccs.nasa.gov/services/data-collections/land-based-products/nex-gddp","","Celsius","C",1.374358,"Maximum Temperature Projections Compared to 2006 for the RCP 4.5 Climate Model"
"geoId/72005","","Aguadilla Municipio","DifferenceRelativeToBaseDate2006_Max_Temperature_RCP45","2047-04","NASA_NEXGDDP_Subnational_AggrDiffStats","https://www.nccs.nasa.gov/services/data-collections/land-based-products/nex-gddp","","Celsius","C",2.01013,"Maximum Temperature Projections Compared to 2006 for the RCP 4.5 Climate Model"
"geoId/72005","","Aguadilla Municipio","DifferenceRelativeToBaseDate2006_Max_Temperature_RCP45","2047-05","NASA_NEXGDDP_Subnational_AggrDiffStats","https://www.nccs.nasa.gov/services/data-collections/land-based-products/nex-gddp","","Celsius","C",1.147978,"Maximum Temperature Projections Compared to 2006 for the RCP 4.5 Climate Model"
"geoId/72005","","Aguadilla Municipio","DifferenceRelativeToBaseDate2006_Max_Temperature_RCP45","2047-06","NASA_NEXGDDP_Subnational_AggrDiffStats","https://www.nccs.nasa.gov/services/data-collections/land-based-products/nex-gddp","","Celsius","C",1.116516,"Maximum Temperature Projections Compared to 2006 for the RCP 4.5 Climate Model"
"geoId/72005","","Aguadilla Municipio","DifferenceRelativeToBaseDate2006_Max_Temperature_RCP45","2047-07","NASA_NEXGDDP_Subnational_AggrDiffStats","https://www.nccs.nasa.gov/services/data-collections/land-based-products/nex-gddp","","Celsius","C",0.557709000000003,"Maximum Temperature Projections Compared to 2006 for the RCP 4.5 Climate Model"
"geoId/72005","","Aguadilla Municipio","DifferenceRelativeToBaseDate2006_Max_Temperature_RCP45","2047-08","NASA_NEXGDDP_Subnational_AggrDiffStats","https://www.nccs.nasa.gov/services/data-collections/land-based-products/nex-gddp","","Celsius","C",0.328735000000002,"Maximum Temperature Projections Compared to 2006 for the RCP 4.5 Climate Model"
"geoId/72005","","Aguadilla Municipio","DifferenceRelativeToBaseDate2006_Max_Temperature_RCP45","2047-09","NASA_NEXGDDP_Subnational_AggrDiffStats","https://www.nccs.nasa.gov/services/data-collections/land-based-products/nex-gddp","","Celsius","C",-1.707885,"Maximum Temperature Projections Compared to 2006 for the RCP 4.5 Climate Model"
"geoId/72005","","Aguadilla Municipio","DifferenceRelativeToBaseDate2006_Max_Temperature_RCP45","2047-10","NASA_NEXGDDP_Subnational_AggrDiffStats","https://www.nccs.nasa.gov/services/data-collections/land-based-products/nex-gddp","","Celsius","C",-0.612364999999997,"Maximum Temperature Projections Compared to 2006 for the RCP 4.5 Climate Model"
"geoId/72005","","Aguadilla Municipio","DifferenceRelativeToBaseDate2006_Max_Temperature_RCP45","2047-11","NASA_NEXGDDP_Subnational_AggrDiffStats","https://www.nccs.nasa.gov/services/data-collections/land-based-products/nex-gddp","","Celsius","C",1.120451,"Maximum Temperature Projections Compared to 2006 for the RCP 4.5 Climate Model"
"geoId/72005","","Aguadilla Municipio","DifferenceRelativeToBaseDate2006_Max_Temperature_RCP45","2047-12","NASA_NEXGDDP_Subnational_AggrDiffStats","https://www.nccs.nasa.gov/services/data-collections/land-based-products/nex-gddp","","Celsius","C",1.256743,"Maximum Temperature Projections Compared to 2006 for the RCP 4.5 Climate Model"
"geoId/72005","","Aguadilla Municipio","DifferenceRelativeToBaseDate2006_Max_Temperature_RCP45","2048-01","NASA_NEXGDDP_Subnational_AggrDiffStats","https://www.nccs.nasa.gov/services/data-collections/land-based-products/nex-gddp","","Celsius","C",0.762145999999998,"Maximum Temperature Projections Compared to 2006 for the RCP 4.5 Climate Model"
"geoId/72005","","Aguadilla Municipio","DifferenceRelativeToBaseDate2006_Max_Temperature_RCP45","2048-02","NASA_NEXGDDP_Subnational_AggrDiffStats","https://www.nccs.nasa.gov/services/data-collections/land-based-products/nex-gddp","","Celsius","C",1.83966,"Maximum Temperature Projections Compared to 2006 for the RCP 4.5 Climate Model"
"geoId/72005","","Aguadilla Municipio","DifferenceRelativeToBaseDate2006_Max_Temperature_RCP45","2048-03","NASA_NEXGDDP_Subnational_AggrDiffStats","https://www.nccs.nasa.gov/services/data-collections/land-based-products/nex-gddp","","Celsius","C",2.041869,"Maximum Temperature Projections Compared to 2006 for the RCP 4.5 Climate Model"
"geoId/72005","","Aguadilla Municipio","DifferenceRelativeToBaseDate2006_Max_Temperature_RCP45","2048-04","NASA_NEXGDDP_Subnational_AggrDiffStats","https://www.nccs.nasa.gov/services/data-collections/land-based-products/nex-gddp","","Celsius","C",1.680113,"Maximum Temperature Projections Compared to 2006 for the RCP 4.5 Climate Model"
"geoId/72005","","Aguadilla Municipio","DifferenceRelativeToBaseDate2006_Max_Temperature_RCP45","2048-05","NASA_NEXGDDP_Subnational_AggrDiffStats","https://www.nccs.nasa.gov/services/data-collections/land-based-products/nex-gddp","","Celsius","C",1.105863,"Maximum Temperature Projections Compared to 2006 for the RCP 4.5 Climate Model"
"geoId/72005","","Aguadilla Municipio","DifferenceRelativeToBaseDate2006_Max_Temperature_RCP45","2048-06","NASA_NEXGDDP_Subnational_AggrDiffStats","https://www.nccs.nasa.gov/services/data-collections/land-based-products/nex-gddp","","Celsius","C",1.2294,"Maximum Temperature Projections Compared to 2006 for the RCP 4.5 Climate Model"
"geoId/72005","","Aguadilla Municipio","DifferenceRelativeToBaseDate2006_Max_Temperature_RCP45","2048-07","NASA_NEXGDDP_Subnational_AggrDiffStats","https://www.nccs.nasa.gov/services/data-collections/land-based-products/nex-gddp","","Celsius","C",0.872954999999997,"Maximum Temperature Projections Compared to 2006 for the RCP 4.5 Climate Model"
"geoId/72005","","Aguadilla Municipio","DifferenceRelativeToBaseDate2006_Max_Temperature_RCP45","2048-08","NASA_NEXGDDP_Subnational_AggrDiffStats","https://www.nccs.nasa.gov/services/data-collections/land-based-products/nex-gddp","","Celsius","C",1.210601,"Maximum Temperature Projections Compared to 2006 for the RCP 4.5 Climate Model"
"geoId/72005","","Aguadilla Municipio","DifferenceRelativeToBaseDate2006_Max_Temperature_RCP45","2048-09","NASA_NEXGDDP_Subnational_AggrDiffStats","https://www.nccs.nasa.gov/services/data-collections/land-based-products/nex-gddp","","Celsius","C",0.668274000000004,"Maximum Temperature Projections Compared to 2006 for the RCP 4.5 Climate Model"
"geoId/72005","","Aguadilla Municipio","DifferenceRelativeToBaseDate2006_Max_Temperature_RCP45","2048-10","NASA_NEXGDDP_Subnational_AggrDiffStats","https://www.nccs.nasa.gov/services/data-collections/land-based-products/nex-gddp","","Celsius","C",2.8927,"Maximum Temperature Projections Compared to 2006 for the RCP 4.5 Climate Model"
"geoId/72005","","Aguadilla Municipio","DifferenceRelativeToBaseDate2006_Max_Temperature_RCP45","2048-11","NASA_NEXGDDP_Subnational_AggrDiffStats","https://www.nccs.nasa.gov/services/data-collections/land-based-products/nex-gddp","","Celsius","C",1.216307,"Maximum Temperature Projections Compared to 2006 for the RCP 4.5 Climate Model"
"geoId/72005","","Aguadilla Municipio","DifferenceRelativeToBaseDate2006_Max_Temperature_RCP45","2048-12","NASA_NEXGDDP_Subnational_AggrDiffStats","https://www.nccs.nasa.gov/services/data-collections/land-based-products/nex-gddp","","Celsius","C",2.340941,"Maximum Temperature Projections Compared to 2006 for the RCP 4.5 Climate Model"
"geoId/72005","","Aguadilla Municipio","DifferenceRelativeToBaseDate2006_Max_Temperature_RCP45","2049-01","NASA_NEXGDDP_Subnational_AggrDiffStats","https://www.nccs.nasa.gov/services/data-collections/land-based-products/nex-gddp","","Celsius","C",2.988707,"Maximum Temperature Projections Compared to 2006 for the RCP 4.5 Climate Model"
"geoId/72005","","Aguadilla Municipio","DifferenceRelativeToBaseDate2006_Max_Temperature_RCP45","2049-02","NASA_NEXGDDP_Subnational_AggrDiffStats","https://www.nccs.nasa.gov/services/data-collections/land-based-products/nex-gddp","","Celsius","C",4.970548,"Maximum Temperature Projections Compared to 2006 for the RCP 4.5 Climate Model"
"geoId/72005","","Aguadilla Municipio","DifferenceRelativeToBaseDate2006_Max_Temperature_RCP45","2049-03","NASA_NEXGDDP_Subnational_AggrDiffStats","https://www.nccs.nasa.gov/services/data-collections/land-based-products/nex-gddp","","Celsius","C",6.548643,"Maximum Temperature Projections Compared to 2006 for the RCP 4.5 Climate Model"
"geoId/72005","","Aguadilla Municipio","DifferenceRelativeToBaseDate2006_Max_Temperature_RCP45","2049-04","NASA_NEXGDDP_Subnational_AggrDiffStats","https://www.nccs.nasa.gov/services/data-collections/land-based-products/nex-gddp","","Celsius","C",2.078154,"Maximum Temperature Projections Compared to 2006 for the RCP 4.5 Climate Model"
"geoId/72005","","Aguadilla Municipio","DifferenceRelativeToBaseDate2006_Max_Temperature_RCP45","2049-05","NASA_NEXGDDP_Subnational_AggrDiffStats","https://www.nccs.nasa.gov/services/data-collections/land-based-products/nex-gddp","","Celsius","C",4.224821,"Maximum Temperature Projections Compared to 2006 for the RCP 4.5 Climate Model"
"geoId/72005","","Aguadilla Municipio","DifferenceRelativeToBaseDate2006_Max_Temperature_RCP45","2049-06","NASA_NEXGDDP_Subnational_AggrDiffStats","https://www.nccs.nasa.gov/services/data-collections/land-based-products/nex-gddp","","Celsius","C",2.336303,"Maximum Temperature Projections Compared to 2006 for the RCP 4.5 Climate Model"
"geoId/72005","","Aguadilla Municipio","DifferenceRelativeToBaseDate2006_Max_Temperature_RCP45","2049-07","NASA_NEXGDDP_Subnational_AggrDiffStats","https://www.nccs.nasa.gov/services/data-collections/land-based-products/nex-gddp","","Celsius","C",2.010681,"Maximum Temperature Projections Compared to 2006 for the RCP 4.5 Climate Model"
"geoId/72005","","Aguadilla Municipio","DifferenceRelativeToBaseDate2006_Max_Temperature_RCP45","2049-08","NASA_NEXGDDP_Subnational_AggrDiffStats","https://www.nccs.nasa.gov/services/data-collections/land-based-products/nex-gddp","","Celsius","C",2.504303,"Maximum Temperature Projections Compared to 2006 for the RCP 4.5 Climate Model"
"geoId/72005","","Aguadilla Municipio","DifferenceRelativeToBaseDate2006_Max_Temperature_RCP45","2049-09","NASA_NEXGDDP_Subnational_AggrDiffStats","https://www.nccs.nasa.gov/services/data-collections/land-based-products/nex-gddp","","Celsius","C",0.230408000000004,"Maximum Temperature Projections Compared to 2006 for the RCP 4.5 Climate Model"
"geoId/72005","","Aguadilla Municipio","DifferenceRelativeToBaseDate2006_Max_Temperature_RCP45","2049-10","NASA_NEXGDDP_Subnational_AggrDiffStats","https://www.nccs.nasa.gov/services/data-collections/land-based-products/nex-gddp","","Celsius","C",1.914551,"Maximum Temperature Projections Compared to 2006 for the RCP 4.5 Climate Model"
"geoId/72005","","Aguadilla Municipio","DifferenceRelativeToBaseDate2006_Max_Temperature_RCP45","2049-11","NASA_NEXGDDP_Subnational_AggrDiffStats","https://www.nccs.nasa.gov/services/data-collections/land-based-products/nex-gddp","","Celsius","C",1.472319,"Maximum Temperature Projections Compared to 2006 for the RCP 4.5 Climate Model"
"geoId/72005","","Aguadilla Municipio","DifferenceRelativeToBaseDate2006_Max_Temperature_RCP45","2049-12","NASA_NEXGDDP_Subnational_AggrDiffStats","https://www.nccs.nasa.gov/services/data-collections/land-based-products/nex-gddp","","Celsius","C",2.362974,"Maximum Temperature Projections Compared to 2006 for the RCP 4.5 Climate Model"
"geoId/72005","","Aguadilla Municipio","DifferenceRelativeToBaseDate2006_Max_Temperature_RCP45","2050-01","NASA_NEXGDDP_Subnational_AggrDiffStats","https://www.nccs.nasa.gov/services/data-collections/land-based-products/nex-gddp","","Celsius","C",3.53134,"Maximum Temperature Projections Compared to 2006 for the RCP 4.5 Climate Model"
"geoId/72005","","Aguadilla Municipio","DifferenceRelativeToBaseDate2006_Max_Temperature_RCP45","2050-02","NASA_NEXGDDP_Subnational_AggrDiffStats","https://www.nccs.nasa.gov/services/data-collections/land-based-products/nex-gddp","","Celsius","C",4.364774,"Maximum Temperature Projections Compared to 2006 for the RCP 4.5 Climate Model"
"geoId/72005","","Aguadilla Municipio","DifferenceRelativeToBaseDate2006_Max_Temperature_RCP45","2050-03","NASA_NEXGDDP_Subnational_AggrDiffStats","https://www.nccs.nasa.gov/services/data-collections/land-based-products/nex-gddp","","Celsius","C",4.125243,"Maximum Temperature Projections Compared to 2006 for the RCP 4.5 Climate Model"
"geoId/72005","","Aguadilla Municipio","DifferenceRelativeToBaseDate2006_Max_Temperature_RCP45","2050-04","NASA_NEXGDDP_Subnational_AggrDiffStats","https://www.nccs.nasa.gov/services/data-collections/land-based-products/nex-gddp","","Celsius","C",3.415068,"Maximum Temperature Projections Compared to 2006 for the RCP 4.5 Climate Model"
"geoId/72005","","Aguadilla Municipio","DifferenceRelativeToBaseDate2006_Max_Temperature_RCP45","2050-05","NASA_NEXGDDP_Subnational_AggrDiffStats","https://www.nccs.nasa.gov/services/data-collections/land-based-products/nex-gddp","","Celsius","C",4.385832,"Maximum Temperature Projections Compared to 2006 for the RCP 4.5 Climate Model"
"geoId/72005","","Aguadilla Municipio","DifferenceRelativeToBaseDate2006_Max_Temperature_RCP45","2050-06","NASA_NEXGDDP_Subnational_AggrDiffStats","https://www.nccs.nasa.gov/services/data-collections/land-based-products/nex-gddp","","Celsius","C",1.467926,"Maximum Temperature Projections Compared to 2006 for the RCP 4.5 Climate Model"
"geoId/72005","","Aguadilla Municipio","DifferenceRelativeToBaseDate2006_Max_Temperature_RCP45","2050-07","NASA_NEXGDDP_Subnational_AggrDiffStats","https://www.nccs.nasa.gov/services/data-collections/land-based-products/nex-gddp","","Celsius","C",1.903442,"Maximum Temperature Projections Compared to 2006 for the RCP 4.5 Climate Model"
"geoId/72005","","Aguadilla Municipio","DifferenceRelativeToBaseDate2006_Max_Temperature_RCP45","2050-08","NASA_NEXGDDP_Subnational_AggrDiffStats","https://www.nccs.nasa.gov/services/data-collections/land-based-products/nex-gddp","","Celsius","C",2.171753,"Maximum Temperature Projections Compared to 2006 for the RCP 4.5 Climate Model"
"geoId/72005","","Aguadilla Municipio","DifferenceRelativeToBaseDate2006_Max_Temperature_RCP45","2050-09","NASA_NEXGDDP_Subnational_AggrDiffStats","https://www.nccs.nasa.gov/services/data-collections/land-based-products/nex-gddp","","Celsius","C",-0.223754999999997,"Maximum Temperature Projections Compared to 2006 for the RCP 4.5 Climate Model"
"geoId/72005","","Aguadilla Municipio","DifferenceRelativeToBaseDate2006_Max_Temperature_RCP45","2050-10","NASA_NEXGDDP_Subnational_AggrDiffStats","https://www.nccs.nasa.gov/services/data-collections/land-based-products/nex-gddp","","Celsius","C",1.698426,"Maximum Temperature Projections Compared to 2006 for the RCP 4.5 Climate Model"
"geoId/72005","","Aguadilla Municipio","DifferenceRelativeToBaseDate2006_Max_Temperature_RCP45","2050-11","NASA_NEXGDDP_Subnational_AggrDiffStats","https://www.nccs.nasa.gov/services/data-collections/land-based-products/nex-gddp","","Celsius","C",1.556151,"Maximum Temperature Projections Compared to 2006 for the RCP 4.5 Climate Model"
"geoId/72005","","Aguadilla Municipio","DifferenceRelativeToBaseDate2006_Max_Temperature_RCP45","2050-12","NASA_NEXGDDP_Subnational_AggrDiffStats","https://www.nccs.nasa.gov/services/data-collections/land-based-products/nex-gddp","","Celsius","C",3.894163,"Maximum Temperature Projections Compared to 2006 for the RCP 4.5 Climate Model"
"geoId/72005","","Aguadilla Municipio","DifferenceRelativeToBaseDate2006_Max_Temperature_RCP45","2051-01","NASA_NEXGDDP_Subnational_AggrDiffStats","https://www.nccs.nasa.gov/services/data-collections/land-based-products/nex-gddp","","Celsius","C",2.178221,"Maximum Temperature Projections Compared to 2006 for the RCP 4.5 Climate Model"
"geoId/72005","","Aguadilla Municipio","DifferenceRelativeToBaseDate2006_Max_Temperature_RCP45","2051-02","NASA_NEXGDDP_Subnational_AggrDiffStats","https://www.nccs.nasa.gov/services/data-collections/land-based-products/nex-gddp","","Celsius","C",1.679504,"Maximum Temperature Projections Compared to 2006 for the RCP 4.5 Climate Model"
"geoId/72005","","Aguadilla Municipio","DifferenceRelativeToBaseDate2006_Max_Temperature_RCP45","2051-03","NASA_NEXGDDP_Subnational_AggrDiffStats","https://www.nccs.nasa.gov/services/data-collections/land-based-products/nex-gddp","","Celsius","C",3.173766,"Maximum Temperature Projections Compared to 2006 for the RCP 4.5 Climate Model"
"geoId/72005","","Aguadilla Municipio","DifferenceRelativeToBaseDate2006_Max_Temperature_RCP45","2051-04","NASA_NEXGDDP_Subnational_AggrDiffStats","https://www.nccs.nasa.gov/services/data-collections/land-based-products/nex-gddp","","Celsius","C",1.998259,"Maximum Temperature Projections Compared to 2006 for the RCP 4.5 Climate Model"
"geoId/72005","","Aguadilla Municipio","DifferenceRelativeToBaseDate2006_Max_Temperature_RCP45","2051-05","NASA_NEXGDDP_Subnational_AggrDiffStats","https://www.nccs.nasa.gov/services/data-collections/land-based-products/nex-gddp","","Celsius","C",2.314604,"Maximum Temperature Projections Compared to 2006 for the RCP 4.5 Climate Model"
"geoId/72005","","Aguadilla Municipio","DifferenceRelativeToBaseDate2006_Max_Temperature_RCP45","2051-06","NASA_NEXGDDP_Subnational_AggrDiffStats","https://www.nccs.nasa.gov/services/data-collections/land-based-products/nex-gddp","","Celsius","C",-0.0280459999999962,"Maximum Temperature Projections Compared to 2006 for the RCP 4.5 Climate Model"
"geoId/72005","","Aguadilla Municipio","DifferenceRelativeToBaseDate2006_Max_Temperature_RCP45","2051-07","NASA_NEXGDDP_Subnational_AggrDiffStats","https://www.nccs.nasa.gov/services/data-collections/land-based-products/nex-gddp","","Celsius","C",-0.376922999999998,"Maximum Temperature Projections Compared to 2006 for the RCP 4.5 Climate Model"
"geoId/72005","","Aguadilla Municipio","DifferenceRelativeToBaseDate2006_Max_Temperature_RCP45","2051-08","NASA_NEXGDDP_Subnational_AggrDiffStats","https://www.nccs.nasa.gov/services/data-collections/land-based-products/nex-gddp","","Celsius","C",0.362579000000004,"Maximum Temperature Projections Compared to 2006 for the RCP 4.5 Climate Model"
"geoId/72005","","Aguadilla Municipio","DifferenceRelativeToBaseDate2006_Max_Temperature_RCP45","2051-09","NASA_NEXGDDP_Subnational_AggrDiffStats","https://www.nccs.nasa.gov/services/data-collections/land-based-products/nex-gddp","","Celsius","C",0.318116000000003,"Maximum Temperature Projections Compared to 2006 for the RCP 4.5 Climate Model"
"geoId/72005","","Aguadilla Municipio","DifferenceRelativeToBaseDate2006_Max_Temperature_RCP45","2051-10","NASA_NEXGDDP_Subnational_AggrDiffStats","https://www.nccs.nasa.gov/services/data-collections/land-based-products/nex-gddp","","Celsius","C",0.135010000000001,"Maximum Temperature Projections Compared to 2006 for the RCP 4.5 Climate Model"
"geoId/72005","","Aguadilla Municipio","DifferenceRelativeToBaseDate2006_Max_Temperature_RCP45","2051-11","NASA_NEXGDDP_Subnational_AggrDiffStats","https://www.nccs.nasa.gov/services/data-collections/land-based-products/nex-gddp","","Celsius","C",1.532805,"Maximum Temperature Projections Compared to 2006 for the RCP 4.5 Climate Model"
"geoId/72005","","Aguadilla Municipio","DifferenceRelativeToBaseDate2006_Max_Temperature_RCP45","2051-12","NASA_NEXGDDP_Subnational_AggrDiffStats","https://www.nccs.nasa.gov/services/data-collections/land-based-products/nex-gddp","","Celsius","C",1.587462,"Maximum Temperature Projections Compared to 2006 for the RCP 4.5 Climate Model"
"geoId/72005","","Aguadilla Municipio","DifferenceRelativeToBaseDate2006_Max_Temperature_RCP45","2052-01","NASA_NEXGDDP_Subnational_AggrDiffStats","https://www.nccs.nasa.gov/services/data-collections/land-based-products/nex-gddp","","Celsius","C",0.992431999999997,"Maximum Temperature Projections Compared to 2006 for the RCP 4.5 Climate Model"
"geoId/72005","","Aguadilla Municipio","DifferenceRelativeToBaseDate2006_Max_Temperature_RCP45","2052-02","NASA_NEXGDDP_Subnational_AggrDiffStats","https://www.nccs.nasa.gov/services/data-collections/land-based-products/nex-gddp","","Celsius","C",1.420074,"Maximum Temperature Projections Compared to 2006 for the RCP 4.5 Climate Model"
"geoId/72005","","Aguadilla Municipio","DifferenceRelativeToBaseDate2006_Max_Temperature_RCP45","2052-03","NASA_NEXGDDP_Subnational_AggrDiffStats","https://www.nccs.nasa.gov/services/data-collections/land-based-products/nex-gddp","","Celsius","C",0.659210999999999,"Maximum Temperature Projections Compared to 2006 for the RCP 4.5 Climate Model"
"geoId/72005","","Aguadilla Municipio","DifferenceRelativeToBaseDate2006_Max_Temperature_RCP45","2052-04","NASA_NEXGDDP_Subnational_AggrDiffStats","https://www.nccs.nasa.gov/services/data-collections/land-based-products/nex-gddp","","Celsius","C",1.812529,"Maximum Temperature Projections Compared to 2006 for the RCP 4.5 Climate Model"
"geoId/72005","","Aguadilla Municipio","DifferenceRelativeToBaseDate2006_Max_Temperature_RCP45","2052-05","NASA_NEXGDDP_Subnational_AggrDiffStats","https://www.nccs.nasa.gov/services/data-collections/land-based-products/nex-gddp","","Celsius","C",1.306486,"Maximum Temperature Projections Compared to 2006 for the RCP 4.5 Climate Model"
"geoId/72005","","Aguadilla Municipio","DifferenceRelativeToBaseDate2006_Max_Temperature_RCP45","2052-06","NASA_NEXGDDP_Subnational_AggrDiffStats","https://www.nccs.nasa.gov/services/data-collections/land-based-products/nex-gddp","","Celsius","C",0.14508,"Maximum Temperature Projections Compared to 2006 for the RCP 4.5 Climate Model"
"geoId/72005","","Aguadilla Municipio","DifferenceRelativeToBaseDate2006_Max_Temperature_RCP45","2052-07","NASA_NEXGDDP_Subnational_AggrDiffStats","https://www.nccs.nasa.gov/services/data-collections/land-based-products/nex-gddp","","Celsius","C",0.435699,"Maximum Temperature Projections Compared to 2006 for the RCP 4.5 Climate Model"
"geoId/72005","","Aguadilla Municipio","DifferenceRelativeToBaseDate2006_Max_Temperature_RCP45","2052-08","NASA_NEXGDDP_Subnational_AggrDiffStats","https://www.nccs.nasa.gov/services/data-collections/land-based-products/nex-gddp","","Celsius","C",1.168945,"Maximum Temperature Projections Compared to 2006 for the RCP 4.5 Climate Model"
"geoId/72005","","Aguadilla Municipio","DifferenceRelativeToBaseDate2006_Max_Temperature_RCP45","2052-09","NASA_NEXGDDP_Subnational_AggrDiffStats","https://www.nccs.nasa.gov/services/data-collections/land-based-products/nex-gddp","","Celsius","C",-0.317016000000002,"Maximum Temperature Projections Compared to 2006 for the RCP 4.5 Climate Model"
"geoId/72005","","Aguadilla Municipio","DifferenceRelativeToBaseDate2006_Max_Temperature_RCP45","2052-10","NASA_NEXGDDP_Subnational_AggrDiffStats","https://www.nccs.nasa.gov/services/data-collections/land-based-products/nex-gddp","","Celsius","C",2.083863,"Maximum Temperature Projections Compared to 2006 for the RCP 4.5 Climate Model"
"geoId/72005","","Aguadilla Municipio","DifferenceRelativeToBaseDate2006_Max_Temperature_RCP45","2052-11","NASA_NEXGDDP_Subnational_AggrDiffStats","https://www.nccs.nasa.gov/services/data-collections/land-based-products/nex-gddp","","Celsius","C",1.889677,"Maximum Temperature Projections Compared to 2006 for the RCP 4.5 Climate Model"
"geoId/72005","","Aguadilla Municipio","DifferenceRelativeToBaseDate2006_Max_Temperature_RCP45","2052-12","NASA_NEXGDDP_Subnational_AggrDiffStats","https://www.nccs.nasa.gov/services/data-collections/land-based-products/nex-gddp","","Celsius","C",1.862974,"Maximum Temperature Projections Compared to 2006 for the RCP 4.5 Climate Model"
"geoId/72005","","Aguadilla Municipio","DifferenceRelativeToBaseDate2006_Max_Temperature_RCP45","2053-01","NASA_NEXGDDP_Subnational_AggrDiffStats","https://www.nccs.nasa.gov/services/data-collections/land-based-products/nex-gddp","","Celsius","C",1.30011,"Maximum Temperature Projections Compared to 2006 for the RCP 4.5 Climate Model"
"geoId/72005","","Aguadilla Municipio","DifferenceRelativeToBaseDate2006_Max_Temperature_RCP45","2053-02","NASA_NEXGDDP_Subnational_AggrDiffStats","https://www.nccs.nasa.gov/services/data-collections/land-based-products/nex-gddp","","Celsius","C",2.06958,"Maximum Temperature Projections Compared to 2006 for the RCP 4.5 Climate Model"
"geoId/72005","","Aguadilla Municipio","DifferenceRelativeToBaseDate2006_Max_Temperature_RCP45","2053-03","NASA_NEXGDDP_Subnational_AggrDiffStats","https://www.nccs.nasa.gov/services/data-collections/land-based-products/nex-gddp","","Celsius","C",3.272673,"Maximum Temperature Projections Compared to 2006 for the RCP 4.5 Climate Model"
"geoId/72005","","Aguadilla Municipio","DifferenceRelativeToBaseDate2006_Max_Temperature_RCP45","2053-04","NASA_NEXGDDP_Subnational_AggrDiffStats","https://www.nccs.nasa.gov/services/data-collections/land-based-products/nex-gddp","","Celsius","C",1.153687,"Maximum Temperature Projections Compared to 2006 for the RCP 4.5 Climate Model"
"geoId/72005","","Aguadilla Municipio","DifferenceRelativeToBaseDate2006_Max_Temperature_RCP45","2053-05","NASA_NEXGDDP_Subnational_AggrDiffStats","https://www.nccs.nasa.gov/services/data-collections/land-based-products/nex-gddp","","Celsius","C",1.946134,"Maximum Temperature Projections Compared to 2006 for the RCP 4.5 Climate Model"
"geoId/72005","","Aguadilla Municipio","DifferenceRelativeToBaseDate2006_Max_Temperature_RCP45","2053-06","NASA_NEXGDDP_Subnational_AggrDiffStats","https://www.nccs.nasa.gov/services/data-collections/land-based-products/nex-gddp","","Celsius","C",2.296356,"Maximum Temperature Projections Compared to 2006 for the RCP 4.5 Climate Model"
"geoId/72005","","Aguadilla Municipio","DifferenceRelativeToBaseDate2006_Max_Temperature_RCP45","2053-07","NASA_NEXGDDP_Subnational_AggrDiffStats","https://www.nccs.nasa.gov/services/data-collections/land-based-products/nex-gddp","","Celsius","C",1.547577,"Maximum Temperature Projections Compared to 2006 for the RCP 4.5 Climate Model"
"geoId/72005","","Aguadilla Municipio","DifferenceRelativeToBaseDate2006_Max_Temperature_RCP45","2053-08","NASA_NEXGDDP_Subnational_AggrDiffStats","https://www.nccs.nasa.gov/services/data-collections/land-based-products/nex-gddp","","Celsius","C",2.061126,"Maximum Temperature Projections Compared to 2006 for the RCP 4.5 Climate Model"
"geoId/72005","","Aguadilla Municipio","DifferenceRelativeToBaseDate2006_Max_Temperature_RCP45","2053-09","NASA_NEXGDDP_Subnational_AggrDiffStats","https://www.nccs.nasa.gov/services/data-collections/land-based-products/nex-gddp","","Celsius","C",0.967316000000004,"Maximum Temperature Projections Compared to 2006 for the RCP 4.5 Climate Model"
"geoId/72005","","Aguadilla Municipio","DifferenceRelativeToBaseDate2006_Max_Temperature_RCP45","2053-10","NASA_NEXGDDP_Subnational_AggrDiffStats","https://www.nccs.nasa.gov/services/data-collections/land-based-products/nex-gddp","","Celsius","C",2.20044,"Maximum Temperature Projections Compared to 2006 for the RCP 4.5 Climate Model"
"geoId/72005","","Aguadilla Municipio","DifferenceRelativeToBaseDate2006_Max_Temperature_RCP45","2053-11","NASA_NEXGDDP_Subnational_AggrDiffStats","https://www.nccs.nasa.gov/services/data-collections/land-based-products/nex-gddp","","Celsius","C",2.560515,"Maximum Temperature Projections Compared to 2006 for the RCP 4.5 Climate Model"
"geoId/72005","","Aguadilla Municipio","DifferenceRelativeToBaseDate2006_Max_Temperature_RCP45","2053-12","NASA_NEXGDDP_Subnational_AggrDiffStats","https://www.nccs.nasa.gov/services/data-collections/land-based-products/nex-gddp","","Celsius","C",0.179320999999998,"Maximum Temperature Projections Compared to 2006 for the RCP 4.5 Climate Model"
"geoId/72005","","Aguadilla Municipio","DifferenceRelativeToBaseDate2006_Max_Temperature_RCP45","2054-01","NASA_NEXGDDP_Subnational_AggrDiffStats","https://www.nccs.nasa.gov/services/data-collections/land-based-products/nex-gddp","","Celsius","C",0.257842999999998,"Maximum Temperature Projections Compared to 2006 for the RCP 4.5 Climate Model"
"geoId/72005","","Aguadilla Municipio","DifferenceRelativeToBaseDate2006_Max_Temperature_RCP45","2054-02","NASA_NEXGDDP_Subnational_AggrDiffStats","https://www.nccs.nasa.gov/services/data-collections/land-based-products/nex-gddp","","Celsius","C",1.23413,"Maximum Temperature Projections Compared to 2006 for the RCP 4.5 Climate Model"
"geoId/72005","","Aguadilla Municipio","DifferenceRelativeToBaseDate2006_Max_Temperature_RCP45","2054-03","NASA_NEXGDDP_Subnational_AggrDiffStats","https://www.nccs.nasa.gov/services/data-collections/land-based-products/nex-gddp","","Celsius","C",0.638092,"Maximum Temperature Projections Compared to 2006 for the RCP 4.5 Climate Model"
"geoId/72005","","Aguadilla Municipio","DifferenceRelativeToBaseDate2006_Max_Temperature_RCP45","2054-04","NASA_NEXGDDP_Subnational_AggrDiffStats","https://www.nccs.nasa.gov/services/data-collections/land-based-products/nex-gddp","","Celsius","C",1.883574,"Maximum Temperature Projections Compared to 2006 for the RCP 4.5 Climate Model"
"geoId/72005","","Aguadilla Municipio","DifferenceRelativeToBaseDate2006_Max_Temperature_RCP45","2054-05","NASA_NEXGDDP_Subnational_AggrDiffStats","https://www.nccs.nasa.gov/services/data-collections/land-based-products/nex-gddp","","Celsius","C",0.890104000000004,"Maximum Temperature Projections Compared to 2006 for the RCP 4.5 Climate Model"
"geoId/72005","","Aguadilla Municipio","DifferenceRelativeToBaseDate2006_Max_Temperature_RCP45","2054-06","NASA_NEXGDDP_Subnational_AggrDiffStats","https://www.nccs.nasa.gov/services/data-collections/land-based-products/nex-gddp","","Celsius","C",1.226135,"Maximum Temperature Projections Compared to 2006 for the RCP 4.5 Climate Model"
"geoId/72005","","Aguadilla Municipio","DifferenceRelativeToBaseDate2006_Max_Temperature_RCP45","2054-07","NASA_NEXGDDP_Subnational_AggrDiffStats","https://www.nccs.nasa.gov/services/data-collections/land-based-products/nex-gddp","","Celsius","C",1.083343,"Maximum Temperature Projections Compared to 2006 for the RCP 4.5 Climate Model"
"geoId/72005","","Aguadilla Municipio","DifferenceRelativeToBaseDate2006_Max_Temperature_RCP45","2054-08","NASA_NEXGDDP_Subnational_AggrDiffStats","https://www.nccs.nasa.gov/services/data-collections/land-based-products/nex-gddp","","Celsius","C",0.865204000000006,"Maximum Temperature Projections Compared to 2006 for the RCP 4.5 Climate Model"
"geoId/72005","","Aguadilla Municipio","DifferenceRelativeToBaseDate2006_Max_Temperature_RCP45","2054-09","NASA_NEXGDDP_Subnational_AggrDiffStats","https://www.nccs.nasa.gov/services/data-collections/land-based-products/nex-gddp","","Celsius","C",-0.521118000000001,"Maximum Temperature Projections Compared to 2006 for the RCP 4.5 Climate Model"
"geoId/72005","","Aguadilla Municipio","DifferenceRelativeToBaseDate2006_Max_Temperature_RCP45","2054-10","NASA_NEXGDDP_Subnational_AggrDiffStats","https://www.nccs.nasa.gov/services/data-collections/land-based-products/nex-gddp","","Celsius","C",0.807251000000001,"Maximum Temperature Projections Compared to 2006 for the RCP 4.5 Climate Model"
"geoId/72005","","Aguadilla Municipio","DifferenceRelativeToBaseDate2006_Max_Temperature_RCP45","2054-11","NASA_NEXGDDP_Subnational_AggrDiffStats","https://www.nccs.nasa.gov/services/data-collections/land-based-products/nex-gddp","","Celsius","C",1.027891,"Maximum Temperature Projections Compared to 2006 for the RCP 4.5 Climate Model"
"geoId/72005","","Aguadilla Municipio","DifferenceRelativeToBaseDate2006_Max_Temperature_RCP45","2054-12","NASA_NEXGDDP_Subnational_AggrDiffStats","https://www.nccs.nasa.gov/services/data-collections/land-based-products/nex-gddp","","Celsius","C",1.650786,"Maximum Temperature Projections Compared to 2006 for the RCP 4.5 Climate Model"
"geoId/72005","","Aguadilla Municipio","DifferenceRelativeToBaseDate2006_Max_Temperature_RCP45","2055-01","NASA_NEXGDDP_Subnational_AggrDiffStats","https://www.nccs.nasa.gov/services/data-collections/land-based-products/nex-gddp","","Celsius","C",1.922209,"Maximum Temperature Projections Compared to 2006 for the RCP 4.5 Climate Model"
"geoId/72005","","Aguadilla Municipio","DifferenceRelativeToBaseDate2006_Max_Temperature_RCP45","2055-02","NASA_NEXGDDP_Subnational_AggrDiffStats","https://www.nccs.nasa.gov/services/data-collections/land-based-products/nex-gddp","","Celsius","C",5.13162,"Maximum Temperature Projections Compared to 2006 for the RCP 4.5 Climate Model"
"geoId/72005","","Aguadilla Municipio","DifferenceRelativeToBaseDate2006_Max_Temperature_RCP45","2055-03","NASA_NEXGDDP_Subnational_AggrDiffStats","https://www.nccs.nasa.gov/services/data-collections/land-based-products/nex-gddp","","Celsius","C",2.680571,"Maximum Temperature Projections Compared to 2006 for the RCP 4.5 Climate Model"
"geoId/72005","","Aguadilla Municipio","DifferenceRelativeToBaseDate2006_Max_Temperature_RCP45","2055-04","NASA_NEXGDDP_Subnational_AggrDiffStats","https://www.nccs.nasa.gov/services/data-collections/land-based-products/nex-gddp","","Celsius","C",3.175963,"Maximum Temperature Projections Compared to 2006 for the RCP 4.5 Climate Model"
"geoId/72005","","Aguadilla Municipio","DifferenceRelativeToBaseDate2006_Max_Temperature_RCP45","2055-05","NASA_NEXGDDP_Subnational_AggrDiffStats","https://www.nccs.nasa.gov/services/data-collections/land-based-products/nex-gddp","","Celsius","C",2.136259,"Maximum Temperature Projections Compared to 2006 for the RCP 4.5 Climate Model"
"geoId/72005","","Aguadilla Municipio","DifferenceRelativeToBaseDate2006_Max_Temperature_RCP45","2055-06","NASA_NEXGDDP_Subnational_AggrDiffStats","https://www.nccs.nasa.gov/services/data-collections/land-based-products/nex-gddp","","Celsius","C",1.256561,"Maximum Temperature Projections Compared to 2006 for the RCP 4.5 Climate Model"
"geoId/72005","","Aguadilla Municipio","DifferenceRelativeToBaseDate2006_Max_Temperature_RCP45","2055-07","NASA_NEXGDDP_Subnational_AggrDiffStats","https://www.nccs.nasa.gov/services/data-collections/land-based-products/nex-gddp","","Celsius","C",1.019104,"Maximum Temperature Projections Compared to 2006 for the RCP 4.5 Climate Model"
"geoId/72005","","Aguadilla Municipio","DifferenceRelativeToBaseDate2006_Max_Temperature_RCP45","2055-08","NASA_NEXGDDP_Subnational_AggrDiffStats","https://www.nccs.nasa.gov/services/data-collections/land-based-products/nex-gddp","","Celsius","C",1.406158,"Maximum Temperature Projections Compared to 2006 for the RCP 4.5 Climate Model"
"geoId/72005","","Aguadilla Municipio","DifferenceRelativeToBaseDate2006_Max_Temperature_RCP45","2055-09","NASA_NEXGDDP_Subnational_AggrDiffStats","https://www.nccs.nasa.gov/services/data-collections/land-based-products/nex-gddp","","Celsius","C",1.27594,"Maximum Temperature Projections Compared to 2006 for the RCP 4.5 Climate Model"
"geoId/72005","","Aguadilla Municipio","DifferenceRelativeToBaseDate2006_Max_Temperature_RCP45","2055-10","NASA_NEXGDDP_Subnational_AggrDiffStats","https://www.nccs.nasa.gov/services/data-collections/land-based-products/nex-gddp","","Celsius","C",0.658386999999998,"Maximum Temperature Projections Compared to 2006 for the RCP 4.5 Climate Model"
"geoId/72005","","Aguadilla Municipio","DifferenceRelativeToBaseDate2006_Max_Temperature_RCP45","2055-11","NASA_NEXGDDP_Subnational_AggrDiffStats","https://www.nccs.nasa.gov/services/data-collections/land-based-products/nex-gddp","","Celsius","C",1.116484,"Maximum Temperature Projections Compared to 2006 for the RCP 4.5 Climate Model"
"geoId/72005","","Aguadilla Municipio","DifferenceRelativeToBaseDate2006_Max_Temperature_RCP45","2055-12","NASA_NEXGDDP_Subnational_AggrDiffStats","https://www.nccs.nasa.gov/services/data-collections/land-based-products/nex-gddp","","Celsius","C",1.235777,"Maximum Temperature Projections Compared to 2006 for the RCP 4.5 Climate Model"
"geoId/72005","","Aguadilla Municipio","DifferenceRelativeToBaseDate2006_Max_Temperature_RCP45","2056-01","NASA_NEXGDDP_Subnational_AggrDiffStats","https://www.nccs.nasa.gov/services/data-collections/land-based-products/nex-gddp","","Celsius","C",1.601776,"Maximum Temperature Projections Compared to 2006 for the RCP 4.5 Climate Model"
"geoId/72005","","Aguadilla Municipio","DifferenceRelativeToBaseDate2006_Max_Temperature_RCP45","2056-02","NASA_NEXGDDP_Subnational_AggrDiffStats","https://www.nccs.nasa.gov/services/data-collections/land-based-products/nex-gddp","","Celsius","C",2.239835,"Maximum Temperature Projections Compared to 2006 for the RCP 4.5 Climate Model"
"geoId/72005","","Aguadilla Municipio","DifferenceRelativeToBaseDate2006_Max_Temperature_RCP45","2056-03","NASA_NEXGDDP_Subnational_AggrDiffStats","https://www.nccs.nasa.gov/services/data-collections/land-based-products/nex-gddp","","Celsius","C",2.515227,"Maximum Temperature Projections Compared to 2006 for the RCP 4.5 Climate Model"
"geoId/72005","","Aguadilla Municipio","DifferenceRelativeToBaseDate2006_Max_Temperature_RCP45","2056-04","NASA_NEXGDDP_Subnational_AggrDiffStats","https://www.nccs.nasa.gov/services/data-collections/land-based-products/nex-gddp","","Celsius","C",3.053954,"Maximum Temperature Projections Compared to 2006 for the RCP 4.5 Climate Model"
"geoId/72005","","Aguadilla Municipio","DifferenceRelativeToBaseDate2006_Max_Temperature_RCP45","2056-05","NASA_NEXGDDP_Subnational_AggrDiffStats","https://www.nccs.nasa.gov/services/data-collections/land-based-products/nex-gddp","","Celsius","C",1.451811,"Maximum Temperature Projections Compared to 2006 for the RCP 4.5 Climate Model"
"geoId/72005","","Aguadilla Municipio","DifferenceRelativeToBaseDate2006_Max_Temperature_RCP45","2056-06","NASA_NEXGDDP_Subnational_AggrDiffStats","https://www.nccs.nasa.gov/services/data-collections/land-based-products/nex-gddp","","Celsius","C",0.590667000000003,"Maximum Temperature Projections Compared to 2006 for the RCP 4.5 Climate Model"
"geoId/72005","","Aguadilla Municipio","DifferenceRelativeToBaseDate2006_Max_Temperature_RCP45","2056-07","NASA_NEXGDDP_Subnational_AggrDiffStats","https://www.nccs.nasa.gov/services/data-collections/land-based-products/nex-gddp","","Celsius","C",0.604247999999998,"Maximum Temperature Projections Compared to 2006 for the RCP 4.5 Climate Model"
"geoId/72005","","Aguadilla Municipio","DifferenceRelativeToBaseDate2006_Max_Temperature_RCP45","2056-08","NASA_NEXGDDP_Subnational_AggrDiffStats","https://www.nccs.nasa.gov/services/data-collections/land-based-products/nex-gddp","","Celsius","C",1.297729,"Maximum Temperature Projections Compared to 2006 for the RCP 4.5 Climate Model"
"geoId/72005","","Aguadilla Municipio","DifferenceRelativeToBaseDate2006_Max_Temperature_RCP45","2056-09","NASA_NEXGDDP_Subnational_AggrDiffStats","https://www.nccs.nasa.gov/services/data-collections/land-based-products/nex-gddp","","Celsius","C",0.229981000000002,"Maximum Temperature Projections Compared to 2006 for the RCP 4.5 Climate Model"
"geoId/72005","","Aguadilla Municipio","DifferenceRelativeToBaseDate2006_Max_Temperature_RCP45","2056-10","NASA_NEXGDDP_Subnational_AggrDiffStats","https://www.nccs.nasa.gov/services/data-collections/land-based-products/nex-gddp","","Celsius","C",1.072663,"Maximum Temperature Projections Compared to 2006 for the RCP 4.5 Climate Model"
"geoId/72005","","Aguadilla Municipio","DifferenceRelativeToBaseDate2006_Max_Temperature_RCP45","2056-11","NASA_NEXGDDP_Subnational_AggrDiffStats","https://www.nccs.nasa.gov/services/data-collections/land-based-products/nex-gddp","","Celsius","C",2.013823,"Maximum Temperature Projections Compared to 2006 for the RCP 4.5 Climate Model"
"geoId/72005","","Aguadilla Municipio","DifferenceRelativeToBaseDate2006_Max_Temperature_RCP45","2056-12","NASA_NEXGDDP_Subnational_AggrDiffStats","https://www.nccs.nasa.gov/services/data-collections/land-based-products/nex-gddp","","Celsius","C",2.678007,"Maximum Temperature Projections Compared to 2006 for the RCP 4.5 Climate Model"
"geoId/72005","","Aguadilla Municipio","DifferenceRelativeToBaseDate2006_Max_Temperature_RCP45","2057-01","NASA_NEXGDDP_Subnational_AggrDiffStats","https://www.nccs.nasa.gov/services/data-collections/land-based-products/nex-gddp","","Celsius","C",1.930907,"Maximum Temperature Projections Compared to 2006 for the RCP 4.5 Climate Model"
"geoId/72005","","Aguadilla Municipio","DifferenceRelativeToBaseDate2006_Max_Temperature_RCP45","2057-02","NASA_NEXGDDP_Subnational_AggrDiffStats","https://www.nccs.nasa.gov/services/data-collections/land-based-products/nex-gddp","","Celsius","C",3.975919,"Maximum Temperature Projections Compared to 2006 for the RCP 4.5 Climate Model"
"geoId/72005","","Aguadilla Municipio","DifferenceRelativeToBaseDate2006_Max_Temperature_RCP45","2057-03","NASA_NEXGDDP_Subnational_AggrDiffStats","https://www.nccs.nasa.gov/services/data-collections/land-based-products/nex-gddp","","Celsius","C",2.843291,"Maximum Temperature Projections Compared to 2006 for the RCP 4.5 Climate Model"
"geoId/72005","","Aguadilla Municipio","DifferenceRelativeToBaseDate2006_Max_Temperature_RCP45","2057-04","NASA_NEXGDDP_Subnational_AggrDiffStats","https://www.nccs.nasa.gov/services/data-collections/land-based-products/nex-gddp","","Celsius","C",3.566771,"Maximum Temperature Projections Compared to 2006 for the RCP 4.5 Climate Model"
"geoId/72005","","Aguadilla Municipio","DifferenceRelativeToBaseDate2006_Max_Temperature_RCP45","2057-05","NASA_NEXGDDP_Subnational_AggrDiffStats","https://www.nccs.nasa.gov/services/data-collections/land-based-products/nex-gddp","","Celsius","C",2.59802,"Maximum Temperature Projections Compared to 2006 for the RCP 4.5 Climate Model"
"geoId/72005","","Aguadilla Municipio","DifferenceRelativeToBaseDate2006_Max_Temperature_RCP45","2057-06","NASA_NEXGDDP_Subnational_AggrDiffStats","https://www.nccs.nasa.gov/services/data-collections/land-based-products/nex-gddp","","Celsius","C",1.965911,"Maximum Temperature Projections Compared to 2006 for the RCP 4.5 Climate Model"
"geoId/72005","","Aguadilla Municipio","DifferenceRelativeToBaseDate2006_Max_Temperature_RCP45","2057-07","NASA_NEXGDDP_Subnational_AggrDiffStats","https://www.nccs.nasa.gov/services/data-collections/land-based-products/nex-gddp","","Celsius","C",0.484465999999998,"Maximum Temperature Projections Compared to 2006 for the RCP 4.5 Climate Model"
"geoId/72005","","Aguadilla Municipio","DifferenceRelativeToBaseDate2006_Max_Temperature_RCP45","2057-08","NASA_NEXGDDP_Subnational_AggrDiffStats","https://www.nccs.nasa.gov/services/data-collections/land-based-products/nex-gddp","","Celsius","C",1.451751,"Maximum Temperature Projections Compared to 2006 for the RCP 4.5 Climate Model"
"geoId/72005","","Aguadilla Municipio","DifferenceRelativeToBaseDate2006_Max_Temperature_RCP45","2057-09","NASA_NEXGDDP_Subnational_AggrDiffStats","https://www.nccs.nasa.gov/services/data-collections/land-based-products/nex-gddp","","Celsius","C",0.292450000000002,"Maximum Temperature Projections Compared to 2006 for the RCP 4.5 Climate Model"
"geoId/72005","","Aguadilla Municipio","DifferenceRelativeToBaseDate2006_Max_Temperature_RCP45","2057-10","NASA_NEXGDDP_Subnational_AggrDiffStats","https://www.nccs.nasa.gov/services/data-collections/land-based-products/nex-gddp","","Celsius","C",2.516419,"Maximum Temperature Projections Compared to 2006 for the RCP 4.5 Climate Model"
"geoId/72005","","Aguadilla Municipio","DifferenceRelativeToBaseDate2006_Max_Temperature_RCP45","2057-11","NASA_NEXGDDP_Subnational_AggrDiffStats","https://www.nccs.nasa.gov/services/data-collections/land-based-products/nex-gddp","","Celsius","C",2.234709,"Maximum Temperature Projections Compared to 2006 for the RCP 4.5 Climate Model"
"geoId/72005","","Aguadilla Municipio","DifferenceRelativeToBaseDate2006_Max_Temperature_RCP45","2057-12","NASA_NEXGDDP_Subnational_AggrDiffStats","https://www.nccs.nasa.gov/services/data-collections/land-based-products/nex-gddp","","Celsius","C",2.699766,"Maximum Temperature Projections Compared to 2006 for the RCP 4.5 Climate Model"
"geoId/72005","","Aguadilla Municipio","DifferenceRelativeToBaseDate2006_Max_Temperature_RCP45","2058-01","NASA_NEXGDDP_Subnational_AggrDiffStats","https://www.nccs.nasa.gov/services/data-collections/land-based-products/nex-gddp","","Celsius","C",0.771117999999998,"Maximum Temperature Projections Compared to 2006 for the RCP 4.5 Climate Model"
"geoId/72005","","Aguadilla Municipio","DifferenceRelativeToBaseDate2006_Max_Temperature_RCP45","2058-02","NASA_NEXGDDP_Subnational_AggrDiffStats","https://www.nccs.nasa.gov/services/data-collections/land-based-products/nex-gddp","","Celsius","C",1.809326,"Maximum Temperature Projections Compared to 2006 for the RCP 4.5 Climate Model"
"geoId/72005","","Aguadilla Municipio","DifferenceRelativeToBaseDate2006_Max_Temperature_RCP45","2058-03","NASA_NEXGDDP_Subnational_AggrDiffStats","https://www.nccs.nasa.gov/services/data-collections/land-based-products/nex-gddp","","Celsius","C",3.601714,"Maximum Temperature Projections Compared to 2006 for the RCP 4.5 Climate Model"
"geoId/72005","","Aguadilla Municipio","DifferenceRelativeToBaseDate2006_Max_Temperature_RCP45","2058-04","NASA_NEXGDDP_Subnational_AggrDiffStats","https://www.nccs.nasa.gov/services/data-collections/land-based-products/nex-gddp","","Celsius","C",2.339171,"Maximum Temperature Projections Compared to 2006 for the RCP 4.5 Climate Model"
"geoId/72005","","Aguadilla Municipio","DifferenceRelativeToBaseDate2006_Max_Temperature_RCP45","2058-05","NASA_NEXGDDP_Subnational_AggrDiffStats","https://www.nccs.nasa.gov/services/data-collections/land-based-products/nex-gddp","","Celsius","C",2.48773,"Maximum Temperature Projections Compared to 2006 for the RCP 4.5 Climate Model"
"geoId/72005","","Aguadilla Municipio","DifferenceRelativeToBaseDate2006_Max_Temperature_RCP45","2058-06","NASA_NEXGDDP_Subnational_AggrDiffStats","https://www.nccs.nasa.gov/services/data-collections/land-based-products/nex-gddp","","Celsius","C",1.000274,"Maximum Temperature Projections Compared to 2006 for the RCP 4.5 Climate Model"
"geoId/72005","","Aguadilla Municipio","DifferenceRelativeToBaseDate2006_Max_Temperature_RCP45","2058-07","NASA_NEXGDDP_Subnational_AggrDiffStats","https://www.nccs.nasa.gov/services/data-collections/land-based-products/nex-gddp","","Celsius","C",1.391723,"Maximum Temperature Projections Compared to 2006 for the RCP 4.5 Climate Model"
"geoId/72005","","Aguadilla Municipio","DifferenceRelativeToBaseDate2006_Max_Temperature_RCP45","2058-08","NASA_NEXGDDP_Subnational_AggrDiffStats","https://www.nccs.nasa.gov/services/data-collections/land-based-products/nex-gddp","","Celsius","C",1.282837,"Maximum Temperature Projections Compared to 2006 for the RCP 4.5 Climate Model"
"geoId/72005","","Aguadilla Municipio","DifferenceRelativeToBaseDate2006_Max_Temperature_RCP45","2058-09","NASA_NEXGDDP_Subnational_AggrDiffStats","https://www.nccs.nasa.gov/services/data-collections/land-based-products/nex-gddp","","Celsius","C",-0.138916000000002,"Maximum Temperature Projections Compared to 2006 for the RCP 4.5 Climate Model"
"geoId/72005","","Aguadilla Municipio","DifferenceRelativeToBaseDate2006_Max_Temperature_RCP45","2058-10","NASA_NEXGDDP_Subnational_AggrDiffStats","https://www.nccs.nasa.gov/services/data-collections/land-based-products/nex-gddp","","Celsius","C",0.192383,"Maximum Temperature Projections Compared to 2006 for the RCP 4.5 Climate Model"
"geoId/72005","","Aguadilla Municipio","DifferenceRelativeToBaseDate2006_Max_Temperature_RCP45","2058-11","NASA_NEXGDDP_Subnational_AggrDiffStats","https://www.nccs.nasa.gov/services/data-collections/land-based-products/nex-gddp","","Celsius","C",0.346219999999999,"Maximum Temperature Projections Compared to 2006 for the RCP 4.5 Climate Model"
"geoId/72005","","Aguadilla Municipio","DifferenceRelativeToBaseDate2006_Max_Temperature_RCP45","2058-12","NASA_NEXGDDP_Subnational_AggrDiffStats","https://www.nccs.nasa.gov/services/data-collections/land-based-products/nex-gddp","","Celsius","C",1.68405,"Maximum Temperature Projections Compared to 2006 for the RCP 4.5 Climate Model"
"geoId/72005","","Aguadilla Municipio","DifferenceRelativeToBaseDate2006_Max_Temperature_RCP45","2059-01","NASA_NEXGDDP_Subnational_AggrDiffStats","https://www.nccs.nasa.gov/services/data-collections/land-based-products/nex-gddp","","Celsius","C",0.453735999999999,"Maximum Temperature Projections Compared to 2006 for the RCP 4.5 Climate Model"
"geoId/72005","","Aguadilla Municipio","DifferenceRelativeToBaseDate2006_Max_Temperature_RCP45","2059-02","NASA_NEXGDDP_Subnational_AggrDiffStats","https://www.nccs.nasa.gov/services/data-collections/land-based-products/nex-gddp","","Celsius","C",1.804046,"Maximum Temperature Projections Compared to 2006 for the RCP 4.5 Climate Model"
"geoId/72005","","Aguadilla Municipio","DifferenceRelativeToBaseDate2006_Max_Temperature_RCP45","2059-03","NASA_NEXGDDP_Subnational_AggrDiffStats","https://www.nccs.nasa.gov/services/data-collections/land-based-products/nex-gddp","","Celsius","C",2.411284,"Maximum Temperature Projections Compared to 2006 for the RCP 4.5 Climate Model"
"geoId/72005","","Aguadilla Municipio","DifferenceRelativeToBaseDate2006_Max_Temperature_RCP45","2059-04","NASA_NEXGDDP_Subnational_AggrDiffStats","https://www.nccs.nasa.gov/services/data-collections/land-based-products/nex-gddp","","Celsius","C",4.849577,"Maximum Temperature Projections Compared to 2006 for the RCP 4.5 Climate Model"
"geoId/72005","","Aguadilla Municipio","DifferenceRelativeToBaseDate2006_Max_Temperature_RCP45","2059-05","NASA_NEXGDDP_Subnational_AggrDiffStats","https://www.nccs.nasa.gov/services/data-collections/land-based-products/nex-gddp","","Celsius","C",2.193479,"Maximum Temperature Projections Compared to 2006 for the RCP 4.5 Climate Model"
"geoId/72005","","Aguadilla Municipio","DifferenceRelativeToBaseDate2006_Max_Temperature_RCP45","2059-06","NASA_NEXGDDP_Subnational_AggrDiffStats","https://www.nccs.nasa.gov/services/data-collections/land-based-products/nex-gddp","","Celsius","C",1.519622,"Maximum Temperature Projections Compared to 2006 for the RCP 4.5 Climate Model"
"geoId/72005","","Aguadilla Municipio","DifferenceRelativeToBaseDate2006_Max_Temperature_RCP45","2059-07","NASA_NEXGDDP_Subnational_AggrDiffStats","https://www.nccs.nasa.gov/services/data-collections/land-based-products/nex-gddp","","Celsius","C",1.682892,"Maximum Temperature Projections Compared to 2006 for the RCP 4.5 Climate Model"
"geoId/72005","","Aguadilla Municipio","DifferenceRelativeToBaseDate2006_Max_Temperature_RCP45","2059-08","NASA_NEXGDDP_Subnational_AggrDiffStats","https://www.nccs.nasa.gov/services/data-collections/land-based-products/nex-gddp","","Celsius","C",1.57785000000001,"Maximum Temperature Projections Compared to 2006 for the RCP 4.5 Climate Model"
"geoId/72005","","Aguadilla Municipio","DifferenceRelativeToBaseDate2006_Max_Temperature_RCP45","2059-09","NASA_NEXGDDP_Subnational_AggrDiffStats","https://www.nccs.nasa.gov/services/data-collections/land-based-products/nex-gddp","","Celsius","C",0.448211999999998,"Maximum Temperature Projections Compared to 2006 for the RCP 4.5 Climate Model"
"geoId/72005","","Aguadilla Municipio","DifferenceRelativeToBaseDate2006_Max_Temperature_RCP45","2059-10","NASA_NEXGDDP_Subnational_AggrDiffStats","https://www.nccs.nasa.gov/services/data-collections/land-based-products/nex-gddp","","Celsius","C",2.595368,"Maximum Temperature Projections Compared to 2006 for the RCP 4.5 Climate Model"
"geoId/72005","","Aguadilla Municipio","DifferenceRelativeToBaseDate2006_Max_Temperature_RCP45","2059-11","NASA_NEXGDDP_Subnational_AggrDiffStats","https://www.nccs.nasa.gov/services/data-collections/land-based-products/nex-gddp","","Celsius","C",1.811003,"Maximum Temperature Projections Compared to 2006 for the RCP 4.5 Climate Model"
"geoId/72005","","Aguadilla Municipio","DifferenceRelativeToBaseDate2006_Max_Temperature_RCP45","2059-12","NASA_NEXGDDP_Subnational_AggrDiffStats","https://www.nccs.nasa.gov/services/data-collections/land-based-products/nex-gddp","","Celsius","C",2.103178,"Maximum Temperature Projections Compared to 2006 for the RCP 4.5 Climate Model"
"geoId/72005","","Aguadilla Municipio","DifferenceRelativeToBaseDate2006_Max_Temperature_RCP45","2060-01","NASA_NEXGDDP_Subnational_AggrDiffStats","https://www.nccs.nasa.gov/services/data-collections/land-based-products/nex-gddp","","Celsius","C",1.037445,"Maximum Temperature Projections Compared to 2006 for the RCP 4.5 Climate Model"
"geoId/72005","","Aguadilla Municipio","DifferenceRelativeToBaseDate2006_Max_Temperature_RCP45","2060-02","NASA_NEXGDDP_Subnational_AggrDiffStats","https://www.nccs.nasa.gov/services/data-collections/land-based-products/nex-gddp","","Celsius","C",1.223266,"Maximum Temperature Projections Compared to 2006 for the RCP 4.5 Climate Model"
"geoId/72005","","Aguadilla Municipio","DifferenceRelativeToBaseDate2006_Max_Temperature_RCP45","2060-03","NASA_NEXGDDP_Subnational_AggrDiffStats","https://www.nccs.nasa.gov/services/data-collections/land-based-products/nex-gddp","","Celsius","C",0.629547000000002,"Maximum Temperature Projections Compared to 2006 for the RCP 4.5 Climate Model"
"geoId/72005","","Aguadilla Municipio","DifferenceRelativeToBaseDate2006_Max_Temperature_RCP45","2060-04","NASA_NEXGDDP_Subnational_AggrDiffStats","https://www.nccs.nasa.gov/services/data-collections/land-based-products/nex-gddp","","Celsius","C",1.3273,"Maximum Temperature Projections Compared to 2006 for the RCP 4.5 Climate Model"
"geoId/72005","","Aguadilla Municipio","DifferenceRelativeToBaseDate2006_Max_Temperature_RCP45","2060-05","NASA_NEXGDDP_Subnational_AggrDiffStats","https://www.nccs.nasa.gov/services/data-collections/land-based-products/nex-gddp","","Celsius","C",3.717832,"Maximum Temperature Projections Compared to 2006 for the RCP 4.5 Climate Model"
"geoId/72005","","Aguadilla Municipio","DifferenceRelativeToBaseDate2006_Max_Temperature_RCP45","2060-06","NASA_NEXGDDP_Subnational_AggrDiffStats","https://www.nccs.nasa.gov/services/data-collections/land-based-products/nex-gddp","","Celsius","C",1.94934,"Maximum Temperature Projections Compared to 2006 for the RCP 4.5 Climate Model"
"geoId/72005","","Aguadilla Municipio","DifferenceRelativeToBaseDate2006_Max_Temperature_RCP45","2060-07","NASA_NEXGDDP_Subnational_AggrDiffStats","https://www.nccs.nasa.gov/services/data-collections/land-based-products/nex-gddp","","Celsius","C",2.120056,"Maximum Temperature Projections Compared to 2006 for the RCP 4.5 Climate Model"
"geoId/72005","","Aguadilla Municipio","DifferenceRelativeToBaseDate2006_Max_Temperature_RCP45","2060-08","NASA_NEXGDDP_Subnational_AggrDiffStats","https://www.nccs.nasa.gov/services/data-collections/land-based-products/nex-gddp","","Celsius","C",1.72937,"Maximum Temperature Projections Compared to 2006 for the RCP 4.5 Climate Model"
"geoId/72005","","Aguadilla Municipio","DifferenceRelativeToBaseDate2006_Max_Temperature_RCP45","2060-09","NASA_NEXGDDP_Subnational_AggrDiffStats","https://www.nccs.nasa.gov/services/data-collections/land-based-products/nex-gddp","","Celsius","C",0.0519409999999993,"Maximum Temperature Projections Compared to 2006 for the RCP 4.5 Climate Model"
"geoId/72005","","Aguadilla Municipio","DifferenceRelativeToBaseDate2006_Max_Temperature_RCP45","2060-10","NASA_NEXGDDP_Subnational_AggrDiffStats","https://www.nccs.nasa.gov/services/data-collections/land-based-products/nex-gddp","","Celsius","C",0.653168000000001,"Maximum Temperature Projections Compared to 2006 for the RCP 4.5 Climate Model"
"geoId/72005","","Aguadilla Municipio","DifferenceRelativeToBaseDate2006_Max_Temperature_RCP45","2060-11","NASA_NEXGDDP_Subnational_AggrDiffStats","https://www.nccs.nasa.gov/services/data-collections/land-based-products/nex-gddp","","Celsius","C",0.789823999999999,"Maximum Temperature Projections Compared to 2006 for the RCP 4.5 Climate Model"
"geoId/72005","","Aguadilla Municipio","DifferenceRelativeToBaseDate2006_Max_Temperature_RCP45","2060-12","NASA_NEXGDDP_Subnational_AggrDiffStats","https://www.nccs.nasa.gov/services/data-collections/land-based-products/nex-gddp","","Celsius","C",2.149656,"Maximum Temperature Projections Compared to 2006 for the RCP 4.5 Climate Model"
"geoId/72005","","Aguadilla Municipio","DifferenceRelativeToBaseDate2006_Max_Temperature_RCP45","2061-01","NASA_NEXGDDP_Subnational_AggrDiffStats","https://www.nccs.nasa.gov/services/data-collections/land-based-products/nex-gddp","","Celsius","C",1.627289,"Maximum Temperature Projections Compared to 2006 for the RCP 4.5 Climate Model"
"geoId/72005","","Aguadilla Municipio","DifferenceRelativeToBaseDate2006_Max_Temperature_RCP45","2061-02","NASA_NEXGDDP_Subnational_AggrDiffStats","https://www.nccs.nasa.gov/services/data-collections/land-based-products/nex-gddp","","Celsius","C",1.703796,"Maximum Temperature Projections Compared to 2006 for the RCP 4.5 Climate Model"
"geoId/72005","","Aguadilla Municipio","DifferenceRelativeToBaseDate2006_Max_Temperature_RCP45","2061-03","NASA_NEXGDDP_Subnational_AggrDiffStats","https://www.nccs.nasa.gov/services/data-collections/land-based-products/nex-gddp","","Celsius","C",1.547484,"Maximum Temperature Projections Compared to 2006 for the RCP 4.5 Climate Model"
"geoId/72005","","Aguadilla Municipio","DifferenceRelativeToBaseDate2006_Max_Temperature_RCP45","2061-04","NASA_NEXGDDP_Subnational_AggrDiffStats","https://www.nccs.nasa.gov/services/data-collections/land-based-products/nex-gddp","","Celsius","C",2.204527,"Maximum Temperature Projections Compared to 2006 for the RCP 4.5 Climate Model"
"geoId/72005","","Aguadilla Municipio","DifferenceRelativeToBaseDate2006_Max_Temperature_RCP45","2061-05","NASA_NEXGDDP_Subnational_AggrDiffStats","https://www.nccs.nasa.gov/services/data-collections/land-based-products/nex-gddp","","Celsius","C",0.912473000000002,"Maximum Temperature Projections Compared to 2006 for the RCP 4.5 Climate Model"
"geoId/72005","","Aguadilla Municipio","DifferenceRelativeToBaseDate2006_Max_Temperature_RCP45","2061-06","NASA_NEXGDDP_Subnational_AggrDiffStats","https://www.nccs.nasa.gov/services/data-collections/land-based-products/nex-gddp","","Celsius","C",0.870758000000002,"Maximum Temperature Projections Compared to 2006 for the RCP 4.5 Climate Model"
"geoId/72005","","Aguadilla Municipio","DifferenceRelativeToBaseDate2006_Max_Temperature_RCP45","2061-07","NASA_NEXGDDP_Subnational_AggrDiffStats","https://www.nccs.nasa.gov/services/data-collections/land-based-products/nex-gddp","","Celsius","C",0.619354000000001,"Maximum Temperature Projections Compared to 2006 for the RCP 4.5 Climate Model"
"geoId/72005","","Aguadilla Municipio","DifferenceRelativeToBaseDate2006_Max_Temperature_RCP45","2061-08","NASA_NEXGDDP_Subnational_AggrDiffStats","https://www.nccs.nasa.gov/services/data-collections/land-based-products/nex-gddp","","Celsius","C",0.622345000000003,"Maximum Temperature Projections Compared to 2006 for the RCP 4.5 Climate Model"
"geoId/72005","","Aguadilla Municipio","DifferenceRelativeToBaseDate2006_Max_Temperature_RCP45","2061-09","NASA_NEXGDDP_Subnational_AggrDiffStats","https://www.nccs.nasa.gov/services/data-collections/land-based-products/nex-gddp","","Celsius","C",-0.298094999999996,"Maximum Temperature Projections Compared to 2006 for the RCP 4.5 Climate Model"
"geoId/72005","","Aguadilla Municipio","DifferenceRelativeToBaseDate2006_Max_Temperature_RCP45","2061-10","NASA_NEXGDDP_Subnational_AggrDiffStats","https://www.nccs.nasa.gov/services/data-collections/land-based-products/nex-gddp","","Celsius","C",0.880096999999999,"Maximum Temperature Projections Compared to 2006 for the RCP 4.5 Climate Model"
"geoId/72005","","Aguadilla Municipio","DifferenceRelativeToBaseDate2006_Max_Temperature_RCP45","2061-11","NASA_NEXGDDP_Subnational_AggrDiffStats","https://www.nccs.nasa.gov/services/data-collections/land-based-products/nex-gddp","","Celsius","C",1.003904,"Maximum Temperature Projections Compared to 2006 for the RCP 4.5 Climate Model"
"geoId/72005","","Aguadilla Municipio","DifferenceRelativeToBaseDate2006_Max_Temperature_RCP45","2061-12","NASA_NEXGDDP_Subnational_AggrDiffStats","https://www.nccs.nasa.gov/services/data-collections/land-based-products/nex-gddp","","Celsius","C",0.97287,"Maximum Temperature Projections Compared to 2006 for the RCP 4.5 Climate Model"
"geoId/72005","","Aguadilla Municipio","DifferenceRelativeToBaseDate2006_Max_Temperature_RCP45","2062-01","NASA_NEXGDDP_Subnational_AggrDiffStats","https://www.nccs.nasa.gov/services/data-collections/land-based-products/nex-gddp","","Celsius","C",0.863129000000001,"Maximum Temperature Projections Compared to 2006 for the RCP 4.5 Climate Model"
"geoId/72005","","Aguadilla Municipio","DifferenceRelativeToBaseDate2006_Max_Temperature_RCP45","2062-02","NASA_NEXGDDP_Subnational_AggrDiffStats","https://www.nccs.nasa.gov/services/data-collections/land-based-products/nex-gddp","","Celsius","C",1.831695,"Maximum Temperature Projections Compared to 2006 for the RCP 4.5 Climate Model"
"geoId/72005","","Aguadilla Municipio","DifferenceRelativeToBaseDate2006_Max_Temperature_RCP45","2062-03","NASA_NEXGDDP_Subnational_AggrDiffStats","https://www.nccs.nasa.gov/services/data-collections/land-based-products/nex-gddp","","Celsius","C",2.142363,"Maximum Temperature Projections Compared to 2006 for the RCP 4.5 Climate Model"
"geoId/72005","","Aguadilla Municipio","DifferenceRelativeToBaseDate2006_Max_Temperature_RCP45","2062-04","NASA_NEXGDDP_Subnational_AggrDiffStats","https://www.nccs.nasa.gov/services/data-collections/land-based-products/nex-gddp","","Celsius","C",3.011778,"Maximum Temperature Projections Compared to 2006 for the RCP 4.5 Climate Model"
"geoId/72005","","Aguadilla Municipio","DifferenceRelativeToBaseDate2006_Max_Temperature_RCP45","2062-05","NASA_NEXGDDP_Subnational_AggrDiffStats","https://www.nccs.nasa.gov/services/data-collections/land-based-products/nex-gddp","","Celsius","C",3.529966,"Maximum Temperature Projections Compared to 2006 for the RCP 4.5 Climate Model"
"geoId/72005","","Aguadilla Municipio","DifferenceRelativeToBaseDate2006_Max_Temperature_RCP45","2062-06","NASA_NEXGDDP_Subnational_AggrDiffStats","https://www.nccs.nasa.gov/services/data-collections/land-based-products/nex-gddp","","Celsius","C",1.606903,"Maximum Temperature Projections Compared to 2006 for the RCP 4.5 Climate Model"
"geoId/72005","","Aguadilla Municipio","DifferenceRelativeToBaseDate2006_Max_Temperature_RCP45","2062-07","NASA_NEXGDDP_Subnational_AggrDiffStats","https://www.nccs.nasa.gov/services/data-collections/land-based-products/nex-gddp","","Celsius","C",1.76297,"Maximum Temperature Projections Compared to 2006 for the RCP 4.5 Climate Model"
"geoId/72005","","Aguadilla Municipio","DifferenceRelativeToBaseDate2006_Max_Temperature_RCP45","2062-08","NASA_NEXGDDP_Subnational_AggrDiffStats","https://www.nccs.nasa.gov/services/data-collections/land-based-products/nex-gddp","","Celsius","C",1.894531,"Maximum Temperature Projections Compared to 2006 for the RCP 4.5 Climate Model"
"geoId/72005","","Aguadilla Municipio","DifferenceRelativeToBaseDate2006_Max_Temperature_RCP45","2062-09","NASA_NEXGDDP_Subnational_AggrDiffStats","https://www.nccs.nasa.gov/services/data-collections/land-based-products/nex-gddp","","Celsius","C",1.665894,"Maximum Temperature Projections Compared to 2006 for the RCP 4.5 Climate Model"
"geoId/72005","","Aguadilla Municipio","DifferenceRelativeToBaseDate2006_Max_Temperature_RCP45","2062-10","NASA_NEXGDDP_Subnational_AggrDiffStats","https://www.nccs.nasa.gov/services/data-collections/land-based-products/nex-gddp","","Celsius","C",2.044922,"Maximum Temperature Projections Compared to 2006 for the RCP 4.5 Climate Model"
"geoId/72005","","Aguadilla Municipio","DifferenceRelativeToBaseDate2006_Max_Temperature_RCP45","2062-11","NASA_NEXGDDP_Subnational_AggrDiffStats","https://www.nccs.nasa.gov/services/data-collections/land-based-products/nex-gddp","","Celsius","C",1.315245,"Maximum Temperature Projections Compared to 2006 for the RCP 4.5 Climate Model"
"geoId/72005","","Aguadilla Municipio","DifferenceRelativeToBaseDate2006_Max_Temperature_RCP45","2062-12","NASA_NEXGDDP_Subnational_AggrDiffStats","https://www.nccs.nasa.gov/services/data-collections/land-based-products/nex-gddp","","Celsius","C",2.741209,"Maximum Temperature Projections Compared to 2006 for the RCP 4.5 Climate Model"
"geoId/72005","","Aguadilla Municipio","DifferenceRelativeToBaseDate2006_Max_Temperature_RCP45","2063-01","NASA_NEXGDDP_Subnational_AggrDiffStats","https://www.nccs.nasa.gov/services/data-collections/land-based-products/nex-gddp","","Celsius","C",5.548979,"Maximum Temperature Projections Compared to 2006 for the RCP 4.5 Climate Model"
"geoId/72005","","Aguadilla Municipio","DifferenceRelativeToBaseDate2006_Max_Temperature_RCP45","2063-02","NASA_NEXGDDP_Subnational_AggrDiffStats","https://www.nccs.nasa.gov/services/data-collections/land-based-products/nex-gddp","","Celsius","C",3.855436,"Maximum Temperature Projections Compared to 2006 for the RCP 4.5 Climate Model"
"geoId/72005","","Aguadilla Municipio","DifferenceRelativeToBaseDate2006_Max_Temperature_RCP45","2063-03","NASA_NEXGDDP_Subnational_AggrDiffStats","https://www.nccs.nasa.gov/services/data-collections/land-based-products/nex-gddp","","Celsius","C",2.662169,"Maximum Temperature Projections Compared to 2006 for the RCP 4.5 Climate Model"
"geoId/72005","","Aguadilla Municipio","DifferenceRelativeToBaseDate2006_Max_Temperature_RCP45","2063-04","NASA_NEXGDDP_Subnational_AggrDiffStats","https://www.nccs.nasa.gov/services/data-collections/land-based-products/nex-gddp","","Celsius","C",1.726744,"Maximum Temperature Projections Compared to 2006 for the RCP 4.5 Climate Model"
"geoId/72005","","Aguadilla Municipio","DifferenceRelativeToBaseDate2006_Max_Temperature_RCP45","2063-05","NASA_NEXGDDP_Subnational_AggrDiffStats","https://www.nccs.nasa.gov/services/data-collections/land-based-products/nex-gddp","","Celsius","C",3.680906,"Maximum Temperature Projections Compared to 2006 for the RCP 4.5 Climate Model"
"geoId/72005","","Aguadilla Municipio","DifferenceRelativeToBaseDate2006_Max_Temperature_RCP45","2063-06","NASA_NEXGDDP_Subnational_AggrDiffStats","https://www.nccs.nasa.gov/services/data-collections/land-based-products/nex-gddp","","Celsius","C",1.62854,"Maximum Temperature Projections Compared to 2006 for the RCP 4.5 Climate Model"
"geoId/72005","","Aguadilla Municipio","DifferenceRelativeToBaseDate2006_Max_Temperature_RCP45","2063-07","NASA_NEXGDDP_Subnational_AggrDiffStats","https://www.nccs.nasa.gov/services/data-collections/land-based-products/nex-gddp","","Celsius","C",1.147888,"Maximum Temperature Projections Compared to 2006 for the RCP 4.5 Climate Model"
"geoId/72005","","Aguadilla Municipio","DifferenceRelativeToBaseDate2006_Max_Temperature_RCP45","2063-08","NASA_NEXGDDP_Subnational_AggrDiffStats","https://www.nccs.nasa.gov/services/data-collections/land-based-products/nex-gddp","","Celsius","C",0.880432000000006,"Maximum Temperature Projections Compared to 2006 for the RCP 4.5 Climate Model"
"geoId/72005","","Aguadilla Municipio","DifferenceRelativeToBaseDate2006_Max_Temperature_RCP45","2063-09","NASA_NEXGDDP_Subnational_AggrDiffStats","https://www.nccs.nasa.gov/services/data-collections/land-based-products/nex-gddp","","Celsius","C",-0.576720999999999,"Maximum Temperature Projections Compared to 2006 for the RCP 4.5 Climate Model"
"geoId/72005","","Aguadilla Municipio","DifferenceRelativeToBaseDate2006_Max_Temperature_RCP45","2063-10","NASA_NEXGDDP_Subnational_AggrDiffStats","https://www.nccs.nasa.gov/services/data-collections/land-based-products/nex-gddp","","Celsius","C",1.324768,"Maximum Temperature Projections Compared to 2006 for the RCP 4.5 Climate Model"
"geoId/72005","","Aguadilla Municipio","DifferenceRelativeToBaseDate2006_Max_Temperature_RCP45","2063-11","NASA_NEXGDDP_Subnational_AggrDiffStats","https://www.nccs.nasa.gov/services/data-collections/land-based-products/nex-gddp","","Celsius","C",3.07144,"Maximum Temperature Projections Compared to 2006 for the RCP 4.5 Climate Model"
"geoId/72005","","Aguadilla Municipio","DifferenceRelativeToBaseDate2006_Max_Temperature_RCP45","2063-12","NASA_NEXGDDP_Subnational_AggrDiffStats","https://www.nccs.nasa.gov/services/data-collections/land-based-products/nex-gddp","","Celsius","C",3.449675,"Maximum Temperature Projections Compared to 2006 for the RCP 4.5 Climate Model"
"geoId/72005","","Aguadilla Municipio","DifferenceRelativeToBaseDate2006_Max_Temperature_RCP45","2064-01","NASA_NEXGDDP_Subnational_AggrDiffStats","https://www.nccs.nasa.gov/services/data-collections/land-based-products/nex-gddp","","Celsius","C",3.138884,"Maximum Temperature Projections Compared to 2006 for the RCP 4.5 Climate Model"
"geoId/72005","","Aguadilla Municipio","DifferenceRelativeToBaseDate2006_Max_Temperature_RCP45","2064-02","NASA_NEXGDDP_Subnational_AggrDiffStats","https://www.nccs.nasa.gov/services/data-collections/land-based-products/nex-gddp","","Celsius","C",4.599363,"Maximum Temperature Projections Compared to 2006 for the RCP 4.5 Climate Model"
"geoId/72005","","Aguadilla Municipio","DifferenceRelativeToBaseDate2006_Max_Temperature_RCP45","2064-03","NASA_NEXGDDP_Subnational_AggrDiffStats","https://www.nccs.nasa.gov/services/data-collections/land-based-products/nex-gddp","","Celsius","C",2.914183,"Maximum Temperature Projections Compared to 2006 for the RCP 4.5 Climate Model"
"geoId/72005","","Aguadilla Municipio","DifferenceRelativeToBaseDate2006_Max_Temperature_RCP45","2064-04","NASA_NEXGDDP_Subnational_AggrDiffStats","https://www.nccs.nasa.gov/services/data-collections/land-based-products/nex-gddp","","Celsius","C",2.028563,"Maximum Temperature Projections Compared to 2006 for the RCP 4.5 Climate Model"
"geoId/72005","","Aguadilla Municipio","DifferenceRelativeToBaseDate2006_Max_Temperature_RCP45","2064-05","NASA_NEXGDDP_Subnational_AggrDiffStats","https://www.nccs.nasa.gov/services/data-collections/land-based-products/nex-gddp","","Celsius","C",2.432798,"Maximum Temperature Projections Compared to 2006 for the RCP 4.5 Climate Model"
"geoId/72005","","Aguadilla Municipio","DifferenceRelativeToBaseDate2006_Max_Temperature_RCP45","2064-06","NASA_NEXGDDP_Subnational_AggrDiffStats","https://www.nccs.nasa.gov/services/data-collections/land-based-products/nex-gddp","","Celsius","C",2.924072,"Maximum Temperature Projections Compared to 2006 for the RCP 4.5 Climate Model"
"geoId/72005","","Aguadilla Municipio","DifferenceRelativeToBaseDate2006_Max_Temperature_RCP45","2064-07","NASA_NEXGDDP_Subnational_AggrDiffStats","https://www.nccs.nasa.gov/services/data-collections/land-based-products/nex-gddp","","Celsius","C",1.851745,"Maximum Temperature Projections Compared to 2006 for the RCP 4.5 Climate Model"
"geoId/72005","","Aguadilla Municipio","DifferenceRelativeToBaseDate2006_Max_Temperature_RCP45","2064-08","NASA_NEXGDDP_Subnational_AggrDiffStats","https://www.nccs.nasa.gov/services/data-collections/land-based-products/nex-gddp","","Celsius","C",3.116333,"Maximum Temperature Projections Compared to 2006 for the RCP 4.5 Climate Model"
"geoId/72005","","Aguadilla Municipio","DifferenceRelativeToBaseDate2006_Max_Temperature_RCP45","2064-09","NASA_NEXGDDP_Subnational_AggrDiffStats","https://www.nccs.nasa.gov/services/data-collections/land-based-products/nex-gddp","","Celsius","C",1.636933,"Maximum Temperature Projections Compared to 2006 for the RCP 4.5 Climate Model"
"geoId/72005","","Aguadilla Municipio","DifferenceRelativeToBaseDate2006_Max_Temperature_RCP45","2064-10","NASA_NEXGDDP_Subnational_AggrDiffStats","https://www.nccs.nasa.gov/services/data-collections/land-based-products/nex-gddp","","Celsius","C",1.245117,"Maximum Temperature Projections Compared to 2006 for the RCP 4.5 Climate Model"
"geoId/72005","","Aguadilla Municipio","DifferenceRelativeToBaseDate2006_Max_Temperature_RCP45","2064-11","NASA_NEXGDDP_Subnational_AggrDiffStats","https://www.nccs.nasa.gov/services/data-collections/land-based-products/nex-gddp","","Celsius","C",2.492399,"Maximum Temperature Projections Compared to 2006 for the RCP 4.5 Climate Model"
"geoId/72005","","Aguadilla Municipio","DifferenceRelativeToBaseDate2006_Max_Temperature_RCP45","2064-12","NASA_NEXGDDP_Subnational_AggrDiffStats","https://www.nccs.nasa.gov/services/data-collections/land-based-products/nex-gddp","","Celsius","C",2.877989,"Maximum Temperature Projections Compared to 2006 for the RCP 4.5 Climate Model"
"geoId/72005","","Aguadilla Municipio","DifferenceRelativeToBaseDate2006_Max_Temperature_RCP45","2065-01","NASA_NEXGDDP_Subnational_AggrDiffStats","https://www.nccs.nasa.gov/services/data-collections/land-based-products/nex-gddp","","Celsius","C",1.435913,"Maximum Temperature Projections Compared to 2006 for the RCP 4.5 Climate Model"
"geoId/72005","","Aguadilla Municipio","DifferenceRelativeToBaseDate2006_Max_Temperature_RCP45","2065-02","NASA_NEXGDDP_Subnational_AggrDiffStats","https://www.nccs.nasa.gov/services/data-collections/land-based-products/nex-gddp","","Celsius","C",1.628204,"Maximum Temperature Projections Compared to 2006 for the RCP 4.5 Climate Model"
"geoId/72005","","Aguadilla Municipio","DifferenceRelativeToBaseDate2006_Max_Temperature_RCP45","2065-03","NASA_NEXGDDP_Subnational_AggrDiffStats","https://www.nccs.nasa.gov/services/data-collections/land-based-products/nex-gddp","","Celsius","C",0.887055,"Maximum Temperature Projections Compared to 2006 for the RCP 4.5 Climate Model"
"geoId/72005","","Aguadilla Municipio","DifferenceRelativeToBaseDate2006_Max_Temperature_RCP45","2065-04","NASA_NEXGDDP_Subnational_AggrDiffStats","https://www.nccs.nasa.gov/services/data-collections/land-based-products/nex-gddp","","Celsius","C",5.931395,"Maximum Temperature Projections Compared to 2006 for the RCP 4.5 Climate Model"
"geoId/72005","","Aguadilla Municipio","DifferenceRelativeToBaseDate2006_Max_Temperature_RCP45","2065-05","NASA_NEXGDDP_Subnational_AggrDiffStats","https://www.nccs.nasa.gov/services/data-collections/land-based-products/nex-gddp","","Celsius","C",4.671659,"Maximum Temperature Projections Compared to 2006 for the RCP 4.5 Climate Model"
"geoId/72005","","Aguadilla Municipio","DifferenceRelativeToBaseDate2006_Max_Temperature_RCP45","2065-06","NASA_NEXGDDP_Subnational_AggrDiffStats","https://www.nccs.nasa.gov/services/data-collections/land-based-products/nex-gddp","","Celsius","C",1.850585,"Maximum Temperature Projections Compared to 2006 for the RCP 4.5 Climate Model"
"geoId/72005","","Aguadilla Municipio","DifferenceRelativeToBaseDate2006_Max_Temperature_RCP45","2065-07","NASA_NEXGDDP_Subnational_AggrDiffStats","https://www.nccs.nasa.gov/services/data-collections/land-based-products/nex-gddp","","Celsius","C",3.265228,"Maximum Temperature Projections Compared to 2006 for the RCP 4.5 Climate Model"
"geoId/72005","","Aguadilla Municipio","DifferenceRelativeToBaseDate2006_Max_Temperature_RCP45","2065-08","NASA_NEXGDDP_Subnational_AggrDiffStats","https://www.nccs.nasa.gov/services/data-collections/land-based-products/nex-gddp","","Celsius","C",3.283477,"Maximum Temperature Projections Compared to 2006 for the RCP 4.5 Climate Model"
"geoId/72005","","Aguadilla Municipio","DifferenceRelativeToBaseDate2006_Max_Temperature_RCP45","2065-09","NASA_NEXGDDP_Subnational_AggrDiffStats","https://www.nccs.nasa.gov/services/data-collections/land-based-products/nex-gddp","","Celsius","C",0.309936999999998,"Maximum Temperature Projections Compared to 2006 for the RCP 4.5 Climate Model"
"geoId/72005","","Aguadilla Municipio","DifferenceRelativeToBaseDate2006_Max_Temperature_RCP45","2065-10","NASA_NEXGDDP_Subnational_AggrDiffStats","https://www.nccs.nasa.gov/services/data-collections/land-based-products/nex-gddp","","Celsius","C",1.807892,"Maximum Temperature Projections Compared to 2006 for the RCP 4.5 Climate Model"
"geoId/72005","","Aguadilla Municipio","DifferenceRelativeToBaseDate2006_Max_Temperature_RCP45","2065-11","NASA_NEXGDDP_Subnational_AggrDiffStats","https://www.nccs.nasa.gov/services/data-collections/land-based-products/nex-gddp","","Celsius","C",2.698332,"Maximum Temperature Projections Compared to 2006 for the RCP 4.5 Climate Model"
"geoId/72005","","Aguadilla Municipio","DifferenceRelativeToBaseDate2006_Max_Temperature_RCP45","2065-12","NASA_NEXGDDP_Subnational_AggrDiffStats","https://www.nccs.nasa.gov/services/data-collections/land-based-products/nex-gddp","","Celsius","C",2.073698,"Maximum Temperature Projections Compared to 2006 for the RCP 4.5 Climate Model"
"geoId/72005","","Aguadilla Municipio","DifferenceRelativeToBaseDate2006_Max_Temperature_RCP45","2066-01","NASA_NEXGDDP_Subnational_AggrDiffStats","https://www.nccs.nasa.gov/services/data-collections/land-based-products/nex-gddp","","Celsius","C",1.667999,"Maximum Temperature Projections Compared to 2006 for the RCP 4.5 Climate Model"
"geoId/72005","","Aguadilla Municipio","DifferenceRelativeToBaseDate2006_Max_Temperature_RCP45","2066-02","NASA_NEXGDDP_Subnational_AggrDiffStats","https://www.nccs.nasa.gov/services/data-collections/land-based-products/nex-gddp","","Celsius","C",4.200407,"Maximum Temperature Projections Compared to 2006 for the RCP 4.5 Climate Model"
"geoId/72005","","Aguadilla Municipio","DifferenceRelativeToBaseDate2006_Max_Temperature_RCP45","2066-03","NASA_NEXGDDP_Subnational_AggrDiffStats","https://www.nccs.nasa.gov/services/data-collections/land-based-products/nex-gddp","","Celsius","C",3.134123,"Maximum Temperature Projections Compared to 2006 for the RCP 4.5 Climate Model"
"geoId/72005","","Aguadilla Municipio","DifferenceRelativeToBaseDate2006_Max_Temperature_RCP45","2066-04","NASA_NEXGDDP_Subnational_AggrDiffStats","https://www.nccs.nasa.gov/services/data-collections/land-based-products/nex-gddp","","Celsius","C",2.289092,"Maximum Temperature Projections Compared to 2006 for the RCP 4.5 Climate Model"
"geoId/72005","","Aguadilla Municipio","DifferenceRelativeToBaseDate2006_Max_Temperature_RCP45","2066-05","NASA_NEXGDDP_Subnational_AggrDiffStats","https://www.nccs.nasa.gov/services/data-collections/land-based-products/nex-gddp","","Celsius","C",2.048368,"Maximum Temperature Projections Compared to 2006 for the RCP 4.5 Climate Model"
"geoId/72005","","Aguadilla Municipio","DifferenceRelativeToBaseDate2006_Max_Temperature_RCP45","2066-06","NASA_NEXGDDP_Subnational_AggrDiffStats","https://www.nccs.nasa.gov/services/data-collections/land-based-products/nex-gddp","","Celsius","C",1.461944,"Maximum Temperature Projections Compared to 2006 for the RCP 4.5 Climate Model"
"geoId/72005","","Aguadilla Municipio","DifferenceRelativeToBaseDate2006_Max_Temperature_RCP45","2066-07","NASA_NEXGDDP_Subnational_AggrDiffStats","https://www.nccs.nasa.gov/services/data-collections/land-based-products/nex-gddp","","Celsius","C",2.568603,"Maximum Temperature Projections Compared to 2006 for the RCP 4.5 Climate Model"
"geoId/72005","","Aguadilla Municipio","DifferenceRelativeToBaseDate2006_Max_Temperature_RCP45","2066-08","NASA_NEXGDDP_Subnational_AggrDiffStats","https://www.nccs.nasa.gov/services/data-collections/land-based-products/nex-gddp","","Celsius","C",2.67669600000001,"Maximum Temperature Projections Compared to 2006 for the RCP 4.5 Climate Model"
"geoId/72005","","Aguadilla Municipio","DifferenceRelativeToBaseDate2006_Max_Temperature_RCP45","2066-09","NASA_NEXGDDP_Subnational_AggrDiffStats","https://www.nccs.nasa.gov/services/data-collections/land-based-products/nex-gddp","","Celsius","C",0.441132000000003,"Maximum Temperature Projections Compared to 2006 for the RCP 4.5 Climate Model"
"geoId/72005","","Aguadilla Municipio","DifferenceRelativeToBaseDate2006_Max_Temperature_RCP45","2066-10","NASA_NEXGDDP_Subnational_AggrDiffStats","https://www.nccs.nasa.gov/services/data-collections/land-based-products/nex-gddp","","Celsius","C",1.134918,"Maximum Temperature Projections Compared to 2006 for the RCP 4.5 Climate Model"
"geoId/72005","","Aguadilla Municipio","DifferenceRelativeToBaseDate2006_Max_Temperature_RCP45","2066-11","NASA_NEXGDDP_Subnational_AggrDiffStats","https://www.nccs.nasa.gov/services/data-collections/land-based-products/nex-gddp","","Celsius","C",0.642576000000002,"Maximum Temperature Projections Compared to 2006 for the RCP 4.5 Climate Model"
"geoId/72005","","Aguadilla Municipio","DifferenceRelativeToBaseDate2006_Max_Temperature_RCP45","2066-12","NASA_NEXGDDP_Subnational_AggrDiffStats","https://www.nccs.nasa.gov/services/data-collections/land-based-products/nex-gddp","","Celsius","C",0.714812999999999,"Maximum Temperature Projections Compared to 2006 for the RCP 4.5 Climate Model"
"geoId/72005","","Aguadilla Municipio","DifferenceRelativeToBaseDate2006_Max_Temperature_RCP45","2067-01","NASA_NEXGDDP_Subnational_AggrDiffStats","https://www.nccs.nasa.gov/services/data-collections/land-based-products/nex-gddp","","Celsius","C",1.241303,"Maximum Temperature Projections Compared to 2006 for the RCP 4.5 Climate Model"
"geoId/72005","","Aguadilla Municipio","DifferenceRelativeToBaseDate2006_Max_Temperature_RCP45","2067-02","NASA_NEXGDDP_Subnational_AggrDiffStats","https://www.nccs.nasa.gov/services/data-collections/land-based-products/nex-gddp","","Celsius","C",1.058105,"Maximum Temperature Projections Compared to 2006 for the RCP 4.5 Climate Model"
"geoId/72005","","Aguadilla Municipio","DifferenceRelativeToBaseDate2006_Max_Temperature_RCP45","2067-03","NASA_NEXGDDP_Subnational_AggrDiffStats","https://www.nccs.nasa.gov/services/data-collections/land-based-products/nex-gddp","","Celsius","C",2.194243,"Maximum Temperature Projections Compared to 2006 for the RCP 4.5 Climate Model"
"geoId/72005","","Aguadilla Municipio","DifferenceRelativeToBaseDate2006_Max_Temperature_RCP45","2067-04","NASA_NEXGDDP_Subnational_AggrDiffStats","https://www.nccs.nasa.gov/services/data-collections/land-based-products/nex-gddp","","Celsius","C",2.256316,"Maximum Temperature Projections Compared to 2006 for the RCP 4.5 Climate Model"
"geoId/72005","","Aguadilla Municipio","DifferenceRelativeToBaseDate2006_Max_Temperature_RCP45","2067-05","NASA_NEXGDDP_Subnational_AggrDiffStats","https://www.nccs.nasa.gov/services/data-collections/land-based-products/nex-gddp","","Celsius","C",2.004484,"Maximum Temperature Projections Compared to 2006 for the RCP 4.5 Climate Model"
"geoId/72005","","Aguadilla Municipio","DifferenceRelativeToBaseDate2006_Max_Temperature_RCP45","2067-06","NASA_NEXGDDP_Subnational_AggrDiffStats","https://www.nccs.nasa.gov/services/data-collections/land-based-products/nex-gddp","","Celsius","C",2.540191,"Maximum Temperature Projections Compared to 2006 for the RCP 4.5 Climate Model"
"geoId/72005","","Aguadilla Municipio","DifferenceRelativeToBaseDate2006_Max_Temperature_RCP45","2067-07","NASA_NEXGDDP_Subnational_AggrDiffStats","https://www.nccs.nasa.gov/services/data-collections/land-based-products/nex-gddp","","Celsius","C",1.154877,"Maximum Temperature Projections Compared to 2006 for the RCP 4.5 Climate Model"
"geoId/72005","","Aguadilla Municipio","DifferenceRelativeToBaseDate2006_Max_Temperature_RCP45","2067-08","NASA_NEXGDDP_Subnational_AggrDiffStats","https://www.nccs.nasa.gov/services/data-collections/land-based-products/nex-gddp","","Celsius","C",1.23257400000001,"Maximum Temperature Projections Compared to 2006 for the RCP 4.5 Climate Model"
"geoId/72005","","Aguadilla Municipio","DifferenceRelativeToBaseDate2006_Max_Temperature_RCP45","2067-09","NASA_NEXGDDP_Subnational_AggrDiffStats","https://www.nccs.nasa.gov/services/data-collections/land-based-products/nex-gddp","","Celsius","C",-0.775939999999999,"Maximum Temperature Projections Compared to 2006 for the RCP 4.5 Climate Model"
"geoId/72005","","Aguadilla Municipio","DifferenceRelativeToBaseDate2006_Max_Temperature_RCP45","2067-10","NASA_NEXGDDP_Subnational_AggrDiffStats","https://www.nccs.nasa.gov/services/data-collections/land-based-products/nex-gddp","","Celsius","C",1.94455,"Maximum Temperature Projections Compared to 2006 for the RCP 4.5 Climate Model"
"geoId/72005","","Aguadilla Municipio","DifferenceRelativeToBaseDate2006_Max_Temperature_RCP45","2067-11","NASA_NEXGDDP_Subnational_AggrDiffStats","https://www.nccs.nasa.gov/services/data-collections/land-based-products/nex-gddp","","Celsius","C",2.351744,"Maximum Temperature Projections Compared to 2006 for the RCP 4.5 Climate Model"
"geoId/72005","","Aguadilla Municipio","DifferenceRelativeToBaseDate2006_Max_Temperature_RCP45","2067-12","NASA_NEXGDDP_Subnational_AggrDiffStats","https://www.nccs.nasa.gov/services/data-collections/land-based-products/nex-gddp","","Celsius","C",3.475981,"Maximum Temperature Projections Compared to 2006 for the RCP 4.5 Climate Model"
"geoId/72005","","Aguadilla Municipio","DifferenceRelativeToBaseDate2006_Max_Temperature_RCP45","2068-01","NASA_NEXGDDP_Subnational_AggrDiffStats","https://www.nccs.nasa.gov/services/data-collections/land-based-products/nex-gddp","","Celsius","C",2.591307,"Maximum Temperature Projections Compared to 2006 for the RCP 4.5 Climate Model"
"geoId/72005","","Aguadilla Municipio","DifferenceRelativeToBaseDate2006_Max_Temperature_RCP45","2068-02","NASA_NEXGDDP_Subnational_AggrDiffStats","https://www.nccs.nasa.gov/services/data-collections/land-based-products/nex-gddp","","Celsius","C",6.308958,"Maximum Temperature Projections Compared to 2006 for the RCP 4.5 Climate Model"
"geoId/72005","","Aguadilla Municipio","DifferenceRelativeToBaseDate2006_Max_Temperature_RCP45","2068-03","NASA_NEXGDDP_Subnational_AggrDiffStats","https://www.nccs.nasa.gov/services/data-collections/land-based-products/nex-gddp","","Celsius","C",3.538908,"Maximum Temperature Projections Compared to 2006 for the RCP 4.5 Climate Model"
"geoId/72005","","Aguadilla Municipio","DifferenceRelativeToBaseDate2006_Max_Temperature_RCP45","2068-04","NASA_NEXGDDP_Subnational_AggrDiffStats","https://www.nccs.nasa.gov/services/data-collections/land-based-products/nex-gddp","","Celsius","C",1.843871,"Maximum Temperature Projections Compared to 2006 for the RCP 4.5 Climate Model"
"geoId/72005","","Aguadilla Municipio","DifferenceRelativeToBaseDate2006_Max_Temperature_RCP45","2068-05","NASA_NEXGDDP_Subnational_AggrDiffStats","https://www.nccs.nasa.gov/services/data-collections/land-based-products/nex-gddp","","Celsius","C",1.638303,"Maximum Temperature Projections Compared to 2006 for the RCP 4.5 Climate Model"
"geoId/72005","","Aguadilla Municipio","DifferenceRelativeToBaseDate2006_Max_Temperature_RCP45","2068-06","NASA_NEXGDDP_Subnational_AggrDiffStats","https://www.nccs.nasa.gov/services/data-collections/land-based-products/nex-gddp","","Celsius","C",2.68341,"Maximum Temperature Projections Compared to 2006 for the RCP 4.5 Climate Model"
"geoId/72005","","Aguadilla Municipio","DifferenceRelativeToBaseDate2006_Max_Temperature_RCP45","2068-07","NASA_NEXGDDP_Subnational_AggrDiffStats","https://www.nccs.nasa.gov/services/data-collections/land-based-products/nex-gddp","","Celsius","C",1.449188,"Maximum Temperature Projections Compared to 2006 for the RCP 4.5 Climate Model"
"geoId/72005","","Aguadilla Municipio","DifferenceRelativeToBaseDate2006_Max_Temperature_RCP45","2068-08","NASA_NEXGDDP_Subnational_AggrDiffStats","https://www.nccs.nasa.gov/services/data-collections/land-based-products/nex-gddp","","Celsius","C",2.216369,"Maximum Temperature Projections Compared to 2006 for the RCP 4.5 Climate Model"
"geoId/72005","","Aguadilla Municipio","DifferenceRelativeToBaseDate2006_Max_Temperature_RCP45","2068-09","NASA_NEXGDDP_Subnational_AggrDiffStats","https://www.nccs.nasa.gov/services/data-collections/land-based-products/nex-gddp","","Celsius","C",1.513367,"Maximum Temperature Projections Compared to 2006 for the RCP 4.5 Climate Model"
"geoId/72005","","Aguadilla Municipio","DifferenceRelativeToBaseDate2006_Max_Temperature_RCP45","2068-10","NASA_NEXGDDP_Subnational_AggrDiffStats","https://www.nccs.nasa.gov/services/data-collections/land-based-products/nex-gddp","","Celsius","C",3.04538,"Maximum Temperature Projections Compared to 2006 for the RCP 4.5 Climate Model"
"geoId/72005","","Aguadilla Municipio","DifferenceRelativeToBaseDate2006_Max_Temperature_RCP45","2068-11","NASA_NEXGDDP_Subnational_AggrDiffStats","https://www.nccs.nasa.gov/services/data-collections/land-based-products/nex-gddp","","Celsius","C",2.823149,"Maximum Temperature Projections Compared to 2006 for the RCP 4.5 Climate Model"
"geoId/72005","","Aguadilla Municipio","DifferenceRelativeToBaseDate2006_Max_Temperature_RCP45","2068-12","NASA_NEXGDDP_Subnational_AggrDiffStats","https://www.nccs.nasa.gov/services/data-collections/land-based-products/nex-gddp","","Celsius","C",2.232115,"Maximum Temperature Projections Compared to 2006 for the RCP 4.5 Climate Model"
"geoId/72005","","Aguadilla Municipio","DifferenceRelativeToBaseDate2006_Max_Temperature_RCP45","2069-01","NASA_NEXGDDP_Subnational_AggrDiffStats","https://www.nccs.nasa.gov/services/data-collections/land-based-products/nex-gddp","","Celsius","C",1.387848,"Maximum Temperature Projections Compared to 2006 for the RCP 4.5 Climate Model"
"geoId/72005","","Aguadilla Municipio","DifferenceRelativeToBaseDate2006_Max_Temperature_RCP45","2069-02","NASA_NEXGDDP_Subnational_AggrDiffStats","https://www.nccs.nasa.gov/services/data-collections/land-based-products/nex-gddp","","Celsius","C",4.292692,"Maximum Temperature Projections Compared to 2006 for the RCP 4.5 Climate Model"
"geoId/72005","","Aguadilla Municipio","DifferenceRelativeToBaseDate2006_Max_Temperature_RCP45","2069-03","NASA_NEXGDDP_Subnational_AggrDiffStats","https://www.nccs.nasa.gov/services/data-collections/land-based-products/nex-gddp","","Celsius","C",1.267393,"Maximum Temperature Projections Compared to 2006 for the RCP 4.5 Climate Model"
"geoId/72005","","Aguadilla Municipio","DifferenceRelativeToBaseDate2006_Max_Temperature_RCP45","2069-04","NASA_NEXGDDP_Subnational_AggrDiffStats","https://www.nccs.nasa.gov/services/data-collections/land-based-products/nex-gddp","","Celsius","C",2.155089,"Maximum Temperature Projections Compared to 2006 for the RCP 4.5 Climate Model"
"geoId/72005","","Aguadilla Municipio","DifferenceRelativeToBaseDate2006_Max_Temperature_RCP45","2069-05","NASA_NEXGDDP_Subnational_AggrDiffStats","https://www.nccs.nasa.gov/services/data-collections/land-based-products/nex-gddp","","Celsius","C",1.156187,"Maximum Temperature Projections Compared to 2006 for the RCP 4.5 Climate Model"
"geoId/72005","","Aguadilla Municipio","DifferenceRelativeToBaseDate2006_Max_Temperature_RCP45","2069-06","NASA_NEXGDDP_Subnational_AggrDiffStats","https://www.nccs.nasa.gov/services/data-collections/land-based-products/nex-gddp","","Celsius","C",0.346954000000004,"Maximum Temperature Projections Compared to 2006 for the RCP 4.5 Climate Model"
"geoId/72005","","Aguadilla Municipio","DifferenceRelativeToBaseDate2006_Max_Temperature_RCP45","2069-07","NASA_NEXGDDP_Subnational_AggrDiffStats","https://www.nccs.nasa.gov/services/data-collections/land-based-products/nex-gddp","","Celsius","C",-0.0728760000000008,"Maximum Temperature Projections Compared to 2006 for the RCP 4.5 Climate Model"
"geoId/72005","","Aguadilla Municipio","DifferenceRelativeToBaseDate2006_Max_Temperature_RCP45","2069-08","NASA_NEXGDDP_Subnational_AggrDiffStats","https://www.nccs.nasa.gov/services/data-collections/land-based-products/nex-gddp","","Celsius","C",0.423614000000001,"Maximum Temperature Projections Compared to 2006 for the RCP 4.5 Climate Model"
"geoId/72005","","Aguadilla Municipio","DifferenceRelativeToBaseDate2006_Max_Temperature_RCP45","2069-09","NASA_NEXGDDP_Subnational_AggrDiffStats","https://www.nccs.nasa.gov/services/data-collections/land-based-products/nex-gddp","","Celsius","C",-1.370086,"Maximum Temperature Projections Compared to 2006 for the RCP 4.5 Climate Model"
"geoId/72005","","Aguadilla Municipio","DifferenceRelativeToBaseDate2006_Max_Temperature_RCP45","2069-10","NASA_NEXGDDP_Subnational_AggrDiffStats","https://www.nccs.nasa.gov/services/data-collections/land-based-products/nex-gddp","","Celsius","C",1.822174,"Maximum Temperature Projections Compared to 2006 for the RCP 4.5 Climate Model"
"geoId/72005","","Aguadilla Municipio","DifferenceRelativeToBaseDate2006_Max_Temperature_RCP45","2069-11","NASA_NEXGDDP_Subnational_AggrDiffStats","https://www.nccs.nasa.gov/services/data-collections/land-based-products/nex-gddp","","Celsius","C",0.802336,"Maximum Temperature Projections Compared to 2006 for the RCP 4.5 Climate Model"
"geoId/72005","","Aguadilla Municipio","DifferenceRelativeToBaseDate2006_Max_Temperature_RCP45","2069-12","NASA_NEXGDDP_Subnational_AggrDiffStats","https://www.nccs.nasa.gov/services/data-collections/land-based-products/nex-gddp","","Celsius","C",2.099852,"Maximum Temperature Projections Compared to 2006 for the RCP 4.5 Climate Model"
"geoId/72005","","Aguadilla Municipio","DifferenceRelativeToBaseDate2006_Max_Temperature_RCP45","2070-01","NASA_NEXGDDP_Subnational_AggrDiffStats","https://www.nccs.nasa.gov/services/data-collections/land-based-products/nex-gddp","","Celsius","C",0.932403999999998,"Maximum Temperature Projections Compared to 2006 for the RCP 4.5 Climate Model"
"geoId/72005","","Aguadilla Municipio","DifferenceRelativeToBaseDate2006_Max_Temperature_RCP45","2070-02","NASA_NEXGDDP_Subnational_AggrDiffStats","https://www.nccs.nasa.gov/services/data-collections/land-based-products/nex-gddp","","Celsius","C",1.698028,"Maximum Temperature Projections Compared to 2006 for the RCP 4.5 Climate Model"
"geoId/72005","","Aguadilla Municipio","DifferenceRelativeToBaseDate2006_Max_Temperature_RCP45","2070-03","NASA_NEXGDDP_Subnational_AggrDiffStats","https://www.nccs.nasa.gov/services/data-collections/land-based-products/nex-gddp","","Celsius","C",1.528777,"Maximum Temperature Projections Compared to 2006 for the RCP 4.5 Climate Model"
"geoId/72005","","Aguadilla Municipio","DifferenceRelativeToBaseDate2006_Max_Temperature_RCP45","2070-04","NASA_NEXGDDP_Subnational_AggrDiffStats","https://www.nccs.nasa.gov/services/data-collections/land-based-products/nex-gddp","","Celsius","C",2.686156,"Maximum Temperature Projections Compared to 2006 for the RCP 4.5 Climate Model"
"geoId/72005","","Aguadilla Municipio","DifferenceRelativeToBaseDate2006_Max_Temperature_RCP45","2070-05","NASA_NEXGDDP_Subnational_AggrDiffStats","https://www.nccs.nasa.gov/services/data-collections/land-based-products/nex-gddp","","Celsius","C",3.519926,"Maximum Temperature Projections Compared to 2006 for the RCP 4.5 Climate Model"
"geoId/72005","","Aguadilla Municipio","DifferenceRelativeToBaseDate2006_Max_Temperature_RCP45","2070-06","NASA_NEXGDDP_Subnational_AggrDiffStats","https://www.nccs.nasa.gov/services/data-collections/land-based-products/nex-gddp","","Celsius","C",1.83673,"Maximum Temperature Projections Compared to 2006 for the RCP 4.5 Climate Model"
"geoId/72005","","Aguadilla Municipio","DifferenceRelativeToBaseDate2006_Max_Temperature_RCP45","2070-07","NASA_NEXGDDP_Subnational_AggrDiffStats","https://www.nccs.nasa.gov/services/data-collections/land-based-products/nex-gddp","","Celsius","C",1.826965,"Maximum Temperature Projections Compared to 2006 for the RCP 4.5 Climate Model"
"geoId/72005","","Aguadilla Municipio","DifferenceRelativeToBaseDate2006_Max_Temperature_RCP45","2070-08","NASA_NEXGDDP_Subnational_AggrDiffStats","https://www.nccs.nasa.gov/services/data-collections/land-based-products/nex-gddp","","Celsius","C",1.95910600000001,"Maximum Temperature Projections Compared to 2006 for the RCP 4.5 Climate Model"
"geoId/72005","","Aguadilla Municipio","DifferenceRelativeToBaseDate2006_Max_Temperature_RCP45","2070-09","NASA_NEXGDDP_Subnational_AggrDiffStats","https://www.nccs.nasa.gov/services/data-collections/land-based-products/nex-gddp","","Celsius","C",0.205871999999999,"Maximum Temperature Projections Compared to 2006 for the RCP 4.5 Climate Model"
"geoId/72005","","Aguadilla Municipio","DifferenceRelativeToBaseDate2006_Max_Temperature_RCP45","2070-10","NASA_NEXGDDP_Subnational_AggrDiffStats","https://www.nccs.nasa.gov/services/data-collections/land-based-products/nex-gddp","","Celsius","C",1.489777,"Maximum Temperature Projections Compared to 2006 for the RCP 4.5 Climate Model"
"geoId/72005","","Aguadilla Municipio","DifferenceRelativeToBaseDate2006_Max_Temperature_RCP45","2070-11","NASA_NEXGDDP_Subnational_AggrDiffStats","https://www.nccs.nasa.gov/services/data-collections/land-based-products/nex-gddp","","Celsius","C",2.339964,"Maximum Temperature Projections Compared to 2006 for the RCP 4.5 Climate Model"
"geoId/72005","","Aguadilla Municipio","DifferenceRelativeToBaseDate2006_Max_Temperature_RCP45","2070-12","NASA_NEXGDDP_Subnational_AggrDiffStats","https://www.nccs.nasa.gov/services/data-collections/land-based-products/nex-gddp","","Celsius","C",2.866453,"Maximum Temperature Projections Compared to 2006 for the RCP 4.5 Climate Model"
"geoId/72005","","Aguadilla Municipio","DifferenceRelativeToBaseDate2006_Max_Temperature_RCP45","2071-01","NASA_NEXGDDP_Subnational_AggrDiffStats","https://www.nccs.nasa.gov/services/data-collections/land-based-products/nex-gddp","","Celsius","C",1.635559,"Maximum Temperature Projections Compared to 2006 for the RCP 4.5 Climate Model"
"geoId/72005","","Aguadilla Municipio","DifferenceRelativeToBaseDate2006_Max_Temperature_RCP45","2071-02","NASA_NEXGDDP_Subnational_AggrDiffStats","https://www.nccs.nasa.gov/services/data-collections/land-based-products/nex-gddp","","Celsius","C",4.797605,"Maximum Temperature Projections Compared to 2006 for the RCP 4.5 Climate Model"
"geoId/72005","","Aguadilla Municipio","DifferenceRelativeToBaseDate2006_Max_Temperature_RCP45","2071-03","NASA_NEXGDDP_Subnational_AggrDiffStats","https://www.nccs.nasa.gov/services/data-collections/land-based-products/nex-gddp","","Celsius","C",4.530577,"Maximum Temperature Projections Compared to 2006 for the RCP 4.5 Climate Model"
"geoId/72005","","Aguadilla Municipio","DifferenceRelativeToBaseDate2006_Max_Temperature_RCP45","2071-04","NASA_NEXGDDP_Subnational_AggrDiffStats","https://www.nccs.nasa.gov/services/data-collections/land-based-products/nex-gddp","","Celsius","C",5.789519,"Maximum Temperature Projections Compared to 2006 for the RCP 4.5 Climate Model"
"geoId/72005","","Aguadilla Municipio","DifferenceRelativeToBaseDate2006_Max_Temperature_RCP45","2071-05","NASA_NEXGDDP_Subnational_AggrDiffStats","https://www.nccs.nasa.gov/services/data-collections/land-based-products/nex-gddp","","Celsius","C",3.092252,"Maximum Temperature Projections Compared to 2006 for the RCP 4.5 Climate Model"
"geoId/72005","","Aguadilla Municipio","DifferenceRelativeToBaseDate2006_Max_Temperature_RCP45","2071-06","NASA_NEXGDDP_Subnational_AggrDiffStats","https://www.nccs.nasa.gov/services/data-collections/land-based-products/nex-gddp","","Celsius","C",2.23641900000001,"Maximum Temperature Projections Compared to 2006 for the RCP 4.5 Climate Model"
"geoId/72005","","Aguadilla Municipio","DifferenceRelativeToBaseDate2006_Max_Temperature_RCP45","2071-07","NASA_NEXGDDP_Subnational_AggrDiffStats","https://www.nccs.nasa.gov/services/data-collections/land-based-products/nex-gddp","","Celsius","C",2.190063,"Maximum Temperature Projections Compared to 2006 for the RCP 4.5 Climate Model"
"geoId/72005","","Aguadilla Municipio","DifferenceRelativeToBaseDate2006_Max_Temperature_RCP45","2071-08","NASA_NEXGDDP_Subnational_AggrDiffStats","https://www.nccs.nasa.gov/services/data-collections/land-based-products/nex-gddp","","Celsius","C",1.720916,"Maximum Temperature Projections Compared to 2006 for the RCP 4.5 Climate Model"
"geoId/72005","","Aguadilla Municipio","DifferenceRelativeToBaseDate2006_Max_Temperature_RCP45","2071-09","NASA_NEXGDDP_Subnational_AggrDiffStats","https://www.nccs.nasa.gov/services/data-collections/land-based-products/nex-gddp","","Celsius","C",1.568756,"Maximum Temperature Projections Compared to 2006 for the RCP 4.5 Climate Model"
"geoId/72005","","Aguadilla Municipio","DifferenceRelativeToBaseDate2006_Max_Temperature_RCP45","2071-10","NASA_NEXGDDP_Subnational_AggrDiffStats","https://www.nccs.nasa.gov/services/data-collections/land-based-products/nex-gddp","","Celsius","C",3.277375,"Maximum Temperature Projections Compared to 2006 for the RCP 4.5 Climate Model"
"geoId/72005","","Aguadilla Municipio","DifferenceRelativeToBaseDate2006_Max_Temperature_RCP45","2071-11","NASA_NEXGDDP_Subnational_AggrDiffStats","https://www.nccs.nasa.gov/services/data-collections/land-based-products/nex-gddp","","Celsius","C",2.273314,"Maximum Temperature Projections Compared to 2006 for the RCP 4.5 Climate Model"
"geoId/72005","","Aguadilla Municipio","DifferenceRelativeToBaseDate2006_Max_Temperature_RCP45","2071-12","NASA_NEXGDDP_Subnational_AggrDiffStats","https://www.nccs.nasa.gov/services/data-collections/land-based-products/nex-gddp","","Celsius","C",3.428496,"Maximum Temperature Projections Compared to 2006 for the RCP 4.5 Climate Model"
"geoId/72005","","Aguadilla Municipio","DifferenceRelativeToBaseDate2006_Max_Temperature_RCP45","2072-01","NASA_NEXGDDP_Subnational_AggrDiffStats","https://www.nccs.nasa.gov/services/data-collections/land-based-products/nex-gddp","","Celsius","C",3.576811,"Maximum Temperature Projections Compared to 2006 for the RCP 4.5 Climate Model"
"geoId/72005","","Aguadilla Municipio","DifferenceRelativeToBaseDate2006_Max_Temperature_RCP45","2072-02","NASA_NEXGDDP_Subnational_AggrDiffStats","https://www.nccs.nasa.gov/services/data-collections/land-based-products/nex-gddp","","Celsius","C",2.759733,"Maximum Temperature Projections Compared to 2006 for the RCP 4.5 Climate Model"
"geoId/72005","","Aguadilla Municipio","DifferenceRelativeToBaseDate2006_Max_Temperature_RCP45","2072-03","NASA_NEXGDDP_Subnational_AggrDiffStats","https://www.nccs.nasa.gov/services/data-collections/land-based-products/nex-gddp","","Celsius","C",2.358061,"Maximum Temperature Projections Compared to 2006 for the RCP 4.5 Climate Model"
"geoId/72005","","Aguadilla Municipio","DifferenceRelativeToBaseDate2006_Max_Temperature_RCP45","2072-04","NASA_NEXGDDP_Subnational_AggrDiffStats","https://www.nccs.nasa.gov/services/data-collections/land-based-products/nex-gddp","","Celsius","C",2.820738,"Maximum Temperature Projections Compared to 2006 for the RCP 4.5 Climate Model"
"geoId/72005","","Aguadilla Municipio","DifferenceRelativeToBaseDate2006_Max_Temperature_RCP45","2072-05","NASA_NEXGDDP_Subnational_AggrDiffStats","https://www.nccs.nasa.gov/services/data-collections/land-based-products/nex-gddp","","Celsius","C",3.081541,"Maximum Temperature Projections Compared to 2006 for the RCP 4.5 Climate Model"
"geoId/72005","","Aguadilla Municipio","DifferenceRelativeToBaseDate2006_Max_Temperature_RCP45","2072-06","NASA_NEXGDDP_Subnational_AggrDiffStats","https://www.nccs.nasa.gov/services/data-collections/land-based-products/nex-gddp","","Celsius","C",1.820129,"Maximum Temperature Projections Compared to 2006 for the RCP 4.5 Climate Model"
"geoId/72005","","Aguadilla Municipio","DifferenceRelativeToBaseDate2006_Max_Temperature_RCP45","2072-07","NASA_NEXGDDP_Subnational_AggrDiffStats","https://www.nccs.nasa.gov/services/data-collections/land-based-products/nex-gddp","","Celsius","C",2.326355,"Maximum Temperature Projections Compared to 2006 for the RCP 4.5 Climate Model"
"geoId/72005","","Aguadilla Municipio","DifferenceRelativeToBaseDate2006_Max_Temperature_RCP45","2072-08","NASA_NEXGDDP_Subnational_AggrDiffStats","https://www.nccs.nasa.gov/services/data-collections/land-based-products/nex-gddp","","Celsius","C",1.46844400000001,"Maximum Temperature Projections Compared to 2006 for the RCP 4.5 Climate Model"
"geoId/72005","","Aguadilla Municipio","DifferenceRelativeToBaseDate2006_Max_Temperature_RCP45","2072-09","NASA_NEXGDDP_Subnational_AggrDiffStats","https://www.nccs.nasa.gov/services/data-collections/land-based-products/nex-gddp","","Celsius","C",-0.159545999999999,"Maximum Temperature Projections Compared to 2006 for the RCP 4.5 Climate Model"
"geoId/72005","","Aguadilla Municipio","DifferenceRelativeToBaseDate2006_Max_Temperature_RCP45","2072-10","NASA_NEXGDDP_Subnational_AggrDiffStats","https://www.nccs.nasa.gov/services/data-collections/land-based-products/nex-gddp","","Celsius","C",1.083832,"Maximum Temperature Projections Compared to 2006 for the RCP 4.5 Climate Model"
"geoId/72005","","Aguadilla Municipio","DifferenceRelativeToBaseDate2006_Max_Temperature_RCP45","2072-11","NASA_NEXGDDP_Subnational_AggrDiffStats","https://www.nccs.nasa.gov/services/data-collections/land-based-products/nex-gddp","","Celsius","C",1.407683,"Maximum Temperature Projections Compared to 2006 for the RCP 4.5 Climate Model"
"geoId/72005","","Aguadilla Municipio","DifferenceRelativeToBaseDate2006_Max_Temperature_RCP45","2072-12","NASA_NEXGDDP_Subnational_AggrDiffStats","https://www.nccs.nasa.gov/services/data-collections/land-based-products/nex-gddp","","Celsius","C",1.408507,"Maximum Temperature Projections Compared to 2006 for the RCP 4.5 Climate Model"
"geoId/72005","","Aguadilla Municipio","DifferenceRelativeToBaseDate2006_Max_Temperature_RCP45","2073-01","NASA_NEXGDDP_Subnational_AggrDiffStats","https://www.nccs.nasa.gov/services/data-collections/land-based-products/nex-gddp","","Celsius","C",0.574310999999998,"Maximum Temperature Projections Compared to 2006 for the RCP 4.5 Climate Model"
"geoId/72005","","Aguadilla Municipio","DifferenceRelativeToBaseDate2006_Max_Temperature_RCP45","2073-02","NASA_NEXGDDP_Subnational_AggrDiffStats","https://www.nccs.nasa.gov/services/data-collections/land-based-products/nex-gddp","","Celsius","C",1.98413,"Maximum Temperature Projections Compared to 2006 for the RCP 4.5 Climate Model"
"geoId/72005","","Aguadilla Municipio","DifferenceRelativeToBaseDate2006_Max_Temperature_RCP45","2073-03","NASA_NEXGDDP_Subnational_AggrDiffStats","https://www.nccs.nasa.gov/services/data-collections/land-based-products/nex-gddp","","Celsius","C",1.504637,"Maximum Temperature Projections Compared to 2006 for the RCP 4.5 Climate Model"
"geoId/72005","","Aguadilla Municipio","DifferenceRelativeToBaseDate2006_Max_Temperature_RCP45","2073-04","NASA_NEXGDDP_Subnational_AggrDiffStats","https://www.nccs.nasa.gov/services/data-collections/land-based-products/nex-gddp","","Celsius","C",1.579405,"Maximum Temperature Projections Compared to 2006 for the RCP 4.5 Climate Model"
"geoId/72005","","Aguadilla Municipio","DifferenceRelativeToBaseDate2006_Max_Temperature_RCP45","2073-05","NASA_NEXGDDP_Subnational_AggrDiffStats","https://www.nccs.nasa.gov/services/data-collections/land-based-products/nex-gddp","","Celsius","C",1.920042,"Maximum Temperature Projections Compared to 2006 for the RCP 4.5 Climate Model"
"geoId/72005","","Aguadilla Municipio","DifferenceRelativeToBaseDate2006_Max_Temperature_RCP45","2073-06","NASA_NEXGDDP_Subnational_AggrDiffStats","https://www.nccs.nasa.gov/services/data-collections/land-based-products/nex-gddp","","Celsius","C",1.22512800000001,"Maximum Temperature Projections Compared to 2006 for the RCP 4.5 Climate Model"
"geoId/72005","","Aguadilla Municipio","DifferenceRelativeToBaseDate2006_Max_Temperature_RCP45","2073-07","NASA_NEXGDDP_Subnational_AggrDiffStats","https://www.nccs.nasa.gov/services/data-collections/land-based-products/nex-gddp","","Celsius","C",0.521545000000003,"Maximum Temperature Projections Compared to 2006 for the RCP 4.5 Climate Model"
"geoId/72005","","Aguadilla Municipio","DifferenceRelativeToBaseDate2006_Max_Temperature_RCP45","2073-08","NASA_NEXGDDP_Subnational_AggrDiffStats","https://www.nccs.nasa.gov/services/data-collections/land-based-products/nex-gddp","","Celsius","C",2.04443300000001,"Maximum Temperature Projections Compared to 2006 for the RCP 4.5 Climate Model"
"geoId/72005","","Aguadilla Municipio","DifferenceRelativeToBaseDate2006_Max_Temperature_RCP45","2073-09","NASA_NEXGDDP_Subnational_AggrDiffStats","https://www.nccs.nasa.gov/services/data-collections/land-based-products/nex-gddp","","Celsius","C",0.313752000000001,"Maximum Temperature Projections Compared to 2006 for the RCP 4.5 Climate Model"
"geoId/72005","","Aguadilla Municipio","DifferenceRelativeToBaseDate2006_Max_Temperature_RCP45","2073-10","NASA_NEXGDDP_Subnational_AggrDiffStats","https://www.nccs.nasa.gov/services/data-collections/land-based-products/nex-gddp","","Celsius","C",0.797485999999999,"Maximum Temperature Projections Compared to 2006 for the RCP 4.5 Climate Model"
"geoId/72005","","Aguadilla Municipio","DifferenceRelativeToBaseDate2006_Max_Temperature_RCP45","2073-11","NASA_NEXGDDP_Subnational_AggrDiffStats","https://www.nccs.nasa.gov/services/data-collections/land-based-products/nex-gddp","","Celsius","C",3.420744,"Maximum Temperature Projections Compared to 2006 for the RCP 4.5 Climate Model"
"geoId/72005","","Aguadilla Municipio","DifferenceRelativeToBaseDate2006_Max_Temperature_RCP45","2073-12","NASA_NEXGDDP_Subnational_AggrDiffStats","https://www.nccs.nasa.gov/services/data-collections/land-based-products/nex-gddp","","Celsius","C",2.386534,"Maximum Temperature Projections Compared to 2006 for the RCP 4.5 Climate Model"
"geoId/72005","","Aguadilla Municipio","DifferenceRelativeToBaseDate2006_Max_Temperature_RCP45","2074-01","NASA_NEXGDDP_Subnational_AggrDiffStats","https://www.nccs.nasa.gov/services/data-collections/land-based-products/nex-gddp","","Celsius","C",4.827543,"Maximum Temperature Projections Compared to 2006 for the RCP 4.5 Climate Model"
"geoId/72005","","Aguadilla Municipio","DifferenceRelativeToBaseDate2006_Max_Temperature_RCP45","2074-02","NASA_NEXGDDP_Subnational_AggrDiffStats","https://www.nccs.nasa.gov/services/data-collections/land-based-products/nex-gddp","","Celsius","C",2.70471,"Maximum Temperature Projections Compared to 2006 for the RCP 4.5 Climate Model"
"geoId/72005","","Aguadilla Municipio","DifferenceRelativeToBaseDate2006_Max_Temperature_RCP45","2074-03","NASA_NEXGDDP_Subnational_AggrDiffStats","https://www.nccs.nasa.gov/services/data-collections/land-based-products/nex-gddp","","Celsius","C",3.254149,"Maximum Temperature Projections Compared to 2006 for the RCP 4.5 Climate Model"
"geoId/72005","","Aguadilla Municipio","DifferenceRelativeToBaseDate2006_Max_Temperature_RCP45","2074-04","NASA_NEXGDDP_Subnational_AggrDiffStats","https://www.nccs.nasa.gov/services/data-collections/land-based-products/nex-gddp","","Celsius","C",2.424834,"Maximum Temperature Projections Compared to 2006 for the RCP 4.5 Climate Model"
"geoId/72005","","Aguadilla Municipio","DifferenceRelativeToBaseDate2006_Max_Temperature_RCP45","2074-05","NASA_NEXGDDP_Subnational_AggrDiffStats","https://www.nccs.nasa.gov/services/data-collections/land-based-products/nex-gddp","","Celsius","C",3.210661,"Maximum Temperature Projections Compared to 2006 for the RCP 4.5 Climate Model"
"geoId/72005","","Aguadilla Municipio","DifferenceRelativeToBaseDate2006_Max_Temperature_RCP45","2074-06","NASA_NEXGDDP_Subnational_AggrDiffStats","https://www.nccs.nasa.gov/services/data-collections/land-based-products/nex-gddp","","Celsius","C",2.890045,"Maximum Temperature Projections Compared to 2006 for the RCP 4.5 Climate Model"
"geoId/72005","","Aguadilla Municipio","DifferenceRelativeToBaseDate2006_Max_Temperature_RCP45","2074-07","NASA_NEXGDDP_Subnational_AggrDiffStats","https://www.nccs.nasa.gov/services/data-collections/land-based-products/nex-gddp","","Celsius","C",2.388641,"Maximum Temperature Projections Compared to 2006 for the RCP 4.5 Climate Model"
"geoId/72005","","Aguadilla Municipio","DifferenceRelativeToBaseDate2006_Max_Temperature_RCP45","2074-08","NASA_NEXGDDP_Subnational_AggrDiffStats","https://www.nccs.nasa.gov/services/data-collections/land-based-products/nex-gddp","","Celsius","C",3.491699,"Maximum Temperature Projections Compared to 2006 for the RCP 4.5 Climate Model"
"geoId/72005","","Aguadilla Municipio","DifferenceRelativeToBaseDate2006_Max_Temperature_RCP45","2074-09","NASA_NEXGDDP_Subnational_AggrDiffStats","https://www.nccs.nasa.gov/services/data-collections/land-based-products/nex-gddp","","Celsius","C",1.744782,"Maximum Temperature Projections Compared to 2006 for the RCP 4.5 Climate Model"
"geoId/72005","","Aguadilla Municipio","DifferenceRelativeToBaseDate2006_Max_Temperature_RCP45","2074-10","NASA_NEXGDDP_Subnational_AggrDiffStats","https://www.nccs.nasa.gov/services/data-collections/land-based-products/nex-gddp","","Celsius","C",2.155426,"Maximum Temperature Projections Compared to 2006 for the RCP 4.5 Climate Model"
"geoId/72005","","Aguadilla Municipio","DifferenceRelativeToBaseDate2006_Max_Temperature_RCP45","2074-11","NASA_NEXGDDP_Subnational_AggrDiffStats","https://www.nccs.nasa.gov/services/data-collections/land-based-products/nex-gddp","","Celsius","C",2.436522,"Maximum Temperature Projections Compared to 2006 for the RCP 4.5 Climate Model"
"geoId/72005","","Aguadilla Municipio","DifferenceRelativeToBaseDate2006_Max_Temperature_RCP45","2074-12","NASA_NEXGDDP_Subnational_AggrDiffStats","https://www.nccs.nasa.gov/services/data-collections/land-based-products/nex-gddp","","Celsius","C",4.159056,"Maximum Temperature Projections Compared to 2006 for the RCP 4.5 Climate Model"
"geoId/72005","","Aguadilla Municipio","DifferenceRelativeToBaseDate2006_Max_Temperature_RCP45","2075-01","NASA_NEXGDDP_Subnational_AggrDiffStats","https://www.nccs.nasa.gov/services/data-collections/land-based-products/nex-gddp","","Celsius","C",2.048399,"Maximum Temperature Projections Compared to 2006 for the RCP 4.5 Climate Model"
"geoId/72005","","Aguadilla Municipio","DifferenceRelativeToBaseDate2006_Max_Temperature_RCP45","2075-02","NASA_NEXGDDP_Subnational_AggrDiffStats","https://www.nccs.nasa.gov/services/data-collections/land-based-products/nex-gddp","","Celsius","C",2.505735,"Maximum Temperature Projections Compared to 2006 for the RCP 4.5 Climate Model"
"geoId/72005","","Aguadilla Municipio","DifferenceRelativeToBaseDate2006_Max_Temperature_RCP45","2075-03","NASA_NEXGDDP_Subnational_AggrDiffStats","https://www.nccs.nasa.gov/services/data-collections/land-based-products/nex-gddp","","Celsius","C",2.252409,"Maximum Temperature Projections Compared to 2006 for the RCP 4.5 Climate Model"
"geoId/72005","","Aguadilla Municipio","DifferenceRelativeToBaseDate2006_Max_Temperature_RCP45","2075-04","NASA_NEXGDDP_Subnational_AggrDiffStats","https://www.nccs.nasa.gov/services/data-collections/land-based-products/nex-gddp","","Celsius","C",3.773375,"Maximum Temperature Projections Compared to 2006 for the RCP 4.5 Climate Model"
"geoId/72005","","Aguadilla Municipio","DifferenceRelativeToBaseDate2006_Max_Temperature_RCP45","2075-05","NASA_NEXGDDP_Subnational_AggrDiffStats","https://www.nccs.nasa.gov/services/data-collections/land-based-products/nex-gddp","","Celsius","C",4.194608,"Maximum Temperature Projections Compared to 2006 for the RCP 4.5 Climate Model"
"geoId/72005","","Aguadilla Municipio","DifferenceRelativeToBaseDate2006_Max_Temperature_RCP45","2075-06","NASA_NEXGDDP_Subnational_AggrDiffStats","https://www.nccs.nasa.gov/services/data-collections/land-based-products/nex-gddp","","Celsius","C",3.35614,"Maximum Temperature Projections Compared to 2006 for the RCP 4.5 Climate Model"
"geoId/72005","","Aguadilla Municipio","DifferenceRelativeToBaseDate2006_Max_Temperature_RCP45","2075-07","NASA_NEXGDDP_Subnational_AggrDiffStats","https://www.nccs.nasa.gov/services/data-collections/land-based-products/nex-gddp","","Celsius","C",2.849792,"Maximum Temperature Projections Compared to 2006 for the RCP 4.5 Climate Model"
"geoId/72005","","Aguadilla Municipio","DifferenceRelativeToBaseDate2006_Max_Temperature_RCP45","2075-08","NASA_NEXGDDP_Subnational_AggrDiffStats","https://www.nccs.nasa.gov/services/data-collections/land-based-products/nex-gddp","","Celsius","C",3.648468,"Maximum Temperature Projections Compared to 2006 for the RCP 4.5 Climate Model"
"geoId/72005","","Aguadilla Municipio","DifferenceRelativeToBaseDate2006_Max_Temperature_RCP45","2075-09","NASA_NEXGDDP_Subnational_AggrDiffStats","https://www.nccs.nasa.gov/services/data-collections/land-based-products/nex-gddp","","Celsius","C",1.668335,"Maximum Temperature Projections Compared to 2006 for the RCP 4.5 Climate Model"
"geoId/72005","","Aguadilla Municipio","DifferenceRelativeToBaseDate2006_Max_Temperature_RCP45","2075-10","NASA_NEXGDDP_Subnational_AggrDiffStats","https://www.nccs.nasa.gov/services/data-collections/land-based-products/nex-gddp","","Celsius","C",3.76883,"Maximum Temperature Projections Compared to 2006 for the RCP 4.5 Climate Model"
"geoId/72005","","Aguadilla Municipio","DifferenceRelativeToBaseDate2006_Max_Temperature_RCP45","2075-11","NASA_NEXGDDP_Subnational_AggrDiffStats","https://www.nccs.nasa.gov/services/data-collections/land-based-products/nex-gddp","","Celsius","C",2.768675,"Maximum Temperature Projections Compared to 2006 for the RCP 4.5 Climate Model"
"geoId/72005","","Aguadilla Municipio","DifferenceRelativeToBaseDate2006_Max_Temperature_RCP45","2075-12","NASA_NEXGDDP_Subnational_AggrDiffStats","https://www.nccs.nasa.gov/services/data-collections/land-based-products/nex-gddp","","Celsius","C",4.296354,"Maximum Temperature Projections Compared to 2006 for the RCP 4.5 Climate Model"
"geoId/72005","","Aguadilla Municipio","DifferenceRelativeToBaseDate2006_Max_Temperature_RCP45","2076-01","NASA_NEXGDDP_Subnational_AggrDiffStats","https://www.nccs.nasa.gov/services/data-collections/land-based-products/nex-gddp","","Celsius","C",1.6185,"Maximum Temperature Projections Compared to 2006 for the RCP 4.5 Climate Model"
"geoId/72005","","Aguadilla Municipio","DifferenceRelativeToBaseDate2006_Max_Temperature_RCP45","2076-02","NASA_NEXGDDP_Subnational_AggrDiffStats","https://www.nccs.nasa.gov/services/data-collections/land-based-products/nex-gddp","","Celsius","C",3.210142,"Maximum Temperature Projections Compared to 2006 for the RCP 4.5 Climate Model"
"geoId/72005","","Aguadilla Municipio","DifferenceRelativeToBaseDate2006_Max_Temperature_RCP45","2076-03","NASA_NEXGDDP_Subnational_AggrDiffStats","https://www.nccs.nasa.gov/services/data-collections/land-based-products/nex-gddp","","Celsius","C",3.494902,"Maximum Temperature Projections Compared to 2006 for the RCP 4.5 Climate Model"
"geoId/72005","","Aguadilla Municipio","DifferenceRelativeToBaseDate2006_Max_Temperature_RCP45","2076-04","NASA_NEXGDDP_Subnational_AggrDiffStats","https://www.nccs.nasa.gov/services/data-collections/land-based-products/nex-gddp","","Celsius","C",2.307066,"Maximum Temperature Projections Compared to 2006 for the RCP 4.5 Climate Model"
"geoId/72005","","Aguadilla Municipio","DifferenceRelativeToBaseDate2006_Max_Temperature_RCP45","2076-05","NASA_NEXGDDP_Subnational_AggrDiffStats","https://www.nccs.nasa.gov/services/data-collections/land-based-products/nex-gddp","","Celsius","C",2.591825,"Maximum Temperature Projections Compared to 2006 for the RCP 4.5 Climate Model"
"geoId/72005","","Aguadilla Municipio","DifferenceRelativeToBaseDate2006_Max_Temperature_RCP45","2076-06","NASA_NEXGDDP_Subnational_AggrDiffStats","https://www.nccs.nasa.gov/services/data-collections/land-based-products/nex-gddp","","Celsius","C",2.624053,"Maximum Temperature Projections Compared to 2006 for the RCP 4.5 Climate Model"
"geoId/72005","","Aguadilla Municipio","DifferenceRelativeToBaseDate2006_Max_Temperature_RCP45","2076-07","NASA_NEXGDDP_Subnational_AggrDiffStats","https://www.nccs.nasa.gov/services/data-collections/land-based-products/nex-gddp","","Celsius","C",3.248962,"Maximum Temperature Projections Compared to 2006 for the RCP 4.5 Climate Model"
"geoId/72005","","Aguadilla Municipio","DifferenceRelativeToBaseDate2006_Max_Temperature_RCP45","2076-08","NASA_NEXGDDP_Subnational_AggrDiffStats","https://www.nccs.nasa.gov/services/data-collections/land-based-products/nex-gddp","","Celsius","C",3.519531,"Maximum Temperature Projections Compared to 2006 for the RCP 4.5 Climate Model"
"geoId/72005","","Aguadilla Municipio","DifferenceRelativeToBaseDate2006_Max_Temperature_RCP45","2076-09","NASA_NEXGDDP_Subnational_AggrDiffStats","https://www.nccs.nasa.gov/services/data-collections/land-based-products/nex-gddp","","Celsius","C",2.216889,"Maximum Temperature Projections Compared to 2006 for the RCP 4.5 Climate Model"
"geoId/72005","","Aguadilla Municipio","DifferenceRelativeToBaseDate2006_Max_Temperature_RCP45","2076-10","NASA_NEXGDDP_Subnational_AggrDiffStats","https://www.nccs.nasa.gov/services/data-collections/land-based-products/nex-gddp","","Celsius","C",2.944123,"Maximum Temperature Projections Compared to 2006 for the RCP 4.5 Climate Model"
"geoId/72005","","Aguadilla Municipio","DifferenceRelativeToBaseDate2006_Max_Temperature_RCP45","2076-11","NASA_NEXGDDP_Subnational_AggrDiffStats","https://www.nccs.nasa.gov/services/data-collections/land-based-products/nex-gddp","","Celsius","C",2.383146,"Maximum Temperature Projections Compared to 2006 for the RCP 4.5 Climate Model"
"geoId/72005","","Aguadilla Municipio","DifferenceRelativeToBaseDate2006_Max_Temperature_RCP45","2076-12","NASA_NEXGDDP_Subnational_AggrDiffStats","https://www.nccs.nasa.gov/services/data-collections/land-based-products/nex-gddp","","Celsius","C",2.89871,"Maximum Temperature Projections Compared to 2006 for the RCP 4.5 Climate Model"
"geoId/72005","","Aguadilla Municipio","DifferenceRelativeToBaseDate2006_Max_Temperature_RCP45","2077-01","NASA_NEXGDDP_Subnational_AggrDiffStats","https://www.nccs.nasa.gov/services/data-collections/land-based-products/nex-gddp","","Celsius","C",2.242766,"Maximum Temperature Projections Compared to 2006 for the RCP 4.5 Climate Model"
"geoId/72005","","Aguadilla Municipio","DifferenceRelativeToBaseDate2006_Max_Temperature_RCP45","2077-02","NASA_NEXGDDP_Subnational_AggrDiffStats","https://www.nccs.nasa.gov/services/data-collections/land-based-products/nex-gddp","","Celsius","C",2.565641,"Maximum Temperature Projections Compared to 2006 for the RCP 4.5 Climate Model"
"geoId/72005","","Aguadilla Municipio","DifferenceRelativeToBaseDate2006_Max_Temperature_RCP45","2077-03","NASA_NEXGDDP_Subnational_AggrDiffStats","https://www.nccs.nasa.gov/services/data-collections/land-based-products/nex-gddp","","Celsius","C",1.387114,"Maximum Temperature Projections Compared to 2006 for the RCP 4.5 Climate Model"
"geoId/72005","","Aguadilla Municipio","DifferenceRelativeToBaseDate2006_Max_Temperature_RCP45","2077-04","NASA_NEXGDDP_Subnational_AggrDiffStats","https://www.nccs.nasa.gov/services/data-collections/land-based-products/nex-gddp","","Celsius","C",2.830229,"Maximum Temperature Projections Compared to 2006 for the RCP 4.5 Climate Model"
"geoId/72005","","Aguadilla Municipio","DifferenceRelativeToBaseDate2006_Max_Temperature_RCP45","2077-05","NASA_NEXGDDP_Subnational_AggrDiffStats","https://www.nccs.nasa.gov/services/data-collections/land-based-products/nex-gddp","","Celsius","C",2.310697,"Maximum Temperature Projections Compared to 2006 for the RCP 4.5 Climate Model"
"geoId/72005","","Aguadilla Municipio","DifferenceRelativeToBaseDate2006_Max_Temperature_RCP45","2077-06","NASA_NEXGDDP_Subnational_AggrDiffStats","https://www.nccs.nasa.gov/services/data-collections/land-based-products/nex-gddp","","Celsius","C",0.964812999999999,"Maximum Temperature Projections Compared to 2006 for the RCP 4.5 Climate Model"
"geoId/72005","","Aguadilla Municipio","DifferenceRelativeToBaseDate2006_Max_Temperature_RCP45","2077-07","NASA_NEXGDDP_Subnational_AggrDiffStats","https://www.nccs.nasa.gov/services/data-collections/land-based-products/nex-gddp","","Celsius","C",0.562713000000002,"Maximum Temperature Projections Compared to 2006 for the RCP 4.5 Climate Model"
"geoId/72005","","Aguadilla Municipio","DifferenceRelativeToBaseDate2006_Max_Temperature_RCP45","2077-08","NASA_NEXGDDP_Subnational_AggrDiffStats","https://www.nccs.nasa.gov/services/data-collections/land-based-products/nex-gddp","","Celsius","C",0.647125000000003,"Maximum Temperature Projections Compared to 2006 for the RCP 4.5 Climate Model"
"geoId/72005","","Aguadilla Municipio","DifferenceRelativeToBaseDate2006_Max_Temperature_RCP45","2077-09","NASA_NEXGDDP_Subnational_AggrDiffStats","https://www.nccs.nasa.gov/services/data-collections/land-based-products/nex-gddp","","Celsius","C",0.595215000000003,"Maximum Temperature Projections Compared to 2006 for the RCP 4.5 Climate Model"
"geoId/72005","","Aguadilla Municipio","DifferenceRelativeToBaseDate2006_Max_Temperature_RCP45","2077-10","NASA_NEXGDDP_Subnational_AggrDiffStats","https://www.nccs.nasa.gov/services/data-collections/land-based-products/nex-gddp","","Celsius","C",1.857086,"Maximum Temperature Projections Compared to 2006 for the RCP 4.5 Climate Model"
"geoId/72005","","Aguadilla Municipio","DifferenceRelativeToBaseDate2006_Max_Temperature_RCP45","2077-11","NASA_NEXGDDP_Subnational_AggrDiffStats","https://www.nccs.nasa.gov/services/data-collections/land-based-products/nex-gddp","","Celsius","C",2.019255,"Maximum Temperature Projections Compared to 2006 for the RCP 4.5 Climate Model"
"geoId/72005","","Aguadilla Municipio","DifferenceRelativeToBaseDate2006_Max_Temperature_RCP45","2077-12","NASA_NEXGDDP_Subnational_AggrDiffStats","https://www.nccs.nasa.gov/services/data-collections/land-based-products/nex-gddp","","Celsius","C",2.195738,"Maximum Temperature Projections Compared to 2006 for the RCP 4.5 Climate Model"
"geoId/72005","","Aguadilla Municipio","DifferenceRelativeToBaseDate2006_Max_Temperature_RCP45","2078-01","NASA_NEXGDDP_Subnational_AggrDiffStats","https://www.nccs.nasa.gov/services/data-collections/land-based-products/nex-gddp","","Celsius","C",1.997618,"Maximum Temperature Projections Compared to 2006 for the RCP 4.5 Climate Model"
"geoId/72005","","Aguadilla Municipio","DifferenceRelativeToBaseDate2006_Max_Temperature_RCP45","2078-02","NASA_NEXGDDP_Subnational_AggrDiffStats","https://www.nccs.nasa.gov/services/data-collections/land-based-products/nex-gddp","","Celsius","C",3.290403,"Maximum Temperature Projections Compared to 2006 for the RCP 4.5 Climate Model"
"geoId/72005","","Aguadilla Municipio","DifferenceRelativeToBaseDate2006_Max_Temperature_RCP45","2078-03","NASA_NEXGDDP_Subnational_AggrDiffStats","https://www.nccs.nasa.gov/services/data-collections/land-based-products/nex-gddp","","Celsius","C",2.747008,"Maximum Temperature Projections Compared to 2006 for the RCP 4.5 Climate Model"
"geoId/72005","","Aguadilla Municipio","DifferenceRelativeToBaseDate2006_Max_Temperature_RCP45","2078-04","NASA_NEXGDDP_Subnational_AggrDiffStats","https://www.nccs.nasa.gov/services/data-collections/land-based-products/nex-gddp","","Celsius","C",4.258879,"Maximum Temperature Projections Compared to 2006 for the RCP 4.5 Climate Model"
"geoId/72005","","Aguadilla Municipio","DifferenceRelativeToBaseDate2006_Max_Temperature_RCP45","2078-05","NASA_NEXGDDP_Subnational_AggrDiffStats","https://www.nccs.nasa.gov/services/data-collections/land-based-products/nex-gddp","","Celsius","C",2.611784,"Maximum Temperature Projections Compared to 2006 for the RCP 4.5 Climate Model"
"geoId/72005","","Aguadilla Municipio","DifferenceRelativeToBaseDate2006_Max_Temperature_RCP45","2078-06","NASA_NEXGDDP_Subnational_AggrDiffStats","https://www.nccs.nasa.gov/services/data-collections/land-based-products/nex-gddp","","Celsius","C",1.107635,"Maximum Temperature Projections Compared to 2006 for the RCP 4.5 Climate Model"
"geoId/72005","","Aguadilla Municipio","DifferenceRelativeToBaseDate2006_Max_Temperature_RCP45","2078-07","NASA_NEXGDDP_Subnational_AggrDiffStats","https://www.nccs.nasa.gov/services/data-collections/land-based-products/nex-gddp","","Celsius","C",0.169555000000003,"Maximum Temperature Projections Compared to 2006 for the RCP 4.5 Climate Model"
"geoId/72005","","Aguadilla Municipio","DifferenceRelativeToBaseDate2006_Max_Temperature_RCP45","2078-08","NASA_NEXGDDP_Subnational_AggrDiffStats","https://www.nccs.nasa.gov/services/data-collections/land-based-products/nex-gddp","","Celsius","C",1.023071,"Maximum Temperature Projections Compared to 2006 for the RCP 4.5 Climate Model"
"geoId/72005","","Aguadilla Municipio","DifferenceRelativeToBaseDate2006_Max_Temperature_RCP45","2078-09","NASA_NEXGDDP_Subnational_AggrDiffStats","https://www.nccs.nasa.gov/services/data-collections/land-based-products/nex-gddp","","Celsius","C",0.249420999999998,"Maximum Temperature Projections Compared to 2006 for the RCP 4.5 Climate Model"
"geoId/72005","","Aguadilla Municipio","DifferenceRelativeToBaseDate2006_Max_Temperature_RCP45","2078-10","NASA_NEXGDDP_Subnational_AggrDiffStats","https://www.nccs.nasa.gov/services/data-collections/land-based-products/nex-gddp","","Celsius","C",2.282318,"Maximum Temperature Projections Compared to 2006 for the RCP 4.5 Climate Model"
"geoId/72005","","Aguadilla Municipio","DifferenceRelativeToBaseDate2006_Max_Temperature_RCP45","2078-11","NASA_NEXGDDP_Subnational_AggrDiffStats","https://www.nccs.nasa.gov/services/data-collections/land-based-products/nex-gddp","","Celsius","C",2.069304,"Maximum Temperature Projections Compared to 2006 for the RCP 4.5 Climate Model"
"geoId/72005","","Aguadilla Municipio","DifferenceRelativeToBaseDate2006_Max_Temperature_RCP45","2078-12","NASA_NEXGDDP_Subnational_AggrDiffStats","https://www.nccs.nasa.gov/services/data-collections/land-based-products/nex-gddp","","Celsius","C",1.149901,"Maximum Temperature Projections Compared to 2006 for the RCP 4.5 Climate Model"
"geoId/72005","","Aguadilla Municipio","DifferenceRelativeToBaseDate2006_Max_Temperature_RCP45","2079-01","NASA_NEXGDDP_Subnational_AggrDiffStats","https://www.nccs.nasa.gov/services/data-collections/land-based-products/nex-gddp","","Celsius","C",3.379698,"Maximum Temperature Projections Compared to 2006 for the RCP 4.5 Climate Model"
"geoId/72005","","Aguadilla Municipio","DifferenceRelativeToBaseDate2006_Max_Temperature_RCP45","2079-02","NASA_NEXGDDP_Subnational_AggrDiffStats","https://www.nccs.nasa.gov/services/data-collections/land-based-products/nex-gddp","","Celsius","C",3.011198,"Maximum Temperature Projections Compared to 2006 for the RCP 4.5 Climate Model"
"geoId/72005","","Aguadilla Municipio","DifferenceRelativeToBaseDate2006_Max_Temperature_RCP45","2079-03","NASA_NEXGDDP_Subnational_AggrDiffStats","https://www.nccs.nasa.gov/services/data-collections/land-based-products/nex-gddp","","Celsius","C",5.459532,"Maximum Temperature Projections Compared to 2006 for the RCP 4.5 Climate Model"
"geoId/72005","","Aguadilla Municipio","DifferenceRelativeToBaseDate2006_Max_Temperature_RCP45","2079-04","NASA_NEXGDDP_Subnational_AggrDiffStats","https://www.nccs.nasa.gov/services/data-collections/land-based-products/nex-gddp","","Celsius","C",3.437285,"Maximum Temperature Projections Compared to 2006 for the RCP 4.5 Climate Model"
"geoId/72005","","Aguadilla Municipio","DifferenceRelativeToBaseDate2006_Max_Temperature_RCP45","2079-05","NASA_NEXGDDP_Subnational_AggrDiffStats","https://www.nccs.nasa.gov/services/data-collections/land-based-products/nex-gddp","","Celsius","C",4.203062,"Maximum Temperature Projections Compared to 2006 for the RCP 4.5 Climate Model"
"geoId/72005","","Aguadilla Municipio","DifferenceRelativeToBaseDate2006_Max_Temperature_RCP45","2079-06","NASA_NEXGDDP_Subnational_AggrDiffStats","https://www.nccs.nasa.gov/services/data-collections/land-based-products/nex-gddp","","Celsius","C",1.930725,"Maximum Temperature Projections Compared to 2006 for the RCP 4.5 Climate Model"
"geoId/72005","","Aguadilla Municipio","DifferenceRelativeToBaseDate2006_Max_Temperature_RCP45","2079-07","NASA_NEXGDDP_Subnational_AggrDiffStats","https://www.nccs.nasa.gov/services/data-collections/land-based-products/nex-gddp","","Celsius","C",1.404754,"Maximum Temperature Projections Compared to 2006 for the RCP 4.5 Climate Model"
"geoId/72005","","Aguadilla Municipio","DifferenceRelativeToBaseDate2006_Max_Temperature_RCP45","2079-08","NASA_NEXGDDP_Subnational_AggrDiffStats","https://www.nccs.nasa.gov/services/data-collections/land-based-products/nex-gddp","","Celsius","C",2.251342,"Maximum Temperature Projections Compared to 2006 for the RCP 4.5 Climate Model"
"geoId/72005","","Aguadilla Municipio","DifferenceRelativeToBaseDate2006_Max_Temperature_RCP45","2079-09","NASA_NEXGDDP_Subnational_AggrDiffStats","https://www.nccs.nasa.gov/services/data-collections/land-based-products/nex-gddp","","Celsius","C",-0.278838999999998,"Maximum Temperature Projections Compared to 2006 for the RCP 4.5 Climate Model"
"geoId/72005","","Aguadilla Municipio","DifferenceRelativeToBaseDate2006_Max_Temperature_RCP45","2079-10","NASA_NEXGDDP_Subnational_AggrDiffStats","https://www.nccs.nasa.gov/services/data-collections/land-based-products/nex-gddp","","Celsius","C",1.012574,"Maximum Temperature Projections Compared to 2006 for the RCP 4.5 Climate Model"
"geoId/72005","","Aguadilla Municipio","DifferenceRelativeToBaseDate2006_Max_Temperature_RCP45","2079-11","NASA_NEXGDDP_Subnational_AggrDiffStats","https://www.nccs.nasa.gov/services/data-collections/land-based-products/nex-gddp","","Celsius","C",2.179136,"Maximum Temperature Projections Compared to 2006 for the RCP 4.5 Climate Model"
"geoId/72005","","Aguadilla Municipio","DifferenceRelativeToBaseDate2006_Max_Temperature_RCP45","2079-12","NASA_NEXGDDP_Subnational_AggrDiffStats","https://www.nccs.nasa.gov/services/data-collections/land-based-products/nex-gddp","","Celsius","C",0.874755999999998,"Maximum Temperature Projections Compared to 2006 for the RCP 4.5 Climate Model"
"geoId/72005","","Aguadilla Municipio","DifferenceRelativeToBaseDate2006_Max_Temperature_RCP45","2080-01","NASA_NEXGDDP_Subnational_AggrDiffStats","https://www.nccs.nasa.gov/services/data-collections/land-based-products/nex-gddp","","Celsius","C",2.643767,"Maximum Temperature Projections Compared to 2006 for the RCP 4.5 Climate Model"
"geoId/72005","","Aguadilla Municipio","DifferenceRelativeToBaseDate2006_Max_Temperature_RCP45","2080-02","NASA_NEXGDDP_Subnational_AggrDiffStats","https://www.nccs.nasa.gov/services/data-collections/land-based-products/nex-gddp","","Celsius","C",2.841703,"Maximum Temperature Projections Compared to 2006 for the RCP 4.5 Climate Model"
"geoId/72005","","Aguadilla Municipio","DifferenceRelativeToBaseDate2006_Max_Temperature_RCP45","2080-03","NASA_NEXGDDP_Subnational_AggrDiffStats","https://www.nccs.nasa.gov/services/data-collections/land-based-products/nex-gddp","","Celsius","C",3.422942,"Maximum Temperature Projections Compared to 2006 for the RCP 4.5 Climate Model"
"geoId/72005","","Aguadilla Municipio","DifferenceRelativeToBaseDate2006_Max_Temperature_RCP45","2080-04","NASA_NEXGDDP_Subnational_AggrDiffStats","https://www.nccs.nasa.gov/services/data-collections/land-based-products/nex-gddp","","Celsius","C",2.042174,"Maximum Temperature Projections Compared to 2006 for the RCP 4.5 Climate Model"
"geoId/72005","","Aguadilla Municipio","DifferenceRelativeToBaseDate2006_Max_Temperature_RCP45","2080-05","NASA_NEXGDDP_Subnational_AggrDiffStats","https://www.nccs.nasa.gov/services/data-collections/land-based-products/nex-gddp","","Celsius","C",3.306303,"Maximum Temperature Projections Compared to 2006 for the RCP 4.5 Climate Model"
"geoId/72005","","Aguadilla Municipio","DifferenceRelativeToBaseDate2006_Max_Temperature_RCP45","2080-06","NASA_NEXGDDP_Subnational_AggrDiffStats","https://www.nccs.nasa.gov/services/data-collections/land-based-products/nex-gddp","","Celsius","C",2.886749,"Maximum Temperature Projections Compared to 2006 for the RCP 4.5 Climate Model"
"geoId/72005","","Aguadilla Municipio","DifferenceRelativeToBaseDate2006_Max_Temperature_RCP45","2080-07","NASA_NEXGDDP_Subnational_AggrDiffStats","https://www.nccs.nasa.gov/services/data-collections/land-based-products/nex-gddp","","Celsius","C",2.033417,"Maximum Temperature Projections Compared to 2006 for the RCP 4.5 Climate Model"
"geoId/72005","","Aguadilla Municipio","DifferenceRelativeToBaseDate2006_Max_Temperature_RCP45","2080-08","NASA_NEXGDDP_Subnational_AggrDiffStats","https://www.nccs.nasa.gov/services/data-collections/land-based-products/nex-gddp","","Celsius","C",2.589691,"Maximum Temperature Projections Compared to 2006 for the RCP 4.5 Climate Model"
"geoId/72005","","Aguadilla Municipio","DifferenceRelativeToBaseDate2006_Max_Temperature_RCP45","2080-09","NASA_NEXGDDP_Subnational_AggrDiffStats","https://www.nccs.nasa.gov/services/data-collections/land-based-products/nex-gddp","","Celsius","C",1.004151,"Maximum Temperature Projections Compared to 2006 for the RCP 4.5 Climate Model"
"geoId/72005","","Aguadilla Municipio","DifferenceRelativeToBaseDate2006_Max_Temperature_RCP45","2080-10","NASA_NEXGDDP_Subnational_AggrDiffStats","https://www.nccs.nasa.gov/services/data-collections/land-based-products/nex-gddp","","Celsius","C",0.567718999999997,"Maximum Temperature Projections Compared to 2006 for the RCP 4.5 Climate Model"
"geoId/72005","","Aguadilla Municipio","DifferenceRelativeToBaseDate2006_Max_Temperature_RCP45","2080-11","NASA_NEXGDDP_Subnational_AggrDiffStats","https://www.nccs.nasa.gov/services/data-collections/land-based-products/nex-gddp","","Celsius","C",0.247862000000001,"Maximum Temperature Projections Compared to 2006 for the RCP 4.5 Climate Model"
"geoId/72005","","Aguadilla Municipio","DifferenceRelativeToBaseDate2006_Max_Temperature_RCP45","2080-12","NASA_NEXGDDP_Subnational_AggrDiffStats","https://www.nccs.nasa.gov/services/data-collections/land-based-products/nex-gddp","","Celsius","C",0.655822999999998,"Maximum Temperature Projections Compared to 2006 for the RCP 4.5 Climate Model"
"geoId/72005","","Aguadilla Municipio","DifferenceRelativeToBaseDate2006_Max_Temperature_RCP45","2081-01","NASA_NEXGDDP_Subnational_AggrDiffStats","https://www.nccs.nasa.gov/services/data-collections/land-based-products/nex-gddp","","Celsius","C",2.093168,"Maximum Temperature Projections Compared to 2006 for the RCP 4.5 Climate Model"
"geoId/72005","","Aguadilla Municipio","DifferenceRelativeToBaseDate2006_Max_Temperature_RCP45","2081-02","NASA_NEXGDDP_Subnational_AggrDiffStats","https://www.nccs.nasa.gov/services/data-collections/land-based-products/nex-gddp","","Celsius","C",1.814849,"Maximum Temperature Projections Compared to 2006 for the RCP 4.5 Climate Model"
"geoId/72005","","Aguadilla Municipio","DifferenceRelativeToBaseDate2006_Max_Temperature_RCP45","2081-03","NASA_NEXGDDP_Subnational_AggrDiffStats","https://www.nccs.nasa.gov/services/data-collections/land-based-products/nex-gddp","","Celsius","C",3.277037,"Maximum Temperature Projections Compared to 2006 for the RCP 4.5 Climate Model"
"geoId/72005","","Aguadilla Municipio","DifferenceRelativeToBaseDate2006_Max_Temperature_RCP45","2081-04","NASA_NEXGDDP_Subnational_AggrDiffStats","https://www.nccs.nasa.gov/services/data-collections/land-based-products/nex-gddp","","Celsius","C",4.118803,"Maximum Temperature Projections Compared to 2006 for the RCP 4.5 Climate Model"
"geoId/72005","","Aguadilla Municipio","DifferenceRelativeToBaseDate2006_Max_Temperature_RCP45","2081-05","NASA_NEXGDDP_Subnational_AggrDiffStats","https://www.nccs.nasa.gov/services/data-collections/land-based-products/nex-gddp","","Celsius","C",2.233305,"Maximum Temperature Projections Compared to 2006 for the RCP 4.5 Climate Model"
"geoId/72005","","Aguadilla Municipio","DifferenceRelativeToBaseDate2006_Max_Temperature_RCP45","2081-06","NASA_NEXGDDP_Subnational_AggrDiffStats","https://www.nccs.nasa.gov/services/data-collections/land-based-products/nex-gddp","","Celsius","C",1.646759,"Maximum Temperature Projections Compared to 2006 for the RCP 4.5 Climate Model"
"geoId/72005","","Aguadilla Municipio","DifferenceRelativeToBaseDate2006_Max_Temperature_RCP45","2081-07","NASA_NEXGDDP_Subnational_AggrDiffStats","https://www.nccs.nasa.gov/services/data-collections/land-based-products/nex-gddp","","Celsius","C",2.232513,"Maximum Temperature Projections Compared to 2006 for the RCP 4.5 Climate Model"
"geoId/72005","","Aguadilla Municipio","DifferenceRelativeToBaseDate2006_Max_Temperature_RCP45","2081-08","NASA_NEXGDDP_Subnational_AggrDiffStats","https://www.nccs.nasa.gov/services/data-collections/land-based-products/nex-gddp","","Celsius","C",2.23040700000001,"Maximum Temperature Projections Compared to 2006 for the RCP 4.5 Climate Model"
"geoId/72005","","Aguadilla Municipio","DifferenceRelativeToBaseDate2006_Max_Temperature_RCP45","2081-09","NASA_NEXGDDP_Subnational_AggrDiffStats","https://www.nccs.nasa.gov/services/data-collections/land-based-products/nex-gddp","","Celsius","C",0.569855000000004,"Maximum Temperature Projections Compared to 2006 for the RCP 4.5 Climate Model"
"geoId/72005","","Aguadilla Municipio","DifferenceRelativeToBaseDate2006_Max_Temperature_RCP45","2081-10","NASA_NEXGDDP_Subnational_AggrDiffStats","https://www.nccs.nasa.gov/services/data-collections/land-based-products/nex-gddp","","Celsius","C",1.649536,"Maximum Temperature Projections Compared to 2006 for the RCP 4.5 Climate Model"
"geoId/72005","","Aguadilla Municipio","DifferenceRelativeToBaseDate2006_Max_Temperature_RCP45","2081-11","NASA_NEXGDDP_Subnational_AggrDiffStats","https://www.nccs.nasa.gov/services/data-collections/land-based-products/nex-gddp","","Celsius","C",2.102842,"Maximum Temperature Projections Compared to 2006 for the RCP 4.5 Climate Model"
"geoId/72005","","Aguadilla Municipio","DifferenceRelativeToBaseDate2006_Max_Temperature_RCP45","2081-12","NASA_NEXGDDP_Subnational_AggrDiffStats","https://www.nccs.nasa.gov/services/data-collections/land-based-products/nex-gddp","","Celsius","C",1.89871,"Maximum Temperature Projections Compared to 2006 for the RCP 4.5 Climate Model"
"geoId/72005","","Aguadilla Municipio","DifferenceRelativeToBaseDate2006_Max_Temperature_RCP45","2082-01","NASA_NEXGDDP_Subnational_AggrDiffStats","https://www.nccs.nasa.gov/services/data-collections/land-based-products/nex-gddp","","Celsius","C",2.294676,"Maximum Temperature Projections Compared to 2006 for the RCP 4.5 Climate Model"
"geoId/72005","","Aguadilla Municipio","DifferenceRelativeToBaseDate2006_Max_Temperature_RCP45","2082-02","NASA_NEXGDDP_Subnational_AggrDiffStats","https://www.nccs.nasa.gov/services/data-collections/land-based-products/nex-gddp","","Celsius","C",4.863554,"Maximum Temperature Projections Compared to 2006 for the RCP 4.5 Climate Model"
"geoId/72005","","Aguadilla Municipio","DifferenceRelativeToBaseDate2006_Max_Temperature_RCP45","2082-03","NASA_NEXGDDP_Subnational_AggrDiffStats","https://www.nccs.nasa.gov/services/data-collections/land-based-products/nex-gddp","","Celsius","C",5.313231,"Maximum Temperature Projections Compared to 2006 for the RCP 4.5 Climate Model"
"geoId/72005","","Aguadilla Municipio","DifferenceRelativeToBaseDate2006_Max_Temperature_RCP45","2082-04","NASA_NEXGDDP_Subnational_AggrDiffStats","https://www.nccs.nasa.gov/services/data-collections/land-based-products/nex-gddp","","Celsius","C",4.838927,"Maximum Temperature Projections Compared to 2006 for the RCP 4.5 Climate Model"
"geoId/72005","","Aguadilla Municipio","DifferenceRelativeToBaseDate2006_Max_Temperature_RCP45","2082-05","NASA_NEXGDDP_Subnational_AggrDiffStats","https://www.nccs.nasa.gov/services/data-collections/land-based-products/nex-gddp","","Celsius","C",1.624021,"Maximum Temperature Projections Compared to 2006 for the RCP 4.5 Climate Model"
"geoId/72005","","Aguadilla Municipio","DifferenceRelativeToBaseDate2006_Max_Temperature_RCP45","2082-06","NASA_NEXGDDP_Subnational_AggrDiffStats","https://www.nccs.nasa.gov/services/data-collections/land-based-products/nex-gddp","","Celsius","C",2.908844,"Maximum Temperature Projections Compared to 2006 for the RCP 4.5 Climate Model"
"geoId/72005","","Aguadilla Municipio","DifferenceRelativeToBaseDate2006_Max_Temperature_RCP45","2082-07","NASA_NEXGDDP_Subnational_AggrDiffStats","https://www.nccs.nasa.gov/services/data-collections/land-based-products/nex-gddp","","Celsius","C",2.69992,"Maximum Temperature Projections Compared to 2006 for the RCP 4.5 Climate Model"
"geoId/72005","","Aguadilla Municipio","DifferenceRelativeToBaseDate2006_Max_Temperature_RCP45","2082-08","NASA_NEXGDDP_Subnational_AggrDiffStats","https://www.nccs.nasa.gov/services/data-collections/land-based-products/nex-gddp","","Celsius","C",2.142028,"Maximum Temperature Projections Compared to 2006 for the RCP 4.5 Climate Model"
"geoId/72005","","Aguadilla Municipio","DifferenceRelativeToBaseDate2006_Max_Temperature_RCP45","2082-09","NASA_NEXGDDP_Subnational_AggrDiffStats","https://www.nccs.nasa.gov/services/data-collections/land-based-products/nex-gddp","","Celsius","C",1.389435,"Maximum Temperature Projections Compared to 2006 for the RCP 4.5 Climate Model"
"geoId/72005","","Aguadilla Municipio","DifferenceRelativeToBaseDate2006_Max_Temperature_RCP45","2082-10","NASA_NEXGDDP_Subnational_AggrDiffStats","https://www.nccs.nasa.gov/services/data-collections/land-based-products/nex-gddp","","Celsius","C",1.93396,"Maximum Temperature Projections Compared to 2006 for the RCP 4.5 Climate Model"
"geoId/72005","","Aguadilla Municipio","DifferenceRelativeToBaseDate2006_Max_Temperature_RCP45","2082-11","NASA_NEXGDDP_Subnational_AggrDiffStats","https://www.nccs.nasa.gov/services/data-collections/land-based-products/nex-gddp","","Celsius","C",2.699583,"Maximum Temperature Projections Compared to 2006 for the RCP 4.5 Climate Model"
"geoId/72005","","Aguadilla Municipio","DifferenceRelativeToBaseDate2006_Max_Temperature_RCP45","2082-12","NASA_NEXGDDP_Subnational_AggrDiffStats","https://www.nccs.nasa.gov/services/data-collections/land-based-products/nex-gddp","","Celsius","C",2.503416,"Maximum Temperature Projections Compared to 2006 for the RCP 4.5 Climate Model"
"geoId/72005","","Aguadilla Municipio","DifferenceRelativeToBaseDate2006_Max_Temperature_RCP45","2083-01","NASA_NEXGDDP_Subnational_AggrDiffStats","https://www.nccs.nasa.gov/services/data-collections/land-based-products/nex-gddp","","Celsius","C",1.849671,"Maximum Temperature Projections Compared to 2006 for the RCP 4.5 Climate Model"
"geoId/72005","","Aguadilla Municipio","DifferenceRelativeToBaseDate2006_Max_Temperature_RCP45","2083-02","NASA_NEXGDDP_Subnational_AggrDiffStats","https://www.nccs.nasa.gov/services/data-collections/land-based-products/nex-gddp","","Celsius","C",1.565643,"Maximum Temperature Projections Compared to 2006 for the RCP 4.5 Climate Model"
"geoId/72005","","Aguadilla Municipio","DifferenceRelativeToBaseDate2006_Max_Temperature_RCP45","2083-03","NASA_NEXGDDP_Subnational_AggrDiffStats","https://www.nccs.nasa.gov/services/data-collections/land-based-products/nex-gddp","","Celsius","C",1.174651,"Maximum Temperature Projections Compared to 2006 for the RCP 4.5 Climate Model"
"geoId/72005","","Aguadilla Municipio","DifferenceRelativeToBaseDate2006_Max_Temperature_RCP45","2083-04","NASA_NEXGDDP_Subnational_AggrDiffStats","https://www.nccs.nasa.gov/services/data-collections/land-based-products/nex-gddp","","Celsius","C",2.759184,"Maximum Temperature Projections Compared to 2006 for the RCP 4.5 Climate Model"
"geoId/72005","","Aguadilla Municipio","DifferenceRelativeToBaseDate2006_Max_Temperature_RCP45","2083-05","NASA_NEXGDDP_Subnational_AggrDiffStats","https://www.nccs.nasa.gov/services/data-collections/land-based-products/nex-gddp","","Celsius","C",1.946165,"Maximum Temperature Projections Compared to 2006 for the RCP 4.5 Climate Model"
"geoId/72005","","Aguadilla Municipio","DifferenceRelativeToBaseDate2006_Max_Temperature_RCP45","2083-06","NASA_NEXGDDP_Subnational_AggrDiffStats","https://www.nccs.nasa.gov/services/data-collections/land-based-products/nex-gddp","","Celsius","C",2.615509,"Maximum Temperature Projections Compared to 2006 for the RCP 4.5 Climate Model"
"geoId/72005","","Aguadilla Municipio","DifferenceRelativeToBaseDate2006_Max_Temperature_RCP45","2083-07","NASA_NEXGDDP_Subnational_AggrDiffStats","https://www.nccs.nasa.gov/services/data-collections/land-based-products/nex-gddp","","Celsius","C",0.821838,"Maximum Temperature Projections Compared to 2006 for the RCP 4.5 Climate Model"
"geoId/72005","","Aguadilla Municipio","DifferenceRelativeToBaseDate2006_Max_Temperature_RCP45","2083-08","NASA_NEXGDDP_Subnational_AggrDiffStats","https://www.nccs.nasa.gov/services/data-collections/land-based-products/nex-gddp","","Celsius","C",1.328918,"Maximum Temperature Projections Compared to 2006 for the RCP 4.5 Climate Model"
"geoId/72005","","Aguadilla Municipio","DifferenceRelativeToBaseDate2006_Max_Temperature_RCP45","2083-09","NASA_NEXGDDP_Subnational_AggrDiffStats","https://www.nccs.nasa.gov/services/data-collections/land-based-products/nex-gddp","","Celsius","C",-0.248260000000002,"Maximum Temperature Projections Compared to 2006 for the RCP 4.5 Climate Model"
"geoId/72005","","Aguadilla Municipio","DifferenceRelativeToBaseDate2006_Max_Temperature_RCP45","2083-10","NASA_NEXGDDP_Subnational_AggrDiffStats","https://www.nccs.nasa.gov/services/data-collections/land-based-products/nex-gddp","","Celsius","C",1.57425,"Maximum Temperature Projections Compared to 2006 for the RCP 4.5 Climate Model"
"geoId/72005","","Aguadilla Municipio","DifferenceRelativeToBaseDate2006_Max_Temperature_RCP45","2083-11","NASA_NEXGDDP_Subnational_AggrDiffStats","https://www.nccs.nasa.gov/services/data-collections/land-based-products/nex-gddp","","Celsius","C",1.81378,"Maximum Temperature Projections Compared to 2006 for the RCP 4.5 Climate Model"
"geoId/72005","","Aguadilla Municipio","DifferenceRelativeToBaseDate2006_Max_Temperature_RCP45","2083-12","NASA_NEXGDDP_Subnational_AggrDiffStats","https://www.nccs.nasa.gov/services/data-collections/land-based-products/nex-gddp","","Celsius","C",2.274626,"Maximum Temperature Projections Compared to 2006 for the RCP 4.5 Climate Model"
"geoId/72005","","Aguadilla Municipio","DifferenceRelativeToBaseDate2006_Max_Temperature_RCP45","2084-01","NASA_NEXGDDP_Subnational_AggrDiffStats","https://www.nccs.nasa.gov/services/data-collections/land-based-products/nex-gddp","","Celsius","C",2.125853,"Maximum Temperature Projections Compared to 2006 for the RCP 4.5 Climate Model"
"geoId/72005","","Aguadilla Municipio","DifferenceRelativeToBaseDate2006_Max_Temperature_RCP45","2084-02","NASA_NEXGDDP_Subnational_AggrDiffStats","https://www.nccs.nasa.gov/services/data-collections/land-based-products/nex-gddp","","Celsius","C",1.79248,"Maximum Temperature Projections Compared to 2006 for the RCP 4.5 Climate Model"
"geoId/72005","","Aguadilla Municipio","DifferenceRelativeToBaseDate2006_Max_Temperature_RCP45","2084-03","NASA_NEXGDDP_Subnational_AggrDiffStats","https://www.nccs.nasa.gov/services/data-collections/land-based-products/nex-gddp","","Celsius","C",1.897856,"Maximum Temperature Projections Compared to 2006 for the RCP 4.5 Climate Model"
"geoId/72005","","Aguadilla Municipio","DifferenceRelativeToBaseDate2006_Max_Temperature_RCP45","2084-04","NASA_NEXGDDP_Subnational_AggrDiffStats","https://www.nccs.nasa.gov/services/data-collections/land-based-products/nex-gddp","","Celsius","C",4.35089,"Maximum Temperature Projections Compared to 2006 for the RCP 4.5 Climate Model"
"geoId/72005","","Aguadilla Municipio","DifferenceRelativeToBaseDate2006_Max_Temperature_RCP45","2084-05","NASA_NEXGDDP_Subnational_AggrDiffStats","https://www.nccs.nasa.gov/services/data-collections/land-based-products/nex-gddp","","Celsius","C",4.156522,"Maximum Temperature Projections Compared to 2006 for the RCP 4.5 Climate Model"
"geoId/72005","","Aguadilla Municipio","DifferenceRelativeToBaseDate2006_Max_Temperature_RCP45","2084-06","NASA_NEXGDDP_Subnational_AggrDiffStats","https://www.nccs.nasa.gov/services/data-collections/land-based-products/nex-gddp","","Celsius","C",1.02645800000001,"Maximum Temperature Projections Compared to 2006 for the RCP 4.5 Climate Model"
"geoId/72005","","Aguadilla Municipio","DifferenceRelativeToBaseDate2006_Max_Temperature_RCP45","2084-07","NASA_NEXGDDP_Subnational_AggrDiffStats","https://www.nccs.nasa.gov/services/data-collections/land-based-products/nex-gddp","","Celsius","C",1.652222,"Maximum Temperature Projections Compared to 2006 for the RCP 4.5 Climate Model"
"geoId/72005","","Aguadilla Municipio","DifferenceRelativeToBaseDate2006_Max_Temperature_RCP45","2084-08","NASA_NEXGDDP_Subnational_AggrDiffStats","https://www.nccs.nasa.gov/services/data-collections/land-based-products/nex-gddp","","Celsius","C",2.28094400000001,"Maximum Temperature Projections Compared to 2006 for the RCP 4.5 Climate Model"
"geoId/72005","","Aguadilla Municipio","DifferenceRelativeToBaseDate2006_Max_Temperature_RCP45","2084-09","NASA_NEXGDDP_Subnational_AggrDiffStats","https://www.nccs.nasa.gov/services/data-collections/land-based-products/nex-gddp","","Celsius","C",0.253875999999998,"Maximum Temperature Projections Compared to 2006 for the RCP 4.5 Climate Model"
"geoId/72005","","Aguadilla Municipio","DifferenceRelativeToBaseDate2006_Max_Temperature_RCP45","2084-10","NASA_NEXGDDP_Subnational_AggrDiffStats","https://www.nccs.nasa.gov/services/data-collections/land-based-products/nex-gddp","","Celsius","C",1.302765,"Maximum Temperature Projections Compared to 2006 for the RCP 4.5 Climate Model"
"geoId/72005","","Aguadilla Municipio","DifferenceRelativeToBaseDate2006_Max_Temperature_RCP45","2084-11","NASA_NEXGDDP_Subnational_AggrDiffStats","https://www.nccs.nasa.gov/services/data-collections/land-based-products/nex-gddp","","Celsius","C",0.861357000000002,"Maximum Temperature Projections Compared to 2006 for the RCP 4.5 Climate Model"
"geoId/72005","","Aguadilla Municipio","DifferenceRelativeToBaseDate2006_Max_Temperature_RCP45","2084-12","NASA_NEXGDDP_Subnational_AggrDiffStats","https://www.nccs.nasa.gov/services/data-collections/land-based-products/nex-gddp","","Celsius","C",1.4093,"Maximum Temperature Projections Compared to 2006 for the RCP 4.5 Climate Model"
"geoId/72005","","Aguadilla Municipio","DifferenceRelativeToBaseDate2006_Max_Temperature_RCP45","2085-01","NASA_NEXGDDP_Subnational_AggrDiffStats","https://www.nccs.nasa.gov/services/data-collections/land-based-products/nex-gddp","","Celsius","C",0.610900999999998,"Maximum Temperature Projections Compared to 2006 for the RCP 4.5 Climate Model"
"geoId/72005","","Aguadilla Municipio","DifferenceRelativeToBaseDate2006_Max_Temperature_RCP45","2085-02","NASA_NEXGDDP_Subnational_AggrDiffStats","https://www.nccs.nasa.gov/services/data-collections/land-based-products/nex-gddp","","Celsius","C",1.891479,"Maximum Temperature Projections Compared to 2006 for the RCP 4.5 Climate Model"
"geoId/72005","","Aguadilla Municipio","DifferenceRelativeToBaseDate2006_Max_Temperature_RCP45","2085-03","NASA_NEXGDDP_Subnational_AggrDiffStats","https://www.nccs.nasa.gov/services/data-collections/land-based-products/nex-gddp","","Celsius","C",2.026366,"Maximum Temperature Projections Compared to 2006 for the RCP 4.5 Climate Model"
"geoId/72005","","Aguadilla Municipio","DifferenceRelativeToBaseDate2006_Max_Temperature_RCP45","2085-04","NASA_NEXGDDP_Subnational_AggrDiffStats","https://www.nccs.nasa.gov/services/data-collections/land-based-products/nex-gddp","","Celsius","C",3.146361,"Maximum Temperature Projections Compared to 2006 for the RCP 4.5 Climate Model"
"geoId/72005","","Aguadilla Municipio","DifferenceRelativeToBaseDate2006_Max_Temperature_RCP45","2085-05","NASA_NEXGDDP_Subnational_AggrDiffStats","https://www.nccs.nasa.gov/services/data-collections/land-based-products/nex-gddp","","Celsius","C",3.162229,"Maximum Temperature Projections Compared to 2006 for the RCP 4.5 Climate Model"
"geoId/72005","","Aguadilla Municipio","DifferenceRelativeToBaseDate2006_Max_Temperature_RCP45","2085-06","NASA_NEXGDDP_Subnational_AggrDiffStats","https://www.nccs.nasa.gov/services/data-collections/land-based-products/nex-gddp","","Celsius","C",1.515686,"Maximum Temperature Projections Compared to 2006 for the RCP 4.5 Climate Model"
"geoId/72005","","Aguadilla Municipio","DifferenceRelativeToBaseDate2006_Max_Temperature_RCP45","2085-07","NASA_NEXGDDP_Subnational_AggrDiffStats","https://www.nccs.nasa.gov/services/data-collections/land-based-products/nex-gddp","","Celsius","C",2.012817,"Maximum Temperature Projections Compared to 2006 for the RCP 4.5 Climate Model"
"geoId/72005","","Aguadilla Municipio","DifferenceRelativeToBaseDate2006_Max_Temperature_RCP45","2085-08","NASA_NEXGDDP_Subnational_AggrDiffStats","https://www.nccs.nasa.gov/services/data-collections/land-based-products/nex-gddp","","Celsius","C",1.28295900000001,"Maximum Temperature Projections Compared to 2006 for the RCP 4.5 Climate Model"
"geoId/72005","","Aguadilla Municipio","DifferenceRelativeToBaseDate2006_Max_Temperature_RCP45","2085-09","NASA_NEXGDDP_Subnational_AggrDiffStats","https://www.nccs.nasa.gov/services/data-collections/land-based-products/nex-gddp","","Celsius","C",0.798462000000001,"Maximum Temperature Projections Compared to 2006 for the RCP 4.5 Climate Model"
"geoId/72005","","Aguadilla Municipio","DifferenceRelativeToBaseDate2006_Max_Temperature_RCP45","2085-10","NASA_NEXGDDP_Subnational_AggrDiffStats","https://www.nccs.nasa.gov/services/data-collections/land-based-products/nex-gddp","","Celsius","C",2.067688,"Maximum Temperature Projections Compared to 2006 for the RCP 4.5 Climate Model"
"geoId/72005","","Aguadilla Municipio","DifferenceRelativeToBaseDate2006_Max_Temperature_RCP45","2085-11","NASA_NEXGDDP_Subnational_AggrDiffStats","https://www.nccs.nasa.gov/services/data-collections/land-based-products/nex-gddp","","Celsius","C",1.59387,"Maximum Temperature Projections Compared to 2006 for the RCP 4.5 Climate Model"
"geoId/72005","","Aguadilla Municipio","DifferenceRelativeToBaseDate2006_Max_Temperature_RCP45","2085-12","NASA_NEXGDDP_Subnational_AggrDiffStats","https://www.nccs.nasa.gov/services/data-collections/land-based-products/nex-gddp","","Celsius","C",4.93936,"Maximum Temperature Projections Compared to 2006 for the RCP 4.5 Climate Model"
"geoId/72005","","Aguadilla Municipio","DifferenceRelativeToBaseDate2006_Max_Temperature_RCP45","2086-01","NASA_NEXGDDP_Subnational_AggrDiffStats","https://www.nccs.nasa.gov/services/data-collections/land-based-products/nex-gddp","","Celsius","C",0.280151999999998,"Maximum Temperature Projections Compared to 2006 for the RCP 4.5 Climate Model"
"geoId/72005","","Aguadilla Municipio","DifferenceRelativeToBaseDate2006_Max_Temperature_RCP45","2086-02","NASA_NEXGDDP_Subnational_AggrDiffStats","https://www.nccs.nasa.gov/services/data-collections/land-based-products/nex-gddp","","Celsius","C",6.746122,"Maximum Temperature Projections Compared to 2006 for the RCP 4.5 Climate Model"
"geoId/72005","","Aguadilla Municipio","DifferenceRelativeToBaseDate2006_Max_Temperature_RCP45","2086-03","NASA_NEXGDDP_Subnational_AggrDiffStats","https://www.nccs.nasa.gov/services/data-collections/land-based-products/nex-gddp","","Celsius","C",3.811125,"Maximum Temperature Projections Compared to 2006 for the RCP 4.5 Climate Model"
"geoId/72005","","Aguadilla Municipio","DifferenceRelativeToBaseDate2006_Max_Temperature_RCP45","2086-04","NASA_NEXGDDP_Subnational_AggrDiffStats","https://www.nccs.nasa.gov/services/data-collections/land-based-products/nex-gddp","","Celsius","C",2.066252,"Maximum Temperature Projections Compared to 2006 for the RCP 4.5 Climate Model"
"geoId/72005","","Aguadilla Municipio","DifferenceRelativeToBaseDate2006_Max_Temperature_RCP45","2086-05","NASA_NEXGDDP_Subnational_AggrDiffStats","https://www.nccs.nasa.gov/services/data-collections/land-based-products/nex-gddp","","Celsius","C",2.294615,"Maximum Temperature Projections Compared to 2006 for the RCP 4.5 Climate Model"
"geoId/72005","","Aguadilla Municipio","DifferenceRelativeToBaseDate2006_Max_Temperature_RCP45","2086-06","NASA_NEXGDDP_Subnational_AggrDiffStats","https://www.nccs.nasa.gov/services/data-collections/land-based-products/nex-gddp","","Celsius","C",1.377899,"Maximum Temperature Projections Compared to 2006 for the RCP 4.5 Climate Model"
"geoId/72005","","Aguadilla Municipio","DifferenceRelativeToBaseDate2006_Max_Temperature_RCP45","2086-07","NASA_NEXGDDP_Subnational_AggrDiffStats","https://www.nccs.nasa.gov/services/data-collections/land-based-products/nex-gddp","","Celsius","C",1.632629,"Maximum Temperature Projections Compared to 2006 for the RCP 4.5 Climate Model"
"geoId/72005","","Aguadilla Municipio","DifferenceRelativeToBaseDate2006_Max_Temperature_RCP45","2086-08","NASA_NEXGDDP_Subnational_AggrDiffStats","https://www.nccs.nasa.gov/services/data-collections/land-based-products/nex-gddp","","Celsius","C",2.309967,"Maximum Temperature Projections Compared to 2006 for the RCP 4.5 Climate Model"
"geoId/72005","","Aguadilla Municipio","DifferenceRelativeToBaseDate2006_Max_Temperature_RCP45","2086-09","NASA_NEXGDDP_Subnational_AggrDiffStats","https://www.nccs.nasa.gov/services/data-collections/land-based-products/nex-gddp","","Celsius","C",1.532654,"Maximum Temperature Projections Compared to 2006 for the RCP 4.5 Climate Model"
"geoId/72005","","Aguadilla Municipio","DifferenceRelativeToBaseDate2006_Max_Temperature_RCP45","2086-10","NASA_NEXGDDP_Subnational_AggrDiffStats","https://www.nccs.nasa.gov/services/data-collections/land-based-products/nex-gddp","","Celsius","C",1.785187,"Maximum Temperature Projections Compared to 2006 for the RCP 4.5 Climate Model"
"geoId/72005","","Aguadilla Municipio","DifferenceRelativeToBaseDate2006_Max_Temperature_RCP45","2086-11","NASA_NEXGDDP_Subnational_AggrDiffStats","https://www.nccs.nasa.gov/services/data-collections/land-based-products/nex-gddp","","Celsius","C",3.233336,"Maximum Temperature Projections Compared to 2006 for the RCP 4.5 Climate Model"
"geoId/72005","","Aguadilla Municipio","DifferenceRelativeToBaseDate2006_Max_Temperature_RCP45","2086-12","NASA_NEXGDDP_Subnational_AggrDiffStats","https://www.nccs.nasa.gov/services/data-collections/land-based-products/nex-gddp","","Celsius","C",3.690031,"Maximum Temperature Projections Compared to 2006 for the RCP 4.5 Climate Model"
"geoId/72005","","Aguadilla Municipio","DifferenceRelativeToBaseDate2006_Max_Temperature_RCP45","2087-01","NASA_NEXGDDP_Subnational_AggrDiffStats","https://www.nccs.nasa.gov/services/data-collections/land-based-products/nex-gddp","","Celsius","C",2.520109,"Maximum Temperature Projections Compared to 2006 for the RCP 4.5 Climate Model"
"geoId/72005","","Aguadilla Municipio","DifferenceRelativeToBaseDate2006_Max_Temperature_RCP45","2087-02","NASA_NEXGDDP_Subnational_AggrDiffStats","https://www.nccs.nasa.gov/services/data-collections/land-based-products/nex-gddp","","Celsius","C",7.264188,"Maximum Temperature Projections Compared to 2006 for the RCP 4.5 Climate Model"
"geoId/72005","","Aguadilla Municipio","DifferenceRelativeToBaseDate2006_Max_Temperature_RCP45","2087-03","NASA_NEXGDDP_Subnational_AggrDiffStats","https://www.nccs.nasa.gov/services/data-collections/land-based-products/nex-gddp","","Celsius","C",2.013792,"Maximum Temperature Projections Compared to 2006 for the RCP 4.5 Climate Model"
"geoId/72005","","Aguadilla Municipio","DifferenceRelativeToBaseDate2006_Max_Temperature_RCP45","2087-04","NASA_NEXGDDP_Subnational_AggrDiffStats","https://www.nccs.nasa.gov/services/data-collections/land-based-products/nex-gddp","","Celsius","C",1.816008,"Maximum Temperature Projections Compared to 2006 for the RCP 4.5 Climate Model"
"geoId/72005","","Aguadilla Municipio","DifferenceRelativeToBaseDate2006_Max_Temperature_RCP45","2087-05","NASA_NEXGDDP_Subnational_AggrDiffStats","https://www.nccs.nasa.gov/services/data-collections/land-based-products/nex-gddp","","Celsius","C",3.075071,"Maximum Temperature Projections Compared to 2006 for the RCP 4.5 Climate Model"
"geoId/72005","","Aguadilla Municipio","DifferenceRelativeToBaseDate2006_Max_Temperature_RCP45","2087-06","NASA_NEXGDDP_Subnational_AggrDiffStats","https://www.nccs.nasa.gov/services/data-collections/land-based-products/nex-gddp","","Celsius","C",2.94851600000001,"Maximum Temperature Projections Compared to 2006 for the RCP 4.5 Climate Model"
"geoId/72005","","Aguadilla Municipio","DifferenceRelativeToBaseDate2006_Max_Temperature_RCP45","2087-07","NASA_NEXGDDP_Subnational_AggrDiffStats","https://www.nccs.nasa.gov/services/data-collections/land-based-products/nex-gddp","","Celsius","C",2.12912,"Maximum Temperature Projections Compared to 2006 for the RCP 4.5 Climate Model"
"geoId/72005","","Aguadilla Municipio","DifferenceRelativeToBaseDate2006_Max_Temperature_RCP45","2087-08","NASA_NEXGDDP_Subnational_AggrDiffStats","https://www.nccs.nasa.gov/services/data-collections/land-based-products/nex-gddp","","Celsius","C",2.005645,"Maximum Temperature Projections Compared to 2006 for the RCP 4.5 Climate Model"
"geoId/72005","","Aguadilla Municipio","DifferenceRelativeToBaseDate2006_Max_Temperature_RCP45","2087-09","NASA_NEXGDDP_Subnational_AggrDiffStats","https://www.nccs.nasa.gov/services/data-collections/land-based-products/nex-gddp","","Celsius","C",1.125794,"Maximum Temperature Projections Compared to 2006 for the RCP 4.5 Climate Model"
"geoId/72005","","Aguadilla Municipio","DifferenceRelativeToBaseDate2006_Max_Temperature_RCP45","2087-10","NASA_NEXGDDP_Subnational_AggrDiffStats","https://www.nccs.nasa.gov/services/data-collections/land-based-products/nex-gddp","","Celsius","C",1.096619,"Maximum Temperature Projections Compared to 2006 for the RCP 4.5 Climate Model"
"geoId/72005","","Aguadilla Municipio","DifferenceRelativeToBaseDate2006_Max_Temperature_RCP45","2087-11","NASA_NEXGDDP_Subnational_AggrDiffStats","https://www.nccs.nasa.gov/services/data-collections/land-based-products/nex-gddp","","Celsius","C",1.943876,"Maximum Temperature Projections Compared to 2006 for the RCP 4.5 Climate Model"
"geoId/72005","","Aguadilla Municipio","DifferenceRelativeToBaseDate2006_Max_Temperature_RCP45","2087-12","NASA_NEXGDDP_Subnational_AggrDiffStats","https://www.nccs.nasa.gov/services/data-collections/land-based-products/nex-gddp","","Celsius","C",1.413176,"Maximum Temperature Projections Compared to 2006 for the RCP 4.5 Climate Model"
"geoId/72005","","Aguadilla Municipio","DifferenceRelativeToBaseDate2006_Max_Temperature_RCP45","2088-01","NASA_NEXGDDP_Subnational_AggrDiffStats","https://www.nccs.nasa.gov/services/data-collections/land-based-products/nex-gddp","","Celsius","C",2.755278,"Maximum Temperature Projections Compared to 2006 for the RCP 4.5 Climate Model"
"geoId/72005","","Aguadilla Municipio","DifferenceRelativeToBaseDate2006_Max_Temperature_RCP45","2088-02","NASA_NEXGDDP_Subnational_AggrDiffStats","https://www.nccs.nasa.gov/services/data-collections/land-based-products/nex-gddp","","Celsius","C",3.838224,"Maximum Temperature Projections Compared to 2006 for the RCP 4.5 Climate Model"
"geoId/72005","","Aguadilla Municipio","DifferenceRelativeToBaseDate2006_Max_Temperature_RCP45","2088-03","NASA_NEXGDDP_Subnational_AggrDiffStats","https://www.nccs.nasa.gov/services/data-collections/land-based-products/nex-gddp","","Celsius","C",2.131132,"Maximum Temperature Projections Compared to 2006 for the RCP 4.5 Climate Model"
"geoId/72005","","Aguadilla Municipio","DifferenceRelativeToBaseDate2006_Max_Temperature_RCP45","2088-04","NASA_NEXGDDP_Subnational_AggrDiffStats","https://www.nccs.nasa.gov/services/data-collections/land-based-products/nex-gddp","","Celsius","C",1.855803,"Maximum Temperature Projections Compared to 2006 for the RCP 4.5 Climate Model"
"geoId/72005","","Aguadilla Municipio","DifferenceRelativeToBaseDate2006_Max_Temperature_RCP45","2088-05","NASA_NEXGDDP_Subnational_AggrDiffStats","https://www.nccs.nasa.gov/services/data-collections/land-based-products/nex-gddp","","Celsius","C",2.210844,"Maximum Temperature Projections Compared to 2006 for the RCP 4.5 Climate Model"
"geoId/72005","","Aguadilla Municipio","DifferenceRelativeToBaseDate2006_Max_Temperature_RCP45","2088-06","NASA_NEXGDDP_Subnational_AggrDiffStats","https://www.nccs.nasa.gov/services/data-collections/land-based-products/nex-gddp","","Celsius","C",2.297424,"Maximum Temperature Projections Compared to 2006 for the RCP 4.5 Climate Model"
"geoId/72005","","Aguadilla Municipio","DifferenceRelativeToBaseDate2006_Max_Temperature_RCP45","2088-07","NASA_NEXGDDP_Subnational_AggrDiffStats","https://www.nccs.nasa.gov/services/data-collections/land-based-products/nex-gddp","","Celsius","C",1.546509,"Maximum Temperature Projections Compared to 2006 for the RCP 4.5 Climate Model"
"geoId/72005","","Aguadilla Municipio","DifferenceRelativeToBaseDate2006_Max_Temperature_RCP45","2088-08","NASA_NEXGDDP_Subnational_AggrDiffStats","https://www.nccs.nasa.gov/services/data-collections/land-based-products/nex-gddp","","Celsius","C",3.506225,"Maximum Temperature Projections Compared to 2006 for the RCP 4.5 Climate Model"
"geoId/72005","","Aguadilla Municipio","DifferenceRelativeToBaseDate2006_Max_Temperature_RCP45","2088-09","NASA_NEXGDDP_Subnational_AggrDiffStats","https://www.nccs.nasa.gov/services/data-collections/land-based-products/nex-gddp","","Celsius","C",2.01178,"Maximum Temperature Projections Compared to 2006 for the RCP 4.5 Climate Model"
"geoId/72005","","Aguadilla Municipio","DifferenceRelativeToBaseDate2006_Max_Temperature_RCP45","2088-10","NASA_NEXGDDP_Subnational_AggrDiffStats","https://www.nccs.nasa.gov/services/data-collections/land-based-products/nex-gddp","","Celsius","C",2.358795,"Maximum Temperature Projections Compared to 2006 for the RCP 4.5 Climate Model"
"geoId/72005","","Aguadilla Municipio","DifferenceRelativeToBaseDate2006_Max_Temperature_RCP45","2088-11","NASA_NEXGDDP_Subnational_AggrDiffStats","https://www.nccs.nasa.gov/services/data-collections/land-based-products/nex-gddp","","Celsius","C",3.887114,"Maximum Temperature Projections Compared to 2006 for the RCP 4.5 Climate Model"
"geoId/72005","","Aguadilla Municipio","DifferenceRelativeToBaseDate2006_Max_Temperature_RCP45","2088-12","NASA_NEXGDDP_Subnational_AggrDiffStats","https://www.nccs.nasa.gov/services/data-collections/land-based-products/nex-gddp","","Celsius","C",4.59976,"Maximum Temperature Projections Compared to 2006 for the RCP 4.5 Climate Model"
"geoId/72005","","Aguadilla Municipio","DifferenceRelativeToBaseDate2006_Max_Temperature_RCP45","2089-01","NASA_NEXGDDP_Subnational_AggrDiffStats","https://www.nccs.nasa.gov/services/data-collections/land-based-products/nex-gddp","","Celsius","C",3.714598,"Maximum Temperature Projections Compared to 2006 for the RCP 4.5 Climate Model"
"geoId/72005","","Aguadilla Municipio","DifferenceRelativeToBaseDate2006_Max_Temperature_RCP45","2089-02","NASA_NEXGDDP_Subnational_AggrDiffStats","https://www.nccs.nasa.gov/services/data-collections/land-based-products/nex-gddp","","Celsius","C",5.355009,"Maximum Temperature Projections Compared to 2006 for the RCP 4.5 Climate Model"
"geoId/72005","","Aguadilla Municipio","DifferenceRelativeToBaseDate2006_Max_Temperature_RCP45","2089-03","NASA_NEXGDDP_Subnational_AggrDiffStats","https://www.nccs.nasa.gov/services/data-collections/land-based-products/nex-gddp","","Celsius","C",5.706847,"Maximum Temperature Projections Compared to 2006 for the RCP 4.5 Climate Model"
"geoId/72005","","Aguadilla Municipio","DifferenceRelativeToBaseDate2006_Max_Temperature_RCP45","2089-04","NASA_NEXGDDP_Subnational_AggrDiffStats","https://www.nccs.nasa.gov/services/data-collections/land-based-products/nex-gddp","","Celsius","C",4.966948,"Maximum Temperature Projections Compared to 2006 for the RCP 4.5 Climate Model"
"geoId/72005","","Aguadilla Municipio","DifferenceRelativeToBaseDate2006_Max_Temperature_RCP45","2089-05","NASA_NEXGDDP_Subnational_AggrDiffStats","https://www.nccs.nasa.gov/services/data-collections/land-based-products/nex-gddp","","Celsius","C",4.495268,"Maximum Temperature Projections Compared to 2006 for the RCP 4.5 Climate Model"
"geoId/72005","","Aguadilla Municipio","DifferenceRelativeToBaseDate2006_Max_Temperature_RCP45","2089-06","NASA_NEXGDDP_Subnational_AggrDiffStats","https://www.nccs.nasa.gov/services/data-collections/land-based-products/nex-gddp","","Celsius","C",3.798309,"Maximum Temperature Projections Compared to 2006 for the RCP 4.5 Climate Model"
"geoId/72005","","Aguadilla Municipio","DifferenceRelativeToBaseDate2006_Max_Temperature_RCP45","2089-07","NASA_NEXGDDP_Subnational_AggrDiffStats","https://www.nccs.nasa.gov/services/data-collections/land-based-products/nex-gddp","","Celsius","C",3.587585,"Maximum Temperature Projections Compared to 2006 for the RCP 4.5 Climate Model"
"geoId/72005","","Aguadilla Municipio","DifferenceRelativeToBaseDate2006_Max_Temperature_RCP45","2089-08","NASA_NEXGDDP_Subnational_AggrDiffStats","https://www.nccs.nasa.gov/services/data-collections/land-based-products/nex-gddp","","Celsius","C",3.589721,"Maximum Temperature Projections Compared to 2006 for the RCP 4.5 Climate Model"
"geoId/72005","","Aguadilla Municipio","DifferenceRelativeToBaseDate2006_Max_Temperature_RCP45","2089-09","NASA_NEXGDDP_Subnational_AggrDiffStats","https://www.nccs.nasa.gov/services/data-collections/land-based-products/nex-gddp","","Celsius","C",1.590973,"Maximum Temperature Projections Compared to 2006 for the RCP 4.5 Climate Model"
"geoId/72005","","Aguadilla Municipio","DifferenceRelativeToBaseDate2006_Max_Temperature_RCP45","2089-10","NASA_NEXGDDP_Subnational_AggrDiffStats","https://www.nccs.nasa.gov/services/data-collections/land-based-products/nex-gddp","","Celsius","C",2.645264,"Maximum Temperature Projections Compared to 2006 for the RCP 4.5 Climate Model"
"geoId/72005","","Aguadilla Municipio","DifferenceRelativeToBaseDate2006_Max_Temperature_RCP45","2089-11","NASA_NEXGDDP_Subnational_AggrDiffStats","https://www.nccs.nasa.gov/services/data-collections/land-based-products/nex-gddp","","Celsius","C",1.586027,"Maximum Temperature Projections Compared to 2006 for the RCP 4.5 Climate Model"
"geoId/72005","","Aguadilla Municipio","DifferenceRelativeToBaseDate2006_Max_Temperature_RCP45","2089-12","NASA_NEXGDDP_Subnational_AggrDiffStats","https://www.nccs.nasa.gov/services/data-collections/land-based-products/nex-gddp","","Celsius","C",1.533842,"Maximum Temperature Projections Compared to 2006 for the RCP 4.5 Climate Model"
"geoId/72005","","Aguadilla Municipio","DifferenceRelativeToBaseDate2006_Max_Temperature_RCP45","2090-01","NASA_NEXGDDP_Subnational_AggrDiffStats","https://www.nccs.nasa.gov/services/data-collections/land-based-products/nex-gddp","","Celsius","C",2.302946,"Maximum Temperature Projections Compared to 2006 for the RCP 4.5 Climate Model"
"geoId/72005","","Aguadilla Municipio","DifferenceRelativeToBaseDate2006_Max_Temperature_RCP45","2090-02","NASA_NEXGDDP_Subnational_AggrDiffStats","https://www.nccs.nasa.gov/services/data-collections/land-based-products/nex-gddp","","Celsius","C",2.820036,"Maximum Temperature Projections Compared to 2006 for the RCP 4.5 Climate Model"
"geoId/72005","","Aguadilla Municipio","DifferenceRelativeToBaseDate2006_Max_Temperature_RCP45","2090-03","NASA_NEXGDDP_Subnational_AggrDiffStats","https://www.nccs.nasa.gov/services/data-collections/land-based-products/nex-gddp","","Celsius","C",3.539214,"Maximum Temperature Projections Compared to 2006 for the RCP 4.5 Climate Model"
"geoId/72005","","Aguadilla Municipio","DifferenceRelativeToBaseDate2006_Max_Temperature_RCP45","2090-04","NASA_NEXGDDP_Subnational_AggrDiffStats","https://www.nccs.nasa.gov/services/data-collections/land-based-products/nex-gddp","","Celsius","C",5.091155,"Maximum Temperature Projections Compared to 2006 for the RCP 4.5 Climate Model"
"geoId/72005","","Aguadilla Municipio","DifferenceRelativeToBaseDate2006_Max_Temperature_RCP45","2090-05","NASA_NEXGDDP_Subnational_AggrDiffStats","https://www.nccs.nasa.gov/services/data-collections/land-based-products/nex-gddp","","Celsius","C",1.921415,"Maximum Temperature Projections Compared to 2006 for the RCP 4.5 Climate Model"
"geoId/72005","","Aguadilla Municipio","DifferenceRelativeToBaseDate2006_Max_Temperature_RCP45","2090-06","NASA_NEXGDDP_Subnational_AggrDiffStats","https://www.nccs.nasa.gov/services/data-collections/land-based-products/nex-gddp","","Celsius","C",1.734741,"Maximum Temperature Projections Compared to 2006 for the RCP 4.5 Climate Model"
"geoId/72005","","Aguadilla Municipio","DifferenceRelativeToBaseDate2006_Max_Temperature_RCP45","2090-07","NASA_NEXGDDP_Subnational_AggrDiffStats","https://www.nccs.nasa.gov/services/data-collections/land-based-products/nex-gddp","","Celsius","C",1.305694,"Maximum Temperature Projections Compared to 2006 for the RCP 4.5 Climate Model"
"geoId/72005","","Aguadilla Municipio","DifferenceRelativeToBaseDate2006_Max_Temperature_RCP45","2090-08","NASA_NEXGDDP_Subnational_AggrDiffStats","https://www.nccs.nasa.gov/services/data-collections/land-based-products/nex-gddp","","Celsius","C",1.525665,"Maximum Temperature Projections Compared to 2006 for the RCP 4.5 Climate Model"
"geoId/72005","","Aguadilla Municipio","DifferenceRelativeToBaseDate2006_Max_Temperature_RCP45","2090-09","NASA_NEXGDDP_Subnational_AggrDiffStats","https://www.nccs.nasa.gov/services/data-collections/land-based-products/nex-gddp","","Celsius","C",0.394897999999998,"Maximum Temperature Projections Compared to 2006 for the RCP 4.5 Climate Model"
"geoId/72005","","Aguadilla Municipio","DifferenceRelativeToBaseDate2006_Max_Temperature_RCP45","2090-10","NASA_NEXGDDP_Subnational_AggrDiffStats","https://www.nccs.nasa.gov/services/data-collections/land-based-products/nex-gddp","","Celsius","C",2.787201,"Maximum Temperature Projections Compared to 2006 for the RCP 4.5 Climate Model"
"geoId/72005","","Aguadilla Municipio","DifferenceRelativeToBaseDate2006_Max_Temperature_RCP45","2090-11","NASA_NEXGDDP_Subnational_AggrDiffStats","https://www.nccs.nasa.gov/services/data-collections/land-based-products/nex-gddp","","Celsius","C",2.801451,"Maximum Temperature Projections Compared to 2006 for the RCP 4.5 Climate Model"
"geoId/72005","","Aguadilla Municipio","DifferenceRelativeToBaseDate2006_Max_Temperature_RCP45","2090-12","NASA_NEXGDDP_Subnational_AggrDiffStats","https://www.nccs.nasa.gov/services/data-collections/land-based-products/nex-gddp","","Celsius","C",1.380583,"Maximum Temperature Projections Compared to 2006 for the RCP 4.5 Climate Model"
"geoId/72005","","Aguadilla Municipio","DifferenceRelativeToBaseDate2006_Max_Temperature_RCP45","2091-01","NASA_NEXGDDP_Subnational_AggrDiffStats","https://www.nccs.nasa.gov/services/data-collections/land-based-products/nex-gddp","","Celsius","C",1.769928,"Maximum Temperature Projections Compared to 2006 for the RCP 4.5 Climate Model"
"geoId/72005","","Aguadilla Municipio","DifferenceRelativeToBaseDate2006_Max_Temperature_RCP45","2091-02","NASA_NEXGDDP_Subnational_AggrDiffStats","https://www.nccs.nasa.gov/services/data-collections/land-based-products/nex-gddp","","Celsius","C",1.137878,"Maximum Temperature Projections Compared to 2006 for the RCP 4.5 Climate Model"
"geoId/72005","","Aguadilla Municipio","DifferenceRelativeToBaseDate2006_Max_Temperature_RCP45","2091-03","NASA_NEXGDDP_Subnational_AggrDiffStats","https://www.nccs.nasa.gov/services/data-collections/land-based-products/nex-gddp","","Celsius","C",1.441038,"Maximum Temperature Projections Compared to 2006 for the RCP 4.5 Climate Model"
"geoId/72005","","Aguadilla Municipio","DifferenceRelativeToBaseDate2006_Max_Temperature_RCP45","2091-04","NASA_NEXGDDP_Subnational_AggrDiffStats","https://www.nccs.nasa.gov/services/data-collections/land-based-products/nex-gddp","","Celsius","C",2.529845,"Maximum Temperature Projections Compared to 2006 for the RCP 4.5 Climate Model"
"geoId/72005","","Aguadilla Municipio","DifferenceRelativeToBaseDate2006_Max_Temperature_RCP45","2091-05","NASA_NEXGDDP_Subnational_AggrDiffStats","https://www.nccs.nasa.gov/services/data-collections/land-based-products/nex-gddp","","Celsius","C",0.754698000000001,"Maximum Temperature Projections Compared to 2006 for the RCP 4.5 Climate Model"
"geoId/72005","","Aguadilla Municipio","DifferenceRelativeToBaseDate2006_Max_Temperature_RCP45","2091-06","NASA_NEXGDDP_Subnational_AggrDiffStats","https://www.nccs.nasa.gov/services/data-collections/land-based-products/nex-gddp","","Celsius","C",0.751220000000004,"Maximum Temperature Projections Compared to 2006 for the RCP 4.5 Climate Model"
"geoId/72005","","Aguadilla Municipio","DifferenceRelativeToBaseDate2006_Max_Temperature_RCP45","2091-07","NASA_NEXGDDP_Subnational_AggrDiffStats","https://www.nccs.nasa.gov/services/data-collections/land-based-products/nex-gddp","","Celsius","C",0.939880000000002,"Maximum Temperature Projections Compared to 2006 for the RCP 4.5 Climate Model"
"geoId/72005","","Aguadilla Municipio","DifferenceRelativeToBaseDate2006_Max_Temperature_RCP45","2091-08","NASA_NEXGDDP_Subnational_AggrDiffStats","https://www.nccs.nasa.gov/services/data-collections/land-based-products/nex-gddp","","Celsius","C",2.151245,"Maximum Temperature Projections Compared to 2006 for the RCP 4.5 Climate Model"
"geoId/72005","","Aguadilla Municipio","DifferenceRelativeToBaseDate2006_Max_Temperature_RCP45","2091-09","NASA_NEXGDDP_Subnational_AggrDiffStats","https://www.nccs.nasa.gov/services/data-collections/land-based-products/nex-gddp","","Celsius","C",0.141967999999999,"Maximum Temperature Projections Compared to 2006 for the RCP 4.5 Climate Model"
"geoId/72005","","Aguadilla Municipio","DifferenceRelativeToBaseDate2006_Max_Temperature_RCP45","2091-10","NASA_NEXGDDP_Subnational_AggrDiffStats","https://www.nccs.nasa.gov/services/data-collections/land-based-products/nex-gddp","","Celsius","C",0.348754999999997,"Maximum Temperature Projections Compared to 2006 for the RCP 4.5 Climate Model"
"geoId/72005","","Aguadilla Municipio","DifferenceRelativeToBaseDate2006_Max_Temperature_RCP45","2091-11","NASA_NEXGDDP_Subnational_AggrDiffStats","https://www.nccs.nasa.gov/services/data-collections/land-based-products/nex-gddp","","Celsius","C",1.245451,"Maximum Temperature Projections Compared to 2006 for the RCP 4.5 Climate Model"
"geoId/72005","","Aguadilla Municipio","DifferenceRelativeToBaseDate2006_Max_Temperature_RCP45","2091-12","NASA_NEXGDDP_Subnational_AggrDiffStats","https://www.nccs.nasa.gov/services/data-collections/land-based-products/nex-gddp","","Celsius","C",1.728026,"Maximum Temperature Projections Compared to 2006 for the RCP 4.5 Climate Model"
"geoId/72005","","Aguadilla Municipio","DifferenceRelativeToBaseDate2006_Max_Temperature_RCP45","2092-01","NASA_NEXGDDP_Subnational_AggrDiffStats","https://www.nccs.nasa.gov/services/data-collections/land-based-products/nex-gddp","","Celsius","C",1.414398,"Maximum Temperature Projections Compared to 2006 for the RCP 4.5 Climate Model"
"geoId/72005","","Aguadilla Municipio","DifferenceRelativeToBaseDate2006_Max_Temperature_RCP45","2092-02","NASA_NEXGDDP_Subnational_AggrDiffStats","https://www.nccs.nasa.gov/services/data-collections/land-based-products/nex-gddp","","Celsius","C",0.771819999999998,"Maximum Temperature Projections Compared to 2006 for the RCP 4.5 Climate Model"
"geoId/72005","","Aguadilla Municipio","DifferenceRelativeToBaseDate2006_Max_Temperature_RCP45","2092-03","NASA_NEXGDDP_Subnational_AggrDiffStats","https://www.nccs.nasa.gov/services/data-collections/land-based-products/nex-gddp","","Celsius","C",0.721558000000002,"Maximum Temperature Projections Compared to 2006 for the RCP 4.5 Climate Model"
"geoId/72005","","Aguadilla Municipio","DifferenceRelativeToBaseDate2006_Max_Temperature_RCP45","2092-04","NASA_NEXGDDP_Subnational_AggrDiffStats","https://www.nccs.nasa.gov/services/data-collections/land-based-products/nex-gddp","","Celsius","C",2.159544,"Maximum Temperature Projections Compared to 2006 for the RCP 4.5 Climate Model"
"geoId/72005","","Aguadilla Municipio","DifferenceRelativeToBaseDate2006_Max_Temperature_RCP45","2092-05","NASA_NEXGDDP_Subnational_AggrDiffStats","https://www.nccs.nasa.gov/services/data-collections/land-based-products/nex-gddp","","Celsius","C",2.47302,"Maximum Temperature Projections Compared to 2006 for the RCP 4.5 Climate Model"
"geoId/72005","","Aguadilla Municipio","DifferenceRelativeToBaseDate2006_Max_Temperature_RCP45","2092-06","NASA_NEXGDDP_Subnational_AggrDiffStats","https://www.nccs.nasa.gov/services/data-collections/land-based-products/nex-gddp","","Celsius","C",1.223663,"Maximum Temperature Projections Compared to 2006 for the RCP 4.5 Climate Model"
"geoId/72005","","Aguadilla Municipio","DifferenceRelativeToBaseDate2006_Max_Temperature_RCP45","2092-07","NASA_NEXGDDP_Subnational_AggrDiffStats","https://www.nccs.nasa.gov/services/data-collections/land-based-products/nex-gddp","","Celsius","C",1.06427,"Maximum Temperature Projections Compared to 2006 for the RCP 4.5 Climate Model"
"geoId/72005","","Aguadilla Municipio","DifferenceRelativeToBaseDate2006_Max_Temperature_RCP45","2092-08","NASA_NEXGDDP_Subnational_AggrDiffStats","https://www.nccs.nasa.gov/services/data-collections/land-based-products/nex-gddp","","Celsius","C",0.962310000000002,"Maximum Temperature Projections Compared to 2006 for the RCP 4.5 Climate Model"
"geoId/72005","","Aguadilla Municipio","DifferenceRelativeToBaseDate2006_Max_Temperature_RCP45","2092-09","NASA_NEXGDDP_Subnational_AggrDiffStats","https://www.nccs.nasa.gov/services/data-collections/land-based-products/nex-gddp","","Celsius","C",0.544648000000002,"Maximum Temperature Projections Compared to 2006 for the RCP 4.5 Climate Model"
"geoId/72005","","Aguadilla Municipio","DifferenceRelativeToBaseDate2006_Max_Temperature_RCP45","2092-10","NASA_NEXGDDP_Subnational_AggrDiffStats","https://www.nccs.nasa.gov/services/data-collections/land-based-products/nex-gddp","","Celsius","C",1.801941,"Maximum Temperature Projections Compared to 2006 for the RCP 4.5 Climate Model"
"geoId/72005","","Aguadilla Municipio","DifferenceRelativeToBaseDate2006_Max_Temperature_RCP45","2092-11","NASA_NEXGDDP_Subnational_AggrDiffStats","https://www.nccs.nasa.gov/services/data-collections/land-based-products/nex-gddp","","Celsius","C",2.946806,"Maximum Temperature Projections Compared to 2006 for the RCP 4.5 Climate Model"
"geoId/72005","","Aguadilla Municipio","DifferenceRelativeToBaseDate2006_Max_Temperature_RCP45","2092-12","NASA_NEXGDDP_Subnational_AggrDiffStats","https://www.nccs.nasa.gov/services/data-collections/land-based-products/nex-gddp","","Celsius","C",2.065825,"Maximum Temperature Projections Compared to 2006 for the RCP 4.5 Climate Model"
"geoId/72005","","Aguadilla Municipio","DifferenceRelativeToBaseDate2006_Max_Temperature_RCP45","2093-01","NASA_NEXGDDP_Subnational_AggrDiffStats","https://www.nccs.nasa.gov/services/data-collections/land-based-products/nex-gddp","","Celsius","C",4.81671,"Maximum Temperature Projections Compared to 2006 for the RCP 4.5 Climate Model"
"geoId/72005","","Aguadilla Municipio","DifferenceRelativeToBaseDate2006_Max_Temperature_RCP45","2093-02","NASA_NEXGDDP_Subnational_AggrDiffStats","https://www.nccs.nasa.gov/services/data-collections/land-based-products/nex-gddp","","Celsius","C",3.399412,"Maximum Temperature Projections Compared to 2006 for the RCP 4.5 Climate Model"
"geoId/72005","","Aguadilla Municipio","DifferenceRelativeToBaseDate2006_Max_Temperature_RCP45","2093-03","NASA_NEXGDDP_Subnational_AggrDiffStats","https://www.nccs.nasa.gov/services/data-collections/land-based-products/nex-gddp","","Celsius","C",3.435454,"Maximum Temperature Projections Compared to 2006 for the RCP 4.5 Climate Model"
"geoId/72005","","Aguadilla Municipio","DifferenceRelativeToBaseDate2006_Max_Temperature_RCP45","2093-04","NASA_NEXGDDP_Subnational_AggrDiffStats","https://www.nccs.nasa.gov/services/data-collections/land-based-products/nex-gddp","","Celsius","C",2.564024,"Maximum Temperature Projections Compared to 2006 for the RCP 4.5 Climate Model"
"geoId/72005","","Aguadilla Municipio","DifferenceRelativeToBaseDate2006_Max_Temperature_RCP45","2093-05","NASA_NEXGDDP_Subnational_AggrDiffStats","https://www.nccs.nasa.gov/services/data-collections/land-based-products/nex-gddp","","Celsius","C",3.459043,"Maximum Temperature Projections Compared to 2006 for the RCP 4.5 Climate Model"
"geoId/72005","","Aguadilla Municipio","DifferenceRelativeToBaseDate2006_Max_Temperature_RCP45","2093-06","NASA_NEXGDDP_Subnational_AggrDiffStats","https://www.nccs.nasa.gov/services/data-collections/land-based-products/nex-gddp","","Celsius","C",2.116546,"Maximum Temperature Projections Compared to 2006 for the RCP 4.5 Climate Model"
"geoId/72005","","Aguadilla Municipio","DifferenceRelativeToBaseDate2006_Max_Temperature_RCP45","2093-07","NASA_NEXGDDP_Subnational_AggrDiffStats","https://www.nccs.nasa.gov/services/data-collections/land-based-products/nex-gddp","","Celsius","C",1.379089,"Maximum Temperature Projections Compared to 2006 for the RCP 4.5 Climate Model"
"geoId/72005","","Aguadilla Municipio","DifferenceRelativeToBaseDate2006_Max_Temperature_RCP45","2093-08","NASA_NEXGDDP_Subnational_AggrDiffStats","https://www.nccs.nasa.gov/services/data-collections/land-based-products/nex-gddp","","Celsius","C",1.99118,"Maximum Temperature Projections Compared to 2006 for the RCP 4.5 Climate Model"
"geoId/72005","","Aguadilla Municipio","DifferenceRelativeToBaseDate2006_Max_Temperature_RCP45","2093-09","NASA_NEXGDDP_Subnational_AggrDiffStats","https://www.nccs.nasa.gov/services/data-collections/land-based-products/nex-gddp","","Celsius","C",-0.348692999999997,"Maximum Temperature Projections Compared to 2006 for the RCP 4.5 Climate Model"
"geoId/72005","","Aguadilla Municipio","DifferenceRelativeToBaseDate2006_Max_Temperature_RCP45","2093-10","NASA_NEXGDDP_Subnational_AggrDiffStats","https://www.nccs.nasa.gov/services/data-collections/land-based-products/nex-gddp","","Celsius","C",1.287018,"Maximum Temperature Projections Compared to 2006 for the RCP 4.5 Climate Model"
"geoId/72005","","Aguadilla Municipio","DifferenceRelativeToBaseDate2006_Max_Temperature_RCP45","2093-11","NASA_NEXGDDP_Subnational_AggrDiffStats","https://www.nccs.nasa.gov/services/data-collections/land-based-products/nex-gddp","","Celsius","C",1.831541,"Maximum Temperature Projections Compared to 2006 for the RCP 4.5 Climate Model"
"geoId/72005","","Aguadilla Municipio","DifferenceRelativeToBaseDate2006_Max_Temperature_RCP45","2093-12","NASA_NEXGDDP_Subnational_AggrDiffStats","https://www.nccs.nasa.gov/services/data-collections/land-based-products/nex-gddp","","Celsius","C",3.124968,"Maximum Temperature Projections Compared to 2006 for the RCP 4.5 Climate Model"
"geoId/72005","","Aguadilla Municipio","DifferenceRelativeToBaseDate2006_Max_Temperature_RCP45","2094-01","NASA_NEXGDDP_Subnational_AggrDiffStats","https://www.nccs.nasa.gov/services/data-collections/land-based-products/nex-gddp","","Celsius","C",0.955749999999998,"Maximum Temperature Projections Compared to 2006 for the RCP 4.5 Climate Model"
"geoId/72005","","Aguadilla Municipio","DifferenceRelativeToBaseDate2006_Max_Temperature_RCP45","2094-02","NASA_NEXGDDP_Subnational_AggrDiffStats","https://www.nccs.nasa.gov/services/data-collections/land-based-products/nex-gddp","","Celsius","C",1.090362,"Maximum Temperature Projections Compared to 2006 for the RCP 4.5 Climate Model"
"geoId/72005","","Aguadilla Municipio","DifferenceRelativeToBaseDate2006_Max_Temperature_RCP45","2094-03","NASA_NEXGDDP_Subnational_AggrDiffStats","https://www.nccs.nasa.gov/services/data-collections/land-based-products/nex-gddp","","Celsius","C",2.161345,"Maximum Temperature Projections Compared to 2006 for the RCP 4.5 Climate Model"
"geoId/72005","","Aguadilla Municipio","DifferenceRelativeToBaseDate2006_Max_Temperature_RCP45","2094-04","NASA_NEXGDDP_Subnational_AggrDiffStats","https://www.nccs.nasa.gov/services/data-collections/land-based-products/nex-gddp","","Celsius","C",1.927275,"Maximum Temperature Projections Compared to 2006 for the RCP 4.5 Climate Model"
"geoId/72005","","Aguadilla Municipio","DifferenceRelativeToBaseDate2006_Max_Temperature_RCP45","2094-05","NASA_NEXGDDP_Subnational_AggrDiffStats","https://www.nccs.nasa.gov/services/data-collections/land-based-products/nex-gddp","","Celsius","C",1.172727,"Maximum Temperature Projections Compared to 2006 for the RCP 4.5 Climate Model"
"geoId/72005","","Aguadilla Municipio","DifferenceRelativeToBaseDate2006_Max_Temperature_RCP45","2094-06","NASA_NEXGDDP_Subnational_AggrDiffStats","https://www.nccs.nasa.gov/services/data-collections/land-based-products/nex-gddp","","Celsius","C",1.068237,"Maximum Temperature Projections Compared to 2006 for the RCP 4.5 Climate Model"
"geoId/72005","","Aguadilla Municipio","DifferenceRelativeToBaseDate2006_Max_Temperature_RCP45","2094-07","NASA_NEXGDDP_Subnational_AggrDiffStats","https://www.nccs.nasa.gov/services/data-collections/land-based-products/nex-gddp","","Celsius","C",0.843628000000002,"Maximum Temperature Projections Compared to 2006 for the RCP 4.5 Climate Model"
"geoId/72005","","Aguadilla Municipio","DifferenceRelativeToBaseDate2006_Max_Temperature_RCP45","2094-08","NASA_NEXGDDP_Subnational_AggrDiffStats","https://www.nccs.nasa.gov/services/data-collections/land-based-products/nex-gddp","","Celsius","C",1.677185,"Maximum Temperature Projections Compared to 2006 for the RCP 4.5 Climate Model"
"geoId/72005","","Aguadilla Municipio","DifferenceRelativeToBaseDate2006_Max_Temperature_RCP45","2094-09","NASA_NEXGDDP_Subnational_AggrDiffStats","https://www.nccs.nasa.gov/services/data-collections/land-based-products/nex-gddp","","Celsius","C",-0.520598999999997,"Maximum Temperature Projections Compared to 2006 for the RCP 4.5 Climate Model"
"geoId/72005","","Aguadilla Municipio","DifferenceRelativeToBaseDate2006_Max_Temperature_RCP45","2094-10","NASA_NEXGDDP_Subnational_AggrDiffStats","https://www.nccs.nasa.gov/services/data-collections/land-based-products/nex-gddp","","Celsius","C",0.0173649999999981,"Maximum Temperature Projections Compared to 2006 for the RCP 4.5 Climate Model"
"geoId/72005","","Aguadilla Municipio","DifferenceRelativeToBaseDate2006_Max_Temperature_RCP45","2094-11","NASA_NEXGDDP_Subnational_AggrDiffStats","https://www.nccs.nasa.gov/services/data-collections/land-based-products/nex-gddp","","Celsius","C",1.173948,"Maximum Temperature Projections Compared to 2006 for the RCP 4.5 Climate Model"
"geoId/72005","","Aguadilla Municipio","DifferenceRelativeToBaseDate2006_Max_Temperature_RCP45","2094-12","NASA_NEXGDDP_Subnational_AggrDiffStats","https://www.nccs.nasa.gov/services/data-collections/land-based-products/nex-gddp","","Celsius","C",2.600432,"Maximum Temperature Projections Compared to 2006 for the RCP 4.5 Climate Model"
"geoId/72005","","Aguadilla Municipio","DifferenceRelativeToBaseDate2006_Max_Temperature_RCP45","2095-01","NASA_NEXGDDP_Subnational_AggrDiffStats","https://www.nccs.nasa.gov/services/data-collections/land-based-products/nex-gddp","","Celsius","C",1.91461,"Maximum Temperature Projections Compared to 2006 for the RCP 4.5 Climate Model"
"geoId/72005","","Aguadilla Municipio","DifferenceRelativeToBaseDate2006_Max_Temperature_RCP45","2095-02","NASA_NEXGDDP_Subnational_AggrDiffStats","https://www.nccs.nasa.gov/services/data-collections/land-based-products/nex-gddp","","Celsius","C",4.833341,"Maximum Temperature Projections Compared to 2006 for the RCP 4.5 Climate Model"
"geoId/72005","","Aguadilla Municipio","DifferenceRelativeToBaseDate2006_Max_Temperature_RCP45","2095-03","NASA_NEXGDDP_Subnational_AggrDiffStats","https://www.nccs.nasa.gov/services/data-collections/land-based-products/nex-gddp","","Celsius","C",3.441313,"Maximum Temperature Projections Compared to 2006 for the RCP 4.5 Climate Model"
"geoId/72005","","Aguadilla Municipio","DifferenceRelativeToBaseDate2006_Max_Temperature_RCP45","2095-04","NASA_NEXGDDP_Subnational_AggrDiffStats","https://www.nccs.nasa.gov/services/data-collections/land-based-products/nex-gddp","","Celsius","C",5.5166,"Maximum Temperature Projections Compared to 2006 for the RCP 4.5 Climate Model"
"geoId/72005","","Aguadilla Municipio","DifferenceRelativeToBaseDate2006_Max_Temperature_RCP45","2095-05","NASA_NEXGDDP_Subnational_AggrDiffStats","https://www.nccs.nasa.gov/services/data-collections/land-based-products/nex-gddp","","Celsius","C",4.720945,"Maximum Temperature Projections Compared to 2006 for the RCP 4.5 Climate Model"
"geoId/72005","","Aguadilla Municipio","DifferenceRelativeToBaseDate2006_Max_Temperature_RCP45","2095-06","NASA_NEXGDDP_Subnational_AggrDiffStats","https://www.nccs.nasa.gov/services/data-collections/land-based-products/nex-gddp","","Celsius","C",2.417511,"Maximum Temperature Projections Compared to 2006 for the RCP 4.5 Climate Model"
"geoId/72005","","Aguadilla Municipio","DifferenceRelativeToBaseDate2006_Max_Temperature_RCP45","2095-07","NASA_NEXGDDP_Subnational_AggrDiffStats","https://www.nccs.nasa.gov/services/data-collections/land-based-products/nex-gddp","","Celsius","C",3.504455,"Maximum Temperature Projections Compared to 2006 for the RCP 4.5 Climate Model"
"geoId/72005","","Aguadilla Municipio","DifferenceRelativeToBaseDate2006_Max_Temperature_RCP45","2095-08","NASA_NEXGDDP_Subnational_AggrDiffStats","https://www.nccs.nasa.gov/services/data-collections/land-based-products/nex-gddp","","Celsius","C",3.78958100000001,"Maximum Temperature Projections Compared to 2006 for the RCP 4.5 Climate Model"
"geoId/72005","","Aguadilla Municipio","DifferenceRelativeToBaseDate2006_Max_Temperature_RCP45","2095-09","NASA_NEXGDDP_Subnational_AggrDiffStats","https://www.nccs.nasa.gov/services/data-collections/land-based-products/nex-gddp","","Celsius","C",3.140473,"Maximum Temperature Projections Compared to 2006 for the RCP 4.5 Climate Model"
"geoId/72005","","Aguadilla Municipio","DifferenceRelativeToBaseDate2006_Max_Temperature_RCP45","2095-10","NASA_NEXGDDP_Subnational_AggrDiffStats","https://www.nccs.nasa.gov/services/data-collections/land-based-products/nex-gddp","","Celsius","C",3.817292,"Maximum Temperature Projections Compared to 2006 for the RCP 4.5 Climate Model"
"geoId/72005","","Aguadilla Municipio","DifferenceRelativeToBaseDate2006_Max_Temperature_RCP45","2095-11","NASA_NEXGDDP_Subnational_AggrDiffStats","https://www.nccs.nasa.gov/services/data-collections/land-based-products/nex-gddp","","Celsius","C",3.10446,"Maximum Temperature Projections Compared to 2006 for the RCP 4.5 Climate Model"
"geoId/72005","","Aguadilla Municipio","DifferenceRelativeToBaseDate2006_Max_Temperature_RCP45","2095-12","NASA_NEXGDDP_Subnational_AggrDiffStats","https://www.nccs.nasa.gov/services/data-collections/land-based-products/nex-gddp","","Celsius","C",2.802702,"Maximum Temperature Projections Compared to 2006 for the RCP 4.5 Climate Model"
"geoId/72005","","Aguadilla Municipio","DifferenceRelativeToBaseDate2006_Max_Temperature_RCP45","2096-01","NASA_NEXGDDP_Subnational_AggrDiffStats","https://www.nccs.nasa.gov/services/data-collections/land-based-products/nex-gddp","","Celsius","C",2.673887,"Maximum Temperature Projections Compared to 2006 for the RCP 4.5 Climate Model"
"geoId/72005","","Aguadilla Municipio","DifferenceRelativeToBaseDate2006_Max_Temperature_RCP45","2096-02","NASA_NEXGDDP_Subnational_AggrDiffStats","https://www.nccs.nasa.gov/services/data-collections/land-based-products/nex-gddp","","Celsius","C",2.046142,"Maximum Temperature Projections Compared to 2006 for the RCP 4.5 Climate Model"
"geoId/72005","","Aguadilla Municipio","DifferenceRelativeToBaseDate2006_Max_Temperature_RCP45","2096-03","NASA_NEXGDDP_Subnational_AggrDiffStats","https://www.nccs.nasa.gov/services/data-collections/land-based-products/nex-gddp","","Celsius","C",1.420683,"Maximum Temperature Projections Compared to 2006 for the RCP 4.5 Climate Model"
"geoId/72005","","Aguadilla Municipio","DifferenceRelativeToBaseDate2006_Max_Temperature_RCP45","2096-04","NASA_NEXGDDP_Subnational_AggrDiffStats","https://www.nccs.nasa.gov/services/data-collections/land-based-products/nex-gddp","","Celsius","C",1.549284,"Maximum Temperature Projections Compared to 2006 for the RCP 4.5 Climate Model"
"geoId/72005","","Aguadilla Municipio","DifferenceRelativeToBaseDate2006_Max_Temperature_RCP45","2096-05","NASA_NEXGDDP_Subnational_AggrDiffStats","https://www.nccs.nasa.gov/services/data-collections/land-based-products/nex-gddp","","Celsius","C",3.706724,"Maximum Temperature Projections Compared to 2006 for the RCP 4.5 Climate Model"
"geoId/72005","","Aguadilla Municipio","DifferenceRelativeToBaseDate2006_Max_Temperature_RCP45","2096-06","NASA_NEXGDDP_Subnational_AggrDiffStats","https://www.nccs.nasa.gov/services/data-collections/land-based-products/nex-gddp","","Celsius","C",2.646942,"Maximum Temperature Projections Compared to 2006 for the RCP 4.5 Climate Model"
"geoId/72005","","Aguadilla Municipio","DifferenceRelativeToBaseDate2006_Max_Temperature_RCP45","2096-07","NASA_NEXGDDP_Subnational_AggrDiffStats","https://www.nccs.nasa.gov/services/data-collections/land-based-products/nex-gddp","","Celsius","C",1.557739,"Maximum Temperature Projections Compared to 2006 for the RCP 4.5 Climate Model"
"geoId/72005","","Aguadilla Municipio","DifferenceRelativeToBaseDate2006_Max_Temperature_RCP45","2096-08","NASA_NEXGDDP_Subnational_AggrDiffStats","https://www.nccs.nasa.gov/services/data-collections/land-based-products/nex-gddp","","Celsius","C",2.02496300000001,"Maximum Temperature Projections Compared to 2006 for the RCP 4.5 Climate Model"
"geoId/72005","","Aguadilla Municipio","DifferenceRelativeToBaseDate2006_Max_Temperature_RCP45","2096-09","NASA_NEXGDDP_Subnational_AggrDiffStats","https://www.nccs.nasa.gov/services/data-collections/land-based-products/nex-gddp","","Celsius","C",0.643433000000002,"Maximum Temperature Projections Compared to 2006 for the RCP 4.5 Climate Model"
"geoId/72005","","Aguadilla Municipio","DifferenceRelativeToBaseDate2006_Max_Temperature_RCP45","2096-10","NASA_NEXGDDP_Subnational_AggrDiffStats","https://www.nccs.nasa.gov/services/data-collections/land-based-products/nex-gddp","","Celsius","C",1.421326,"Maximum Temperature Projections Compared to 2006 for the RCP 4.5 Climate Model"
"geoId/72005","","Aguadilla Municipio","DifferenceRelativeToBaseDate2006_Max_Temperature_RCP45","2096-11","NASA_NEXGDDP_Subnational_AggrDiffStats","https://www.nccs.nasa.gov/services/data-collections/land-based-products/nex-gddp","","Celsius","C",1.325865,"Maximum Temperature Projections Compared to 2006 for the RCP 4.5 Climate Model"
"geoId/72005","","Aguadilla Municipio","DifferenceRelativeToBaseDate2006_Max_Temperature_RCP45","2096-12","NASA_NEXGDDP_Subnational_AggrDiffStats","https://www.nccs.nasa.gov/services/data-collections/land-based-products/nex-gddp","","Celsius","C",1.558012,"Maximum Temperature Projections Compared to 2006 for the RCP 4.5 Climate Model"
"geoId/72005","","Aguadilla Municipio","DifferenceRelativeToBaseDate2006_Max_Temperature_RCP45","2097-01","NASA_NEXGDDP_Subnational_AggrDiffStats","https://www.nccs.nasa.gov/services/data-collections/land-based-products/nex-gddp","","Celsius","C",0.824065999999998,"Maximum Temperature Projections Compared to 2006 for the RCP 4.5 Climate Model"
"geoId/72005","","Aguadilla Municipio","DifferenceRelativeToBaseDate2006_Max_Temperature_RCP45","2097-02","NASA_NEXGDDP_Subnational_AggrDiffStats","https://www.nccs.nasa.gov/services/data-collections/land-based-products/nex-gddp","","Celsius","C",1.712982,"Maximum Temperature Projections Compared to 2006 for the RCP 4.5 Climate Model"
"geoId/72005","","Aguadilla Municipio","DifferenceRelativeToBaseDate2006_Max_Temperature_RCP45","2097-03","NASA_NEXGDDP_Subnational_AggrDiffStats","https://www.nccs.nasa.gov/services/data-collections/land-based-products/nex-gddp","","Celsius","C",1.66812,"Maximum Temperature Projections Compared to 2006 for the RCP 4.5 Climate Model"
"geoId/72005","","Aguadilla Municipio","DifferenceRelativeToBaseDate2006_Max_Temperature_RCP45","2097-04","NASA_NEXGDDP_Subnational_AggrDiffStats","https://www.nccs.nasa.gov/services/data-collections/land-based-products/nex-gddp","","Celsius","C",2.223998,"Maximum Temperature Projections Compared to 2006 for the RCP 4.5 Climate Model"
"geoId/72005","","Aguadilla Municipio","DifferenceRelativeToBaseDate2006_Max_Temperature_RCP45","2097-05","NASA_NEXGDDP_Subnational_AggrDiffStats","https://www.nccs.nasa.gov/services/data-collections/land-based-products/nex-gddp","","Celsius","C",1.130033,"Maximum Temperature Projections Compared to 2006 for the RCP 4.5 Climate Model"
"geoId/72005","","Aguadilla Municipio","DifferenceRelativeToBaseDate2006_Max_Temperature_RCP45","2097-06","NASA_NEXGDDP_Subnational_AggrDiffStats","https://www.nccs.nasa.gov/services/data-collections/land-based-products/nex-gddp","","Celsius","C",0.984893,"Maximum Temperature Projections Compared to 2006 for the RCP 4.5 Climate Model"
"geoId/72005","","Aguadilla Municipio","DifferenceRelativeToBaseDate2006_Max_Temperature_RCP45","2097-07","NASA_NEXGDDP_Subnational_AggrDiffStats","https://www.nccs.nasa.gov/services/data-collections/land-based-products/nex-gddp","","Celsius","C",2.164642,"Maximum Temperature Projections Compared to 2006 for the RCP 4.5 Climate Model"
"geoId/72005","","Aguadilla Municipio","DifferenceRelativeToBaseDate2006_Max_Temperature_RCP45","2097-08","NASA_NEXGDDP_Subnational_AggrDiffStats","https://www.nccs.nasa.gov/services/data-collections/land-based-products/nex-gddp","","Celsius","C",1.454467,"Maximum Temperature Projections Compared to 2006 for the RCP 4.5 Climate Model"
"geoId/72005","","Aguadilla Municipio","DifferenceRelativeToBaseDate2006_Max_Temperature_RCP45","2097-09","NASA_NEXGDDP_Subnational_AggrDiffStats","https://www.nccs.nasa.gov/services/data-collections/land-based-products/nex-gddp","","Celsius","C",0.405732,"Maximum Temperature Projections Compared to 2006 for the RCP 4.5 Climate Model"
"geoId/72005","","Aguadilla Municipio","DifferenceRelativeToBaseDate2006_Max_Temperature_RCP45","2097-10","NASA_NEXGDDP_Subnational_AggrDiffStats","https://www.nccs.nasa.gov/services/data-collections/land-based-products/nex-gddp","","Celsius","C",2.636139,"Maximum Temperature Projections Compared to 2006 for the RCP 4.5 Climate Model"
"geoId/72005","","Aguadilla Municipio","DifferenceRelativeToBaseDate2006_Max_Temperature_RCP45","2097-11","NASA_NEXGDDP_Subnational_AggrDiffStats","https://www.nccs.nasa.gov/services/data-collections/land-based-products/nex-gddp","","Celsius","C",3.333677,"Maximum Temperature Projections Compared to 2006 for the RCP 4.5 Climate Model"
"geoId/72005","","Aguadilla Municipio","DifferenceRelativeToBaseDate2006_Max_Temperature_RCP45","2097-12","NASA_NEXGDDP_Subnational_AggrDiffStats","https://www.nccs.nasa.gov/services/data-collections/land-based-products/nex-gddp","","Celsius","C",1.691038,"Maximum Temperature Projections Compared to 2006 for the RCP 4.5 Climate Model"
"geoId/72005","","Aguadilla Municipio","DifferenceRelativeToBaseDate2006_Max_Temperature_RCP45","2098-01","NASA_NEXGDDP_Subnational_AggrDiffStats","https://www.nccs.nasa.gov/services/data-collections/land-based-products/nex-gddp","","Celsius","C",2.037657,"Maximum Temperature Projections Compared to 2006 for the RCP 4.5 Climate Model"
"geoId/72005","","Aguadilla Municipio","DifferenceRelativeToBaseDate2006_Max_Temperature_RCP45","2098-02","NASA_NEXGDDP_Subnational_AggrDiffStats","https://www.nccs.nasa.gov/services/data-collections/land-based-products/nex-gddp","","Celsius","C",4.575925,"Maximum Temperature Projections Compared to 2006 for the RCP 4.5 Climate Model"
"geoId/72005","","Aguadilla Municipio","DifferenceRelativeToBaseDate2006_Max_Temperature_RCP45","2098-03","NASA_NEXGDDP_Subnational_AggrDiffStats","https://www.nccs.nasa.gov/services/data-collections/land-based-products/nex-gddp","","Celsius","C",4.977141,"Maximum Temperature Projections Compared to 2006 for the RCP 4.5 Climate Model"
"geoId/72005","","Aguadilla Municipio","DifferenceRelativeToBaseDate2006_Max_Temperature_RCP45","2098-04","NASA_NEXGDDP_Subnational_AggrDiffStats","https://www.nccs.nasa.gov/services/data-collections/land-based-products/nex-gddp","","Celsius","C",5.558409,"Maximum Temperature Projections Compared to 2006 for the RCP 4.5 Climate Model"
"geoId/72005","","Aguadilla Municipio","DifferenceRelativeToBaseDate2006_Max_Temperature_RCP45","2098-05","NASA_NEXGDDP_Subnational_AggrDiffStats","https://www.nccs.nasa.gov/services/data-collections/land-based-products/nex-gddp","","Celsius","C",2.81973,"Maximum Temperature Projections Compared to 2006 for the RCP 4.5 Climate Model"
"geoId/72005","","Aguadilla Municipio","DifferenceRelativeToBaseDate2006_Max_Temperature_RCP45","2098-06","NASA_NEXGDDP_Subnational_AggrDiffStats","https://www.nccs.nasa.gov/services/data-collections/land-based-products/nex-gddp","","Celsius","C",1.604431,"Maximum Temperature Projections Compared to 2006 for the RCP 4.5 Climate Model"
"geoId/72005","","Aguadilla Municipio","DifferenceRelativeToBaseDate2006_Max_Temperature_RCP45","2098-07","NASA_NEXGDDP_Subnational_AggrDiffStats","https://www.nccs.nasa.gov/services/data-collections/land-based-products/nex-gddp","","Celsius","C",1.852295,"Maximum Temperature Projections Compared to 2006 for the RCP 4.5 Climate Model"
"geoId/72005","","Aguadilla Municipio","DifferenceRelativeToBaseDate2006_Max_Temperature_RCP45","2098-08","NASA_NEXGDDP_Subnational_AggrDiffStats","https://www.nccs.nasa.gov/services/data-collections/land-based-products/nex-gddp","","Celsius","C",2.055847,"Maximum Temperature Projections Compared to 2006 for the RCP 4.5 Climate Model"
"geoId/72005","","Aguadilla Municipio","DifferenceRelativeToBaseDate2006_Max_Temperature_RCP45","2098-09","NASA_NEXGDDP_Subnational_AggrDiffStats","https://www.nccs.nasa.gov/services/data-collections/land-based-products/nex-gddp","","Celsius","C",0.719666000000004,"Maximum Temperature Projections Compared to 2006 for the RCP 4.5 Climate Model"
"geoId/72005","","Aguadilla Municipio","DifferenceRelativeToBaseDate2006_Max_Temperature_RCP45","2098-10","NASA_NEXGDDP_Subnational_AggrDiffStats","https://www.nccs.nasa.gov/services/data-collections/land-based-products/nex-gddp","","Celsius","C",2.047425,"Maximum Temperature Projections Compared to 2006 for the RCP 4.5 Climate Model"
"geoId/72005","","Aguadilla Municipio","DifferenceRelativeToBaseDate2006_Max_Temperature_RCP45","2098-11","NASA_NEXGDDP_Subnational_AggrDiffStats","https://www.nccs.nasa.gov/services/data-collections/land-based-products/nex-gddp","","Celsius","C",2.323759,"Maximum Temperature Projections Compared to 2006 for the RCP 4.5 Climate Model"
"geoId/72005","","Aguadilla Municipio","DifferenceRelativeToBaseDate2006_Max_Temperature_RCP45","2098-12","NASA_NEXGDDP_Subnational_AggrDiffStats","https://www.nccs.nasa.gov/services/data-collections/land-based-products/nex-gddp","","Celsius","C",2.425078,"Maximum Temperature Projections Compared to 2006 for the RCP 4.5 Climate Model"
"geoId/72005","","Aguadilla Municipio","DifferenceRelativeToBaseDate2006_Max_Temperature_RCP45","2099-01","NASA_NEXGDDP_Subnational_AggrDiffStats","https://www.nccs.nasa.gov/services/data-collections/land-based-products/nex-gddp","","Celsius","C",2.334318,"Maximum Temperature Projections Compared to 2006 for the RCP 4.5 Climate Model"
"geoId/72005","","Aguadilla Municipio","DifferenceRelativeToBaseDate2006_Max_Temperature_RCP45","2099-02","NASA_NEXGDDP_Subnational_AggrDiffStats","https://www.nccs.nasa.gov/services/data-collections/land-based-products/nex-gddp","","Celsius","C",3.947752,"Maximum Temperature Projections Compared to 2006 for the RCP 4.5 Climate Model"
"geoId/72005","","Aguadilla Municipio","DifferenceRelativeToBaseDate2006_Max_Temperature_RCP45","2099-03","NASA_NEXGDDP_Subnational_AggrDiffStats","https://www.nccs.nasa.gov/services/data-collections/land-based-products/nex-gddp","","Celsius","C",2.221342,"Maximum Temperature Projections Compared to 2006 for the RCP 4.5 Climate Model"
"geoId/72005","","Aguadilla Municipio","DifferenceRelativeToBaseDate2006_Max_Temperature_RCP45","2099-04","NASA_NEXGDDP_Subnational_AggrDiffStats","https://www.nccs.nasa.gov/services/data-collections/land-based-products/nex-gddp","","Celsius","C",3.545653,"Maximum Temperature Projections Compared to 2006 for the RCP 4.5 Climate Model"
"geoId/72005","","Aguadilla Municipio","DifferenceRelativeToBaseDate2006_Max_Temperature_RCP45","2099-05","NASA_NEXGDDP_Subnational_AggrDiffStats","https://www.nccs.nasa.gov/services/data-collections/land-based-products/nex-gddp","","Celsius","C",4.477995,"Maximum Temperature Projections Compared to 2006 for the RCP 4.5 Climate Model"
"geoId/72005","","Aguadilla Municipio","DifferenceRelativeToBaseDate2006_Max_Temperature_RCP45","2099-06","NASA_NEXGDDP_Subnational_AggrDiffStats","https://www.nccs.nasa.gov/services/data-collections/land-based-products/nex-gddp","","Celsius","C",2.238494,"Maximum Temperature Projections Compared to 2006 for the RCP 4.5 Climate Model"
"geoId/72005","","Aguadilla Municipio","DifferenceRelativeToBaseDate2006_Max_Temperature_RCP45","2099-07","NASA_NEXGDDP_Subnational_AggrDiffStats","https://www.nccs.nasa.gov/services/data-collections/land-based-products/nex-gddp","","Celsius","C",2.517029,"Maximum Temperature Projections Compared to 2006 for the RCP 4.5 Climate Model"
"geoId/72005","","Aguadilla Municipio","DifferenceRelativeToBaseDate2006_Max_Temperature_RCP45","2099-08","NASA_NEXGDDP_Subnational_AggrDiffStats","https://www.nccs.nasa.gov/services/data-collections/land-based-products/nex-gddp","","Celsius","C",2.305114,"Maximum Temperature Projections Compared to 2006 for the RCP 4.5 Climate Model"
"geoId/72005","","Aguadilla Municipio","DifferenceRelativeToBaseDate2006_Max_Temperature_RCP45","2099-09","NASA_NEXGDDP_Subnational_AggrDiffStats","https://www.nccs.nasa.gov/services/data-collections/land-based-products/nex-gddp","","Celsius","C",0.953217000000002,"Maximum Temperature Projections Compared to 2006 for the RCP 4.5 Climate Model"
"geoId/72005","","Aguadilla Municipio","DifferenceRelativeToBaseDate2006_Max_Temperature_RCP45","2099-10","NASA_NEXGDDP_Subnational_AggrDiffStats","https://www.nccs.nasa.gov/services/data-collections/land-based-products/nex-gddp","","Celsius","C",2.200501,"Maximum Temperature Projections Compared to 2006 for the RCP 4.5 Climate Model"
"geoId/72005","","Aguadilla Municipio","DifferenceRelativeToBaseDate2006_Max_Temperature_RCP45","2099-11","NASA_NEXGDDP_Subnational_AggrDiffStats","https://www.nccs.nasa.gov/services/data-collections/land-based-products/nex-gddp","","Celsius","C",3.069121,"Maximum Temperature Projections Compared to 2006 for the RCP 4.5 Climate Model"
"geoId/72005","","Aguadilla Municipio","DifferenceRelativeToBaseDate2006_Max_Temperature_RCP45","2099-12","NASA_NEXGDDP_Subnational_AggrDiffStats","https://www.nccs.nasa.gov/services/data-collections/land-based-products/nex-gddp","","Celsius","C",2.882658,"Maximum Temperature Projections Compared to 2006 for the RCP 4.5 Climate Model"
"geoId/72005","","Aguadilla Municipio","DifferenceRelativeToBaseDate2006_Max_Temperature_RCP45","2100-01","NASA_NEXGDDP_Subnational_AggrDiffStats","https://www.nccs.nasa.gov/services/data-collections/land-based-products/nex-gddp","","Celsius","C",1.532013,"Maximum Temperature Projections Compared to 2006 for the RCP 4.5 Climate Model"
"geoId/72005","","Aguadilla Municipio","DifferenceRelativeToBaseDate2006_Max_Temperature_RCP45","2100-02","NASA_NEXGDDP_Subnational_AggrDiffStats","https://www.nccs.nasa.gov/services/data-collections/land-based-products/nex-gddp","","Celsius","C",2.571073,"Maximum Temperature Projections Compared to 2006 for the RCP 4.5 Climate Model"
"geoId/72005","","Aguadilla Municipio","DifferenceRelativeToBaseDate2006_Max_Temperature_RCP45","2100-03","NASA_NEXGDDP_Subnational_AggrDiffStats","https://www.nccs.nasa.gov/services/data-collections/land-based-products/nex-gddp","","Celsius","C",2.100615,"Maximum Temperature Projections Compared to 2006 for the RCP 4.5 Climate Model"
"geoId/72005","","Aguadilla Municipio","DifferenceRelativeToBaseDate2006_Max_Temperature_RCP45","2100-04","NASA_NEXGDDP_Subnational_AggrDiffStats","https://www.nccs.nasa.gov/services/data-collections/land-based-products/nex-gddp","","Celsius","C",3.004393,"Maximum Temperature Projections Compared to 2006 for the RCP 4.5 Climate Model"
"geoId/72005","","Aguadilla Municipio","DifferenceRelativeToBaseDate2006_Max_Temperature_RCP45","2100-05","NASA_NEXGDDP_Subnational_AggrDiffStats","https://www.nccs.nasa.gov/services/data-collections/land-based-products/nex-gddp","","Celsius","C",1.506803,"Maximum Temperature Projections Compared to 2006 for the RCP 4.5 Climate Model"
"geoId/72005","","Aguadilla Municipio","DifferenceRelativeToBaseDate2006_Max_Temperature_RCP45","2100-06","NASA_NEXGDDP_Subnational_AggrDiffStats","https://www.nccs.nasa.gov/services/data-collections/land-based-products/nex-gddp","","Celsius","C",2.178375,"Maximum Temperature Projections Compared to 2006 for the RCP 4.5 Climate Model"
"geoId/72005","","Aguadilla Municipio","DifferenceRelativeToBaseDate2006_Max_Temperature_RCP45","2100-07","NASA_NEXGDDP_Subnational_AggrDiffStats","https://www.nccs.nasa.gov/services/data-collections/land-based-products/nex-gddp","","Celsius","C",2.016571,"Maximum Temperature Projections Compared to 2006 for the RCP 4.5 Climate Model"
"geoId/72005","","Aguadilla Municipio","DifferenceRelativeToBaseDate2006_Max_Temperature_RCP45","2100-08","NASA_NEXGDDP_Subnational_AggrDiffStats","https://www.nccs.nasa.gov/services/data-collections/land-based-products/nex-gddp","","Celsius","C",2.665741,"Maximum Temperature Projections Compared to 2006 for the RCP 4.5 Climate Model"
"geoId/72005","","Aguadilla Municipio","DifferenceRelativeToBaseDate2006_Max_Temperature_RCP45","2100-09","NASA_NEXGDDP_Subnational_AggrDiffStats","https://www.nccs.nasa.gov/services/data-collections/land-based-products/nex-gddp","","Celsius","C",2.165894,"Maximum Temperature Projections Compared to 2006 for the RCP 4.5 Climate Model"
"geoId/72005","","Aguadilla Municipio","DifferenceRelativeToBaseDate2006_Max_Temperature_RCP45","2100-10","NASA_NEXGDDP_Subnational_AggrDiffStats","https://www.nccs.nasa.gov/services/data-collections/land-based-products/nex-gddp","","Celsius","C",1.561402,"Maximum Temperature Projections Compared to 2006 for the RCP 4.5 Climate Model"
"geoId/72005","","Aguadilla Municipio","DifferenceRelativeToBaseDate2006_Max_Temperature_RCP45","2100-11","NASA_NEXGDDP_Subnational_AggrDiffStats","https://www.nccs.nasa.gov/services/data-collections/land-based-products/nex-gddp","","Celsius","C",3.11038,"Maximum Temperature Projections Compared to 2006 for the RCP 4.5 Climate Model"
"geoId/72005","","Aguadilla Municipio","DifferenceRelativeToBaseDate2006_Max_Temperature_RCP45","2100-12","NASA_NEXGDDP_Subnational_AggrDiffStats","https://www.nccs.nasa.gov/services/data-collections/land-based-products/nex-gddp","","Celsius","C",2.954252,"Maximum Temperature Projections Compared to 2006 for the RCP 4.5 Climate Model"